Starting the WebSocket server on port 6003...
Starting the WebSocket server on port 6003...
Starting the WebSocket server on port 6003...
Starting the WebSocket server on port 6003...
New connection opened for app key simrs_key_harry141312.
Connection id 808971312.370650191 sending message {"event":"pusher:connection_established","data":"{\"socket_id\":\"808971312.370650191\",\"activity_timeout\":30}"}
simrs: connection id 808971312.370650191 received message: {"event":"pusher:subscribe","data":{"auth":"","channel":"public.playground.1"}}.
Connection id 808971312.370650191 sending message {"event":"pusher_internal:subscription_succeeded","channel":"public.playground.1"}
simrs: connection id 808971312.370650191 received message: {"event":"pusher:ping","data":{}}.
Connection id 808971312.370650191 sending message {"event":"pusher:pong"}
Unhandled promise rejection with TypeError: React\Http\Io\ClientRequestStream::closeError(): Argument #1 ($error) must be of type Exception, Error given, called in /var/www/vendor/react/promise/src/Internal/RejectedPromise.php on line 73 and defined in /var/www/vendor/react/http/src/Io/ClientRequestStream.php:254
Stack trace:
#0 /var/www/vendor/react/promise/src/Internal/RejectedPromise.php(73): React\Http\Io\ClientRequestStream->closeError(Object(Error))
#1 /var/www/vendor/react/promise/src/Promise.php(47): React\Promise\Internal\RejectedPromise->then(Object(Closure), Array)
#2 /var/www/vendor/react/http/src/Io/ClientRequestStream.php(84): React\Promise\Promise->then(Object(Closure), Array)
#3 /var/www/vendor/react/http/src/Io/ClientRequestStream.php(131): React\Http\Io\ClientRequestStream->writeHead()
#4 /var/www/vendor/react/http/src/Io/ClientRequestStream.php(144): React\Http\Io\ClientRequestStream->write('{"app_id":"simr...')
#5 /var/www/vendor/react/http/src/Io/Sender.php(147): React\Http\Io\ClientRequestStream->end('{"app_id":"simr...')
#6 /var/www/vendor/react/http/src/Io/Transaction.php(146): React\Http\Io\Sender->send(Object(React\Http\Message\Request))
#7 /var/www/vendor/react/http/src/Io/Transaction.php(83): React\Http\Io\Transaction->next(Object(React\Http\Message\Request), Object(React\Promise\Deferred), Object(React\Http\Io\ClientRequestState))
#8 /var/www/vendor/react/http/src/Browser.php(854): React\Http\Io\Transaction->send(Object(React\Http\Message\Request))
#9 /var/www/vendor/react/http/src/Browser.php(177): React\Http\Browser->requestMayBeStreaming('POST', 'http://localhos...', Array, Object(GuzzleHttp\Psr7\Stream))
#10 /var/www/vendor/beyondcode/laravel-websockets/src/Statistics/Logger/HttpStatisticsLogger.php(81): React\Http\Browser->post('http://localhos...', Array, Object(GuzzleHttp\Psr7\Stream))
#11 /var/www/vendor/laravel/framework/src/Illuminate/Support/Facades/Facade.php(261): BeyondCode\LaravelWebSockets\Statistics\Logger\HttpStatisticsLogger->save()
#12 /var/www/vendor/beyondcode/laravel-websockets/src/Console/StartWebSocketServer.php(75): Illuminate\Support\Facades\Facade::__callStatic('save', Array)
#13 /var/www/vendor/react/event-loop/src/Timer/Timers.php(102): BeyondCode\LaravelWebSockets\Console\StartWebSocketServer->BeyondCode\LaravelWebSockets\Console\{closure}(Object(React\EventLoop\Timer\Timer))
#14 /var/www/vendor/react/event-loop/src/StreamSelectLoop.php(185): React\EventLoop\Timer\Timers->tick()
#15 /var/www/vendor/cboden/ratchet/src/Ratchet/Server/IoServer.php(74): React\EventLoop\StreamSelectLoop->run()
#16 /var/www/vendor/beyondcode/laravel-websockets/src/Console/StartWebSocketServer.php(155): Ratchet\Server\IoServer->run()
#17 /var/www/vendor/beyondcode/laravel-websockets/src/Console/StartWebSocketServer.php(52): BeyondCode\LaravelWebSockets\Console\StartWebSocketServer->startWebSocketServer()
#18 /var/www/vendor/laravel/framework/src/Illuminate/Container/BoundMethod.php(36): BeyondCode\LaravelWebSockets\Console\StartWebSocketServer->handle()
#19 /var/www/vendor/laravel/framework/src/Illuminate/Container/Util.php(40): Illuminate\Container\BoundMethod::Illuminate\Container\{closure}()
#20 /var/www/vendor/laravel/framework/src/Illuminate/Container/BoundMethod.php(93): Illuminate\Container\Util::unwrapIfClosure(Object(Closure))
#21 /var/www/vendor/laravel/framework/src/Illuminate/Container/BoundMethod.php(35): Illuminate\Container\BoundMethod::callBoundMethod(Object(Illuminate\Foundation\Application), Array, Object(Closure))
#22 /var/www/vendor/laravel/framework/src/Illuminate/Container/Container.php(653): Illuminate\Container\BoundMethod::call(Object(Illuminate\Foundation\Application), Array, Array, NULL)
#23 /var/www/vendor/laravel/framework/src/Illuminate/Console/Command.php(136): Illuminate\Container\Container->call(Array)
#24 /var/www/vendor/symfony/console/Command/Command.php(298): Illuminate\Console\Command->execute(Object(Symfony\Component\Console\Input\ArgvInput), Object(Illuminate\Console\OutputStyle))
#25 /var/www/vendor/laravel/framework/src/Illuminate/Console/Command.php(120): Symfony\Component\Console\Command\Command->run(Object(Symfony\Component\Console\Input\ArgvInput), Object(Illuminate\Console\OutputStyle))
#26 /var/www/vendor/symfony/console/Application.php(1040): Illuminate\Console\Command->run(Object(Symfony\Component\Console\Input\ArgvInput), Object(Symfony\Component\Console\Output\ConsoleOutput))
#27 /var/www/vendor/symfony/console/Application.php(301): Symfony\Component\Console\Application->doRunCommand(Object(BeyondCode\LaravelWebSockets\Console\StartWebSocketServer), Object(Symfony\Component\Console\Input\ArgvInput), Object(Symfony\Component\Console\Output\ConsoleOutput))
#28 /var/www/vendor/symfony/console/Application.php(171): Symfony\Component\Console\Application->doRun(Object(Symfony\Component\Console\Input\ArgvInput), Object(Symfony\Component\Console\Output\ConsoleOutput))
#29 /var/www/vendor/laravel/framework/src/Illuminate/Console/Application.php(94): Symfony\Component\Console\Application->run(Object(Symfony\Component\Console\Input\ArgvInput), Object(Symfony\Component\Console\Output\ConsoleOutput))
#30 /var/www/vendor/laravel/framework/src/Illuminate/Foundation/Console/Kernel.php(129): Illuminate\Console\Application->run(Object(Symfony\Component\Console\Input\ArgvInput), Object(Symfony\Component\Console\Output\ConsoleOutput))
#31 /var/www/artisan(35): Illuminate\Foundation\Console\Kernel->handle(Object(Symfony\Component\Console\Input\ArgvInput), Object(Symfony\Component\Console\Output\ConsoleOutput))
#32 {main}
New connection opened for app key simrs_key_harry141312.
Connection id 299818630.81503779 sending message {"event":"pusher:connection_established","data":"{\"socket_id\":\"299818630.81503779\",\"activity_timeout\":30}"}
simrs: connection id 299818630.81503779 received message: {"event":"pusher:subscribe","data":{"auth":"simrs_key_harry141312:3dd37c58b794b207a502216c24b29e8c01bc9ee6bed61b3b608c6ac8d1a9ce16","channel":"private-websockets-dashboard-subscribed"}}.
Connection id 299818630.81503779 sending message {"event":"log-message","channel":"private-websockets-dashboard-subscribed","data":{"type":"subscribed","time":"10:29:47","socketId":"299818630.81503779","details":"Channel: private-websockets-dashboard-subscribed"}}
Connection id 299818630.81503779 sending message {"event":"pusher_internal:subscription_succeeded","channel":"private-websockets-dashboard-subscribed"}
simrs: connection id 299818630.81503779 received message: {"event":"pusher:subscribe","data":{"auth":"simrs_key_harry141312:e5c14a83476280339af03fad1ad463032b37922541976539dec90be009119a1e","channel":"private-websockets-dashboard-vacated"}}.
Connection id 299818630.81503779 sending message {"event":"log-message","channel":"private-websockets-dashboard-subscribed","data":{"type":"subscribed","time":"10:29:47","socketId":"299818630.81503779","details":"Channel: private-websockets-dashboard-vacated"}}
Connection id 299818630.81503779 sending message {"event":"pusher_internal:subscription_succeeded","channel":"private-websockets-dashboard-vacated"}
simrs: connection id 299818630.81503779 received message: {"event":"pusher:subscribe","data":{"auth":"simrs_key_harry141312:d46f5931a9a2a938b1fad1f22f5db748ce08d4ebc2e1e319a21ace1efdbb0958","channel":"private-websockets-dashboard-occupied"}}.
Connection id 299818630.81503779 sending message {"event":"log-message","channel":"private-websockets-dashboard-occupied","data":{"type":"occupied","time":"10:29:47","details":"Channel: private-websockets-dashboard-occupied"}}
Connection id 299818630.81503779 sending message {"event":"log-message","channel":"private-websockets-dashboard-subscribed","data":{"type":"subscribed","time":"10:29:47","socketId":"299818630.81503779","details":"Channel: private-websockets-dashboard-occupied"}}
Connection id 299818630.81503779 sending message {"event":"pusher_internal:subscription_succeeded","channel":"private-websockets-dashboard-occupied"}
simrs: connection id 299818630.81503779 received message: {"event":"pusher:subscribe","data":{"auth":"simrs_key_harry141312:5dd7a5af49995842cbe803e2d5fe0f2475e19a0a327fd355ed7d8fa856157439","channel":"private-websockets-dashboard-connection"}}.
Connection id 299818630.81503779 sending message {"event":"log-message","channel":"private-websockets-dashboard-occupied","data":{"type":"occupied","time":"10:29:47","details":"Channel: private-websockets-dashboard-connection"}}
Connection id 299818630.81503779 sending message {"event":"log-message","channel":"private-websockets-dashboard-subscribed","data":{"type":"subscribed","time":"10:29:47","socketId":"299818630.81503779","details":"Channel: private-websockets-dashboard-connection"}}
Connection id 299818630.81503779 sending message {"event":"pusher_internal:subscription_succeeded","channel":"private-websockets-dashboard-connection"}
simrs: connection id 299818630.81503779 received message: {"event":"pusher:subscribe","data":{"auth":"simrs_key_harry141312:e78065e8bdf52783c2a6d7fc358b0f62407daccca65295fbab3d96f48f79277b","channel":"private-websockets-dashboard-client-message"}}.
Connection id 299818630.81503779 sending message {"event":"log-message","channel":"private-websockets-dashboard-occupied","data":{"type":"occupied","time":"10:29:47","details":"Channel: private-websockets-dashboard-client-message"}}
Connection id 299818630.81503779 sending message {"event":"log-message","channel":"private-websockets-dashboard-subscribed","data":{"type":"subscribed","time":"10:29:47","socketId":"299818630.81503779","details":"Channel: private-websockets-dashboard-client-message"}}
Connection id 299818630.81503779 sending message {"event":"pusher_internal:subscription_succeeded","channel":"private-websockets-dashboard-client-message"}
simrs: connection id 299818630.81503779 received message: {"event":"pusher:subscribe","data":{"auth":"simrs_key_harry141312:457e276ce2fda91bbc278545eefa8e0e8793f22c0e07c7f9f4adabf8eb89a5ca","channel":"private-websockets-dashboard-disconnection"}}.
Connection id 299818630.81503779 sending message {"event":"log-message","channel":"private-websockets-dashboard-occupied","data":{"type":"occupied","time":"10:29:47","details":"Channel: private-websockets-dashboard-disconnection"}}
Connection id 299818630.81503779 sending message {"event":"log-message","channel":"private-websockets-dashboard-subscribed","data":{"type":"subscribed","time":"10:29:47","socketId":"299818630.81503779","details":"Channel: private-websockets-dashboard-disconnection"}}
Connection id 299818630.81503779 sending message {"event":"pusher_internal:subscription_succeeded","channel":"private-websockets-dashboard-disconnection"}
simrs: connection id 299818630.81503779 received message: {"event":"pusher:subscribe","data":{"auth":"simrs_key_harry141312:4419bc528896e2e34e7b736da0219fc69208301531cc9e56569ade0ac879f36f","channel":"private-websockets-dashboard-api-message"}}.
Connection id 299818630.81503779 sending message {"event":"log-message","channel":"private-websockets-dashboard-occupied","data":{"type":"occupied","time":"10:29:47","details":"Channel: private-websockets-dashboard-api-message"}}
Connection id 299818630.81503779 sending message {"event":"log-message","channel":"private-websockets-dashboard-subscribed","data":{"type":"subscribed","time":"10:29:47","socketId":"299818630.81503779","details":"Channel: private-websockets-dashboard-api-message"}}
Connection id 299818630.81503779 sending message {"event":"pusher_internal:subscription_succeeded","channel":"private-websockets-dashboard-api-message"}
simrs: connection id 299818630.81503779 received message: {"event":"pusher:subscribe","data":{"auth":"simrs_key_harry141312:a89d615bdf52023d7c287556b7ba9094521a2a33476e4fe82c609c21c98a0a71","channel":"private-websockets-dashboard-statistics"}}.
Connection id 299818630.81503779 sending message {"event":"log-message","channel":"private-websockets-dashboard-occupied","data":{"type":"occupied","time":"10:29:47","details":"Channel: private-websockets-dashboard-statistics"}}
Connection id 299818630.81503779 sending message {"event":"log-message","channel":"private-websockets-dashboard-subscribed","data":{"type":"subscribed","time":"10:29:47","socketId":"299818630.81503779","details":"Channel: private-websockets-dashboard-statistics"}}
Connection id 299818630.81503779 sending message {"event":"pusher_internal:subscription_succeeded","channel":"private-websockets-dashboard-statistics"}
Connection id 808971312.370650191 closed.
Connection id 299818630.81503779 sending message {"event":"log-message","channel":"private-websockets-dashboard-vacated","data":{"type":"vacated","time":"10:29:58","details":"Channel: public.playground.1"}}
Connection id 299818630.81503779 sending message {"event":"log-message","channel":"private-websockets-dashboard-disconnection","data":{"type":"disconnection","time":"10:29:58","socketId":"808971312.370650191"}}
New connection opened for app key simrs_key_harry141312.
Connection id 271879209.274554740 sending message {"event":"pusher:connection_established","data":"{\"socket_id\":\"271879209.274554740\",\"activity_timeout\":30}"}
Connection id 299818630.81503779 sending message {"event":"log-message","channel":"private-websockets-dashboard-connection","data":{"type":"connection","time":"10:29:58","details":"Origin: http:\/\/localhost","socketId":"271879209.274554740"}}
simrs: connection id 271879209.274554740 received message: {"event":"pusher:subscribe","data":{"auth":"","channel":"public.playground.1"}}.
Connection id 299818630.81503779 sending message {"event":"log-message","channel":"private-websockets-dashboard-occupied","data":{"type":"occupied","time":"10:29:58","details":"Channel: public.playground.1"}}
Connection id 299818630.81503779 sending message {"event":"log-message","channel":"private-websockets-dashboard-subscribed","data":{"type":"subscribed","time":"10:29:58","socketId":"271879209.274554740","details":"Channel: public.playground.1"}}
Connection id 271879209.274554740 sending message {"event":"pusher_internal:subscription_succeeded","channel":"public.playground.1"}
simrs: connection id 271879209.274554740 received message: {"event":"pusher:ping","data":{}}.
Connection id 271879209.274554740 sending message {"event":"pusher:pong"}
simrs: connection id 299818630.81503779 received message: {"event":"pusher:ping","data":{}}.
Connection id 299818630.81503779 sending message {"event":"pusher:pong"}
Unhandled promise rejection with TypeError: React\Http\Io\ClientRequestStream::closeError(): Argument #1 ($error) must be of type Exception, Error given, called in /var/www/vendor/react/promise/src/Internal/RejectedPromise.php on line 73 and defined in /var/www/vendor/react/http/src/Io/ClientRequestStream.php:254
Stack trace:
#0 /var/www/vendor/react/promise/src/Internal/RejectedPromise.php(73): React\Http\Io\ClientRequestStream->closeError(Object(Error))
#1 /var/www/vendor/react/promise/src/Promise.php(47): React\Promise\Internal\RejectedPromise->then(Object(Closure), Array)
#2 /var/www/vendor/react/http/src/Io/ClientRequestStream.php(84): React\Promise\Promise->then(Object(Closure), Array)
#3 /var/www/vendor/react/http/src/Io/ClientRequestStream.php(131): React\Http\Io\ClientRequestStream->writeHead()
#4 /var/www/vendor/react/http/src/Io/ClientRequestStream.php(144): React\Http\Io\ClientRequestStream->write('{"app_id":"simr...')
#5 /var/www/vendor/react/http/src/Io/Sender.php(147): React\Http\Io\ClientRequestStream->end('{"app_id":"simr...')
#6 /var/www/vendor/react/http/src/Io/Transaction.php(146): React\Http\Io\Sender->send(Object(React\Http\Message\Request))
#7 /var/www/vendor/react/http/src/Io/Transaction.php(83): React\Http\Io\Transaction->next(Object(React\Http\Message\Request), Object(React\Promise\Deferred), Object(React\Http\Io\ClientRequestState))
#8 /var/www/vendor/react/http/src/Browser.php(854): React\Http\Io\Transaction->send(Object(React\Http\Message\Request))
#9 /var/www/vendor/react/http/src/Browser.php(177): React\Http\Browser->requestMayBeStreaming('POST', 'http://localhos...', Array, Object(GuzzleHttp\Psr7\Stream))
#10 /var/www/vendor/beyondcode/laravel-websockets/src/Statistics/Logger/HttpStatisticsLogger.php(81): React\Http\Browser->post('http://localhos...', Array, Object(GuzzleHttp\Psr7\Stream))
#11 /var/www/vendor/laravel/framework/src/Illuminate/Support/Facades/Facade.php(261): BeyondCode\LaravelWebSockets\Statistics\Logger\HttpStatisticsLogger->save()
#12 /var/www/vendor/beyondcode/laravel-websockets/src/Console/StartWebSocketServer.php(75): Illuminate\Support\Facades\Facade::__callStatic('save', Array)
#13 /var/www/vendor/react/event-loop/src/Timer/Timers.php(102): BeyondCode\LaravelWebSockets\Console\StartWebSocketServer->BeyondCode\LaravelWebSockets\Console\{closure}(Object(React\EventLoop\Timer\Timer))
#14 /var/www/vendor/react/event-loop/src/StreamSelectLoop.php(185): React\EventLoop\Timer\Timers->tick()
#15 /var/www/vendor/cboden/ratchet/src/Ratchet/Server/IoServer.php(74): React\EventLoop\StreamSelectLoop->run()
#16 /var/www/vendor/beyondcode/laravel-websockets/src/Console/StartWebSocketServer.php(155): Ratchet\Server\IoServer->run()
#17 /var/www/vendor/beyondcode/laravel-websockets/src/Console/StartWebSocketServer.php(52): BeyondCode\LaravelWebSockets\Console\StartWebSocketServer->startWebSocketServer()
#18 /var/www/vendor/laravel/framework/src/Illuminate/Container/BoundMethod.php(36): BeyondCode\LaravelWebSockets\Console\StartWebSocketServer->handle()
#19 /var/www/vendor/laravel/framework/src/Illuminate/Container/Util.php(40): Illuminate\Container\BoundMethod::Illuminate\Container\{closure}()
#20 /var/www/vendor/laravel/framework/src/Illuminate/Container/BoundMethod.php(93): Illuminate\Container\Util::unwrapIfClosure(Object(Closure))
#21 /var/www/vendor/laravel/framework/src/Illuminate/Container/BoundMethod.php(35): Illuminate\Container\BoundMethod::callBoundMethod(Object(Illuminate\Foundation\Application), Array, Object(Closure))
#22 /var/www/vendor/laravel/framework/src/Illuminate/Container/Container.php(653): Illuminate\Container\BoundMethod::call(Object(Illuminate\Foundation\Application), Array, Array, NULL)
#23 /var/www/vendor/laravel/framework/src/Illuminate/Console/Command.php(136): Illuminate\Container\Container->call(Array)
#24 /var/www/vendor/symfony/console/Command/Command.php(298): Illuminate\Console\Command->execute(Object(Symfony\Component\Console\Input\ArgvInput), Object(Illuminate\Console\OutputStyle))
#25 /var/www/vendor/laravel/framework/src/Illuminate/Console/Command.php(120): Symfony\Component\Console\Command\Command->run(Object(Symfony\Component\Console\Input\ArgvInput), Object(Illuminate\Console\OutputStyle))
#26 /var/www/vendor/symfony/console/Application.php(1040): Illuminate\Console\Command->run(Object(Symfony\Component\Console\Input\ArgvInput), Object(Symfony\Component\Console\Output\ConsoleOutput))
#27 /var/www/vendor/symfony/console/Application.php(301): Symfony\Component\Console\Application->doRunCommand(Object(BeyondCode\LaravelWebSockets\Console\StartWebSocketServer), Object(Symfony\Component\Console\Input\ArgvInput), Object(Symfony\Component\Console\Output\ConsoleOutput))
#28 /var/www/vendor/symfony/console/Application.php(171): Symfony\Component\Console\Application->doRun(Object(Symfony\Component\Console\Input\ArgvInput), Object(Symfony\Component\Console\Output\ConsoleOutput))
#29 /var/www/vendor/laravel/framework/src/Illuminate/Console/Application.php(94): Symfony\Component\Console\Application->run(Object(Symfony\Component\Console\Input\ArgvInput), Object(Symfony\Component\Console\Output\ConsoleOutput))
#30 /var/www/vendor/laravel/framework/src/Illuminate/Foundation/Console/Kernel.php(129): Illuminate\Console\Application->run(Object(Symfony\Component\Console\Input\ArgvInput), Object(Symfony\Component\Console\Output\ConsoleOutput))
#31 /var/www/artisan(35): Illuminate\Foundation\Console\Kernel->handle(Object(Symfony\Component\Console\Input\ArgvInput), Object(Symfony\Component\Console\Output\ConsoleOutput))
#32 {main}
simrs: connection id 271879209.274554740 received message: {"event":"pusher:ping","data":{}}.
Connection id 271879209.274554740 sending message {"event":"pusher:pong"}
simrs: connection id 299818630.81503779 received message: {"event":"pusher:ping","data":{}}.
Connection id 299818630.81503779 sending message {"event":"pusher:pong"}
simrs: connection id 299818630.81503779 received message: {"event":"pusher:ping","data":{}}.
Connection id 299818630.81503779 sending message {"event":"pusher:pong"}
simrs: connection id 271879209.274554740 received message: {"event":"pusher:ping","data":{}}.
Connection id 271879209.274554740 sending message {"event":"pusher:pong"}
Unhandled promise rejection with TypeError: React\Http\Io\ClientRequestStream::closeError(): Argument #1 ($error) must be of type Exception, Error given, called in /var/www/vendor/react/promise/src/Internal/RejectedPromise.php on line 73 and defined in /var/www/vendor/react/http/src/Io/ClientRequestStream.php:254
Stack trace:
#0 /var/www/vendor/react/promise/src/Internal/RejectedPromise.php(73): React\Http\Io\ClientRequestStream->closeError(Object(Error))
#1 /var/www/vendor/react/promise/src/Promise.php(47): React\Promise\Internal\RejectedPromise->then(Object(Closure), Array)
#2 /var/www/vendor/react/http/src/Io/ClientRequestStream.php(84): React\Promise\Promise->then(Object(Closure), Array)
#3 /var/www/vendor/react/http/src/Io/ClientRequestStream.php(131): React\Http\Io\ClientRequestStream->writeHead()
#4 /var/www/vendor/react/http/src/Io/ClientRequestStream.php(144): React\Http\Io\ClientRequestStream->write('{"app_id":"simr...')
#5 /var/www/vendor/react/http/src/Io/Sender.php(147): React\Http\Io\ClientRequestStream->end('{"app_id":"simr...')
#6 /var/www/vendor/react/http/src/Io/Transaction.php(146): React\Http\Io\Sender->send(Object(React\Http\Message\Request))
#7 /var/www/vendor/react/http/src/Io/Transaction.php(83): React\Http\Io\Transaction->next(Object(React\Http\Message\Request), Object(React\Promise\Deferred), Object(React\Http\Io\ClientRequestState))
#8 /var/www/vendor/react/http/src/Browser.php(854): React\Http\Io\Transaction->send(Object(React\Http\Message\Request))
#9 /var/www/vendor/react/http/src/Browser.php(177): React\Http\Browser->requestMayBeStreaming('POST', 'http://localhos...', Array, Object(GuzzleHttp\Psr7\Stream))
#10 /var/www/vendor/beyondcode/laravel-websockets/src/Statistics/Logger/HttpStatisticsLogger.php(81): React\Http\Browser->post('http://localhos...', Array, Object(GuzzleHttp\Psr7\Stream))
#11 /var/www/vendor/laravel/framework/src/Illuminate/Support/Facades/Facade.php(261): BeyondCode\LaravelWebSockets\Statistics\Logger\HttpStatisticsLogger->save()
#12 /var/www/vendor/beyondcode/laravel-websockets/src/Console/StartWebSocketServer.php(75): Illuminate\Support\Facades\Facade::__callStatic('save', Array)
#13 /var/www/vendor/react/event-loop/src/Timer/Timers.php(102): BeyondCode\LaravelWebSockets\Console\StartWebSocketServer->BeyondCode\LaravelWebSockets\Console\{closure}(Object(React\EventLoop\Timer\Timer))
#14 /var/www/vendor/react/event-loop/src/StreamSelectLoop.php(185): React\EventLoop\Timer\Timers->tick()
#15 /var/www/vendor/cboden/ratchet/src/Ratchet/Server/IoServer.php(74): React\EventLoop\StreamSelectLoop->run()
#16 /var/www/vendor/beyondcode/laravel-websockets/src/Console/StartWebSocketServer.php(155): Ratchet\Server\IoServer->run()
#17 /var/www/vendor/beyondcode/laravel-websockets/src/Console/StartWebSocketServer.php(52): BeyondCode\LaravelWebSockets\Console\StartWebSocketServer->startWebSocketServer()
#18 /var/www/vendor/laravel/framework/src/Illuminate/Container/BoundMethod.php(36): BeyondCode\LaravelWebSockets\Console\StartWebSocketServer->handle()
#19 /var/www/vendor/laravel/framework/src/Illuminate/Container/Util.php(40): Illuminate\Container\BoundMethod::Illuminate\Container\{closure}()
#20 /var/www/vendor/laravel/framework/src/Illuminate/Container/BoundMethod.php(93): Illuminate\Container\Util::unwrapIfClosure(Object(Closure))
#21 /var/www/vendor/laravel/framework/src/Illuminate/Container/BoundMethod.php(35): Illuminate\Container\BoundMethod::callBoundMethod(Object(Illuminate\Foundation\Application), Array, Object(Closure))
#22 /var/www/vendor/laravel/framework/src/Illuminate/Container/Container.php(653): Illuminate\Container\BoundMethod::call(Object(Illuminate\Foundation\Application), Array, Array, NULL)
#23 /var/www/vendor/laravel/framework/src/Illuminate/Console/Command.php(136): Illuminate\Container\Container->call(Array)
#24 /var/www/vendor/symfony/console/Command/Command.php(298): Illuminate\Console\Command->execute(Object(Symfony\Component\Console\Input\ArgvInput), Object(Illuminate\Console\OutputStyle))
#25 /var/www/vendor/laravel/framework/src/Illuminate/Console/Command.php(120): Symfony\Component\Console\Command\Command->run(Object(Symfony\Component\Console\Input\ArgvInput), Object(Illuminate\Console\OutputStyle))
#26 /var/www/vendor/symfony/console/Application.php(1040): Illuminate\Console\Command->run(Object(Symfony\Component\Console\Input\ArgvInput), Object(Symfony\Component\Console\Output\ConsoleOutput))
#27 /var/www/vendor/symfony/console/Application.php(301): Symfony\Component\Console\Application->doRunCommand(Object(BeyondCode\LaravelWebSockets\Console\StartWebSocketServer), Object(Symfony\Component\Console\Input\ArgvInput), Object(Symfony\Component\Console\Output\ConsoleOutput))
#28 /var/www/vendor/symfony/console/Application.php(171): Symfony\Component\Console\Application->doRun(Object(Symfony\Component\Console\Input\ArgvInput), Object(Symfony\Component\Console\Output\ConsoleOutput))
#29 /var/www/vendor/laravel/framework/src/Illuminate/Console/Application.php(94): Symfony\Component\Console\Application->run(Object(Symfony\Component\Console\Input\ArgvInput), Object(Symfony\Component\Console\Output\ConsoleOutput))
#30 /var/www/vendor/laravel/framework/src/Illuminate/Foundation/Console/Kernel.php(129): Illuminate\Console\Application->run(Object(Symfony\Component\Console\Input\ArgvInput), Object(Symfony\Component\Console\Output\ConsoleOutput))
#31 /var/www/artisan(35): Illuminate\Foundation\Console\Kernel->handle(Object(Symfony\Component\Console\Input\ArgvInput), Object(Symfony\Component\Console\Output\ConsoleOutput))
#32 {main}
simrs: connection id 299818630.81503779 received message: {"event":"pusher:ping","data":{}}.
Connection id 299818630.81503779 sending message {"event":"pusher:pong"}
simrs: connection id 271879209.274554740 received message: {"event":"pusher:ping","data":{}}.
Connection id 271879209.274554740 sending message {"event":"pusher:pong"}
simrs: connection id 299818630.81503779 received message: {"event":"pusher:ping","data":{}}.
Connection id 299818630.81503779 sending message {"event":"pusher:pong"}
simrs: connection id 271879209.274554740 received message: {"event":"pusher:ping","data":{}}.
Connection id 271879209.274554740 sending message {"event":"pusher:pong"}
Unhandled promise rejection with TypeError: React\Http\Io\ClientRequestStream::closeError(): Argument #1 ($error) must be of type Exception, Error given, called in /var/www/vendor/react/promise/src/Internal/RejectedPromise.php on line 73 and defined in /var/www/vendor/react/http/src/Io/ClientRequestStream.php:254
Stack trace:
#0 /var/www/vendor/react/promise/src/Internal/RejectedPromise.php(73): React\Http\Io\ClientRequestStream->closeError(Object(Error))
#1 /var/www/vendor/react/promise/src/Promise.php(47): React\Promise\Internal\RejectedPromise->then(Object(Closure), Array)
#2 /var/www/vendor/react/http/src/Io/ClientRequestStream.php(84): React\Promise\Promise->then(Object(Closure), Array)
#3 /var/www/vendor/react/http/src/Io/ClientRequestStream.php(131): React\Http\Io\ClientRequestStream->writeHead()
#4 /var/www/vendor/react/http/src/Io/ClientRequestStream.php(144): React\Http\Io\ClientRequestStream->write('{"app_id":"simr...')
#5 /var/www/vendor/react/http/src/Io/Sender.php(147): React\Http\Io\ClientRequestStream->end('{"app_id":"simr...')
#6 /var/www/vendor/react/http/src/Io/Transaction.php(146): React\Http\Io\Sender->send(Object(React\Http\Message\Request))
#7 /var/www/vendor/react/http/src/Io/Transaction.php(83): React\Http\Io\Transaction->next(Object(React\Http\Message\Request), Object(React\Promise\Deferred), Object(React\Http\Io\ClientRequestState))
#8 /var/www/vendor/react/http/src/Browser.php(854): React\Http\Io\Transaction->send(Object(React\Http\Message\Request))
#9 /var/www/vendor/react/http/src/Browser.php(177): React\Http\Browser->requestMayBeStreaming('POST', 'http://localhos...', Array, Object(GuzzleHttp\Psr7\Stream))
#10 /var/www/vendor/beyondcode/laravel-websockets/src/Statistics/Logger/HttpStatisticsLogger.php(81): React\Http\Browser->post('http://localhos...', Array, Object(GuzzleHttp\Psr7\Stream))
#11 /var/www/vendor/laravel/framework/src/Illuminate/Support/Facades/Facade.php(261): BeyondCode\LaravelWebSockets\Statistics\Logger\HttpStatisticsLogger->save()
#12 /var/www/vendor/beyondcode/laravel-websockets/src/Console/StartWebSocketServer.php(75): Illuminate\Support\Facades\Facade::__callStatic('save', Array)
#13 /var/www/vendor/react/event-loop/src/Timer/Timers.php(102): BeyondCode\LaravelWebSockets\Console\StartWebSocketServer->BeyondCode\LaravelWebSockets\Console\{closure}(Object(React\EventLoop\Timer\Timer))
#14 /var/www/vendor/react/event-loop/src/StreamSelectLoop.php(185): React\EventLoop\Timer\Timers->tick()
#15 /var/www/vendor/cboden/ratchet/src/Ratchet/Server/IoServer.php(74): React\EventLoop\StreamSelectLoop->run()
#16 /var/www/vendor/beyondcode/laravel-websockets/src/Console/StartWebSocketServer.php(155): Ratchet\Server\IoServer->run()
#17 /var/www/vendor/beyondcode/laravel-websockets/src/Console/StartWebSocketServer.php(52): BeyondCode\LaravelWebSockets\Console\StartWebSocketServer->startWebSocketServer()
#18 /var/www/vendor/laravel/framework/src/Illuminate/Container/BoundMethod.php(36): BeyondCode\LaravelWebSockets\Console\StartWebSocketServer->handle()
#19 /var/www/vendor/laravel/framework/src/Illuminate/Container/Util.php(40): Illuminate\Container\BoundMethod::Illuminate\Container\{closure}()
#20 /var/www/vendor/laravel/framework/src/Illuminate/Container/BoundMethod.php(93): Illuminate\Container\Util::unwrapIfClosure(Object(Closure))
#21 /var/www/vendor/laravel/framework/src/Illuminate/Container/BoundMethod.php(35): Illuminate\Container\BoundMethod::callBoundMethod(Object(Illuminate\Foundation\Application), Array, Object(Closure))
#22 /var/www/vendor/laravel/framework/src/Illuminate/Container/Container.php(653): Illuminate\Container\BoundMethod::call(Object(Illuminate\Foundation\Application), Array, Array, NULL)
#23 /var/www/vendor/laravel/framework/src/Illuminate/Console/Command.php(136): Illuminate\Container\Container->call(Array)
#24 /var/www/vendor/symfony/console/Command/Command.php(298): Illuminate\Console\Command->execute(Object(Symfony\Component\Console\Input\ArgvInput), Object(Illuminate\Console\OutputStyle))
#25 /var/www/vendor/laravel/framework/src/Illuminate/Console/Command.php(120): Symfony\Component\Console\Command\Command->run(Object(Symfony\Component\Console\Input\ArgvInput), Object(Illuminate\Console\OutputStyle))
#26 /var/www/vendor/symfony/console/Application.php(1040): Illuminate\Console\Command->run(Object(Symfony\Component\Console\Input\ArgvInput), Object(Symfony\Component\Console\Output\ConsoleOutput))
#27 /var/www/vendor/symfony/console/Application.php(301): Symfony\Component\Console\Application->doRunCommand(Object(BeyondCode\LaravelWebSockets\Console\StartWebSocketServer), Object(Symfony\Component\Console\Input\ArgvInput), Object(Symfony\Component\Console\Output\ConsoleOutput))
#28 /var/www/vendor/symfony/console/Application.php(171): Symfony\Component\Console\Application->doRun(Object(Symfony\Component\Console\Input\ArgvInput), Object(Symfony\Component\Console\Output\ConsoleOutput))
#29 /var/www/vendor/laravel/framework/src/Illuminate/Console/Application.php(94): Symfony\Component\Console\Application->run(Object(Symfony\Component\Console\Input\ArgvInput), Object(Symfony\Component\Console\Output\ConsoleOutput))
#30 /var/www/vendor/laravel/framework/src/Illuminate/Foundation/Console/Kernel.php(129): Illuminate\Console\Application->run(Object(Symfony\Component\Console\Input\ArgvInput), Object(Symfony\Component\Console\Output\ConsoleOutput))
#31 /var/www/artisan(35): Illuminate\Foundation\Console\Kernel->handle(Object(Symfony\Component\Console\Input\ArgvInput), Object(Symfony\Component\Console\Output\ConsoleOutput))
#32 {main}
simrs: connection id 271879209.274554740 received message: {"event":"pusher:ping","data":{}}.
Connection id 271879209.274554740 sending message {"event":"pusher:pong"}
simrs: connection id 299818630.81503779 received message: {"event":"pusher:ping","data":{}}.
Connection id 299818630.81503779 sending message {"event":"pusher:pong"}
simrs: connection id 271879209.274554740 received message: {"event":"pusher:ping","data":{}}.
Connection id 271879209.274554740 sending message {"event":"pusher:pong"}
simrs: connection id 299818630.81503779 received message: {"event":"pusher:ping","data":{}}.
Connection id 299818630.81503779 sending message {"event":"pusher:pong"}
Unhandled promise rejection with TypeError: React\Http\Io\ClientRequestStream::closeError(): Argument #1 ($error) must be of type Exception, Error given, called in /var/www/vendor/react/promise/src/Internal/RejectedPromise.php on line 73 and defined in /var/www/vendor/react/http/src/Io/ClientRequestStream.php:254
Stack trace:
#0 /var/www/vendor/react/promise/src/Internal/RejectedPromise.php(73): React\Http\Io\ClientRequestStream->closeError(Object(Error))
#1 /var/www/vendor/react/promise/src/Promise.php(47): React\Promise\Internal\RejectedPromise->then(Object(Closure), Array)
#2 /var/www/vendor/react/http/src/Io/ClientRequestStream.php(84): React\Promise\Promise->then(Object(Closure), Array)
#3 /var/www/vendor/react/http/src/Io/ClientRequestStream.php(131): React\Http\Io\ClientRequestStream->writeHead()
#4 /var/www/vendor/react/http/src/Io/ClientRequestStream.php(144): React\Http\Io\ClientRequestStream->write('{"app_id":"simr...')
#5 /var/www/vendor/react/http/src/Io/Sender.php(147): React\Http\Io\ClientRequestStream->end('{"app_id":"simr...')
#6 /var/www/vendor/react/http/src/Io/Transaction.php(146): React\Http\Io\Sender->send(Object(React\Http\Message\Request))
#7 /var/www/vendor/react/http/src/Io/Transaction.php(83): React\Http\Io\Transaction->next(Object(React\Http\Message\Request), Object(React\Promise\Deferred), Object(React\Http\Io\ClientRequestState))
#8 /var/www/vendor/react/http/src/Browser.php(854): React\Http\Io\Transaction->send(Object(React\Http\Message\Request))
#9 /var/www/vendor/react/http/src/Browser.php(177): React\Http\Browser->requestMayBeStreaming('POST', 'http://localhos...', Array, Object(GuzzleHttp\Psr7\Stream))
#10 /var/www/vendor/beyondcode/laravel-websockets/src/Statistics/Logger/HttpStatisticsLogger.php(81): React\Http\Browser->post('http://localhos...', Array, Object(GuzzleHttp\Psr7\Stream))
#11 /var/www/vendor/laravel/framework/src/Illuminate/Support/Facades/Facade.php(261): BeyondCode\LaravelWebSockets\Statistics\Logger\HttpStatisticsLogger->save()
#12 /var/www/vendor/beyondcode/laravel-websockets/src/Console/StartWebSocketServer.php(75): Illuminate\Support\Facades\Facade::__callStatic('save', Array)
#13 /var/www/vendor/react/event-loop/src/Timer/Timers.php(102): BeyondCode\LaravelWebSockets\Console\StartWebSocketServer->BeyondCode\LaravelWebSockets\Console\{closure}(Object(React\EventLoop\Timer\Timer))
#14 /var/www/vendor/react/event-loop/src/StreamSelectLoop.php(185): React\EventLoop\Timer\Timers->tick()
#15 /var/www/vendor/cboden/ratchet/src/Ratchet/Server/IoServer.php(74): React\EventLoop\StreamSelectLoop->run()
#16 /var/www/vendor/beyondcode/laravel-websockets/src/Console/StartWebSocketServer.php(155): Ratchet\Server\IoServer->run()
#17 /var/www/vendor/beyondcode/laravel-websockets/src/Console/StartWebSocketServer.php(52): BeyondCode\LaravelWebSockets\Console\StartWebSocketServer->startWebSocketServer()
#18 /var/www/vendor/laravel/framework/src/Illuminate/Container/BoundMethod.php(36): BeyondCode\LaravelWebSockets\Console\StartWebSocketServer->handle()
#19 /var/www/vendor/laravel/framework/src/Illuminate/Container/Util.php(40): Illuminate\Container\BoundMethod::Illuminate\Container\{closure}()
#20 /var/www/vendor/laravel/framework/src/Illuminate/Container/BoundMethod.php(93): Illuminate\Container\Util::unwrapIfClosure(Object(Closure))
#21 /var/www/vendor/laravel/framework/src/Illuminate/Container/BoundMethod.php(35): Illuminate\Container\BoundMethod::callBoundMethod(Object(Illuminate\Foundation\Application), Array, Object(Closure))
#22 /var/www/vendor/laravel/framework/src/Illuminate/Container/Container.php(653): Illuminate\Container\BoundMethod::call(Object(Illuminate\Foundation\Application), Array, Array, NULL)
#23 /var/www/vendor/laravel/framework/src/Illuminate/Console/Command.php(136): Illuminate\Container\Container->call(Array)
#24 /var/www/vendor/symfony/console/Command/Command.php(298): Illuminate\Console\Command->execute(Object(Symfony\Component\Console\Input\ArgvInput), Object(Illuminate\Console\OutputStyle))
#25 /var/www/vendor/laravel/framework/src/Illuminate/Console/Command.php(120): Symfony\Component\Console\Command\Command->run(Object(Symfony\Component\Console\Input\ArgvInput), Object(Illuminate\Console\OutputStyle))
#26 /var/www/vendor/symfony/console/Application.php(1040): Illuminate\Console\Command->run(Object(Symfony\Component\Console\Input\ArgvInput), Object(Symfony\Component\Console\Output\ConsoleOutput))
#27 /var/www/vendor/symfony/console/Application.php(301): Symfony\Component\Console\Application->doRunCommand(Object(BeyondCode\LaravelWebSockets\Console\StartWebSocketServer), Object(Symfony\Component\Console\Input\ArgvInput), Object(Symfony\Component\Console\Output\ConsoleOutput))
#28 /var/www/vendor/symfony/console/Application.php(171): Symfony\Component\Console\Application->doRun(Object(Symfony\Component\Console\Input\ArgvInput), Object(Symfony\Component\Console\Output\ConsoleOutput))
#29 /var/www/vendor/laravel/framework/src/Illuminate/Console/Application.php(94): Symfony\Component\Console\Application->run(Object(Symfony\Component\Console\Input\ArgvInput), Object(Symfony\Component\Console\Output\ConsoleOutput))
#30 /var/www/vendor/laravel/framework/src/Illuminate/Foundation/Console/Kernel.php(129): Illuminate\Console\Application->run(Object(Symfony\Component\Console\Input\ArgvInput), Object(Symfony\Component\Console\Output\ConsoleOutput))
#31 /var/www/artisan(35): Illuminate\Foundation\Console\Kernel->handle(Object(Symfony\Component\Console\Input\ArgvInput), Object(Symfony\Component\Console\Output\ConsoleOutput))
#32 {main}
simrs: connection id 271879209.274554740 received message: {"event":"pusher:ping","data":{}}.
Connection id 271879209.274554740 sending message {"event":"pusher:pong"}
simrs: connection id 299818630.81503779 received message: {"event":"pusher:ping","data":{}}.
Connection id 299818630.81503779 sending message {"event":"pusher:pong"}
simrs: connection id 271879209.274554740 received message: {"event":"pusher:ping","data":{}}.
Connection id 271879209.274554740 sending message {"event":"pusher:pong"}
simrs: connection id 299818630.81503779 received message: {"event":"pusher:ping","data":{}}.
Connection id 299818630.81503779 sending message {"event":"pusher:pong"}
Unhandled promise rejection with TypeError: React\Http\Io\ClientRequestStream::closeError(): Argument #1 ($error) must be of type Exception, Error given, called in /var/www/vendor/react/promise/src/Internal/RejectedPromise.php on line 73 and defined in /var/www/vendor/react/http/src/Io/ClientRequestStream.php:254
Stack trace:
#0 /var/www/vendor/react/promise/src/Internal/RejectedPromise.php(73): React\Http\Io\ClientRequestStream->closeError(Object(Error))
#1 /var/www/vendor/react/promise/src/Promise.php(47): React\Promise\Internal\RejectedPromise->then(Object(Closure), Array)
#2 /var/www/vendor/react/http/src/Io/ClientRequestStream.php(84): React\Promise\Promise->then(Object(Closure), Array)
#3 /var/www/vendor/react/http/src/Io/ClientRequestStream.php(131): React\Http\Io\ClientRequestStream->writeHead()
#4 /var/www/vendor/react/http/src/Io/ClientRequestStream.php(144): React\Http\Io\ClientRequestStream->write('{"app_id":"simr...')
#5 /var/www/vendor/react/http/src/Io/Sender.php(147): React\Http\Io\ClientRequestStream->end('{"app_id":"simr...')
#6 /var/www/vendor/react/http/src/Io/Transaction.php(146): React\Http\Io\Sender->send(Object(React\Http\Message\Request))
#7 /var/www/vendor/react/http/src/Io/Transaction.php(83): React\Http\Io\Transaction->next(Object(React\Http\Message\Request), Object(React\Promise\Deferred), Object(React\Http\Io\ClientRequestState))
#8 /var/www/vendor/react/http/src/Browser.php(854): React\Http\Io\Transaction->send(Object(React\Http\Message\Request))
#9 /var/www/vendor/react/http/src/Browser.php(177): React\Http\Browser->requestMayBeStreaming('POST', 'http://localhos...', Array, Object(GuzzleHttp\Psr7\Stream))
#10 /var/www/vendor/beyondcode/laravel-websockets/src/Statistics/Logger/HttpStatisticsLogger.php(81): React\Http\Browser->post('http://localhos...', Array, Object(GuzzleHttp\Psr7\Stream))
#11 /var/www/vendor/laravel/framework/src/Illuminate/Support/Facades/Facade.php(261): BeyondCode\LaravelWebSockets\Statistics\Logger\HttpStatisticsLogger->save()
#12 /var/www/vendor/beyondcode/laravel-websockets/src/Console/StartWebSocketServer.php(75): Illuminate\Support\Facades\Facade::__callStatic('save', Array)
#13 /var/www/vendor/react/event-loop/src/Timer/Timers.php(102): BeyondCode\LaravelWebSockets\Console\StartWebSocketServer->BeyondCode\LaravelWebSockets\Console\{closure}(Object(React\EventLoop\Timer\Timer))
#14 /var/www/vendor/react/event-loop/src/StreamSelectLoop.php(185): React\EventLoop\Timer\Timers->tick()
#15 /var/www/vendor/cboden/ratchet/src/Ratchet/Server/IoServer.php(74): React\EventLoop\StreamSelectLoop->run()
#16 /var/www/vendor/beyondcode/laravel-websockets/src/Console/StartWebSocketServer.php(155): Ratchet\Server\IoServer->run()
#17 /var/www/vendor/beyondcode/laravel-websockets/src/Console/StartWebSocketServer.php(52): BeyondCode\LaravelWebSockets\Console\StartWebSocketServer->startWebSocketServer()
#18 /var/www/vendor/laravel/framework/src/Illuminate/Container/BoundMethod.php(36): BeyondCode\LaravelWebSockets\Console\StartWebSocketServer->handle()
#19 /var/www/vendor/laravel/framework/src/Illuminate/Container/Util.php(40): Illuminate\Container\BoundMethod::Illuminate\Container\{closure}()
#20 /var/www/vendor/laravel/framework/src/Illuminate/Container/BoundMethod.php(93): Illuminate\Container\Util::unwrapIfClosure(Object(Closure))
#21 /var/www/vendor/laravel/framework/src/Illuminate/Container/BoundMethod.php(35): Illuminate\Container\BoundMethod::callBoundMethod(Object(Illuminate\Foundation\Application), Array, Object(Closure))
#22 /var/www/vendor/laravel/framework/src/Illuminate/Container/Container.php(653): Illuminate\Container\BoundMethod::call(Object(Illuminate\Foundation\Application), Array, Array, NULL)
#23 /var/www/vendor/laravel/framework/src/Illuminate/Console/Command.php(136): Illuminate\Container\Container->call(Array)
#24 /var/www/vendor/symfony/console/Command/Command.php(298): Illuminate\Console\Command->execute(Object(Symfony\Component\Console\Input\ArgvInput), Object(Illuminate\Console\OutputStyle))
#25 /var/www/vendor/laravel/framework/src/Illuminate/Console/Command.php(120): Symfony\Component\Console\Command\Command->run(Object(Symfony\Component\Console\Input\ArgvInput), Object(Illuminate\Console\OutputStyle))
#26 /var/www/vendor/symfony/console/Application.php(1040): Illuminate\Console\Command->run(Object(Symfony\Component\Console\Input\ArgvInput), Object(Symfony\Component\Console\Output\ConsoleOutput))
#27 /var/www/vendor/symfony/console/Application.php(301): Symfony\Component\Console\Application->doRunCommand(Object(BeyondCode\LaravelWebSockets\Console\StartWebSocketServer), Object(Symfony\Component\Console\Input\ArgvInput), Object(Symfony\Component\Console\Output\ConsoleOutput))
#28 /var/www/vendor/symfony/console/Application.php(171): Symfony\Component\Console\Application->doRun(Object(Symfony\Component\Console\Input\ArgvInput), Object(Symfony\Component\Console\Output\ConsoleOutput))
#29 /var/www/vendor/laravel/framework/src/Illuminate/Console/Application.php(94): Symfony\Component\Console\Application->run(Object(Symfony\Component\Console\Input\ArgvInput), Object(Symfony\Component\Console\Output\ConsoleOutput))
#30 /var/www/vendor/laravel/framework/src/Illuminate/Foundation/Console/Kernel.php(129): Illuminate\Console\Application->run(Object(Symfony\Component\Console\Input\ArgvInput), Object(Symfony\Component\Console\Output\ConsoleOutput))
#31 /var/www/artisan(35): Illuminate\Foundation\Console\Kernel->handle(Object(Symfony\Component\Console\Input\ArgvInput), Object(Symfony\Component\Console\Output\ConsoleOutput))
#32 {main}
simrs: connection id 271879209.274554740 received message: {"event":"pusher:ping","data":{}}.
Connection id 271879209.274554740 sending message {"event":"pusher:pong"}
simrs: connection id 299818630.81503779 received message: {"event":"pusher:ping","data":{}}.
Connection id 299818630.81503779 sending message {"event":"pusher:pong"}
simrs: connection id 271879209.274554740 received message: {"event":"pusher:ping","data":{}}.
Connection id 271879209.274554740 sending message {"event":"pusher:pong"}
simrs: connection id 299818630.81503779 received message: {"event":"pusher:ping","data":{}}.
Connection id 299818630.81503779 sending message {"event":"pusher:pong"}
Unhandled promise rejection with TypeError: React\Http\Io\ClientRequestStream::closeError(): Argument #1 ($error) must be of type Exception, Error given, called in /var/www/vendor/react/promise/src/Internal/RejectedPromise.php on line 73 and defined in /var/www/vendor/react/http/src/Io/ClientRequestStream.php:254
Stack trace:
#0 /var/www/vendor/react/promise/src/Internal/RejectedPromise.php(73): React\Http\Io\ClientRequestStream->closeError(Object(Error))
#1 /var/www/vendor/react/promise/src/Promise.php(47): React\Promise\Internal\RejectedPromise->then(Object(Closure), Array)
#2 /var/www/vendor/react/http/src/Io/ClientRequestStream.php(84): React\Promise\Promise->then(Object(Closure), Array)
#3 /var/www/vendor/react/http/src/Io/ClientRequestStream.php(131): React\Http\Io\ClientRequestStream->writeHead()
#4 /var/www/vendor/react/http/src/Io/ClientRequestStream.php(144): React\Http\Io\ClientRequestStream->write('{"app_id":"simr...')
#5 /var/www/vendor/react/http/src/Io/Sender.php(147): React\Http\Io\ClientRequestStream->end('{"app_id":"simr...')
#6 /var/www/vendor/react/http/src/Io/Transaction.php(146): React\Http\Io\Sender->send(Object(React\Http\Message\Request))
#7 /var/www/vendor/react/http/src/Io/Transaction.php(83): React\Http\Io\Transaction->next(Object(React\Http\Message\Request), Object(React\Promise\Deferred), Object(React\Http\Io\ClientRequestState))
#8 /var/www/vendor/react/http/src/Browser.php(854): React\Http\Io\Transaction->send(Object(React\Http\Message\Request))
#9 /var/www/vendor/react/http/src/Browser.php(177): React\Http\Browser->requestMayBeStreaming('POST', 'http://localhos...', Array, Object(GuzzleHttp\Psr7\Stream))
#10 /var/www/vendor/beyondcode/laravel-websockets/src/Statistics/Logger/HttpStatisticsLogger.php(81): React\Http\Browser->post('http://localhos...', Array, Object(GuzzleHttp\Psr7\Stream))
#11 /var/www/vendor/laravel/framework/src/Illuminate/Support/Facades/Facade.php(261): BeyondCode\LaravelWebSockets\Statistics\Logger\HttpStatisticsLogger->save()
#12 /var/www/vendor/beyondcode/laravel-websockets/src/Console/StartWebSocketServer.php(75): Illuminate\Support\Facades\Facade::__callStatic('save', Array)
#13 /var/www/vendor/react/event-loop/src/Timer/Timers.php(102): BeyondCode\LaravelWebSockets\Console\StartWebSocketServer->BeyondCode\LaravelWebSockets\Console\{closure}(Object(React\EventLoop\Timer\Timer))
#14 /var/www/vendor/react/event-loop/src/StreamSelectLoop.php(185): React\EventLoop\Timer\Timers->tick()
#15 /var/www/vendor/cboden/ratchet/src/Ratchet/Server/IoServer.php(74): React\EventLoop\StreamSelectLoop->run()
#16 /var/www/vendor/beyondcode/laravel-websockets/src/Console/StartWebSocketServer.php(155): Ratchet\Server\IoServer->run()
#17 /var/www/vendor/beyondcode/laravel-websockets/src/Console/StartWebSocketServer.php(52): BeyondCode\LaravelWebSockets\Console\StartWebSocketServer->startWebSocketServer()
#18 /var/www/vendor/laravel/framework/src/Illuminate/Container/BoundMethod.php(36): BeyondCode\LaravelWebSockets\Console\StartWebSocketServer->handle()
#19 /var/www/vendor/laravel/framework/src/Illuminate/Container/Util.php(40): Illuminate\Container\BoundMethod::Illuminate\Container\{closure}()
#20 /var/www/vendor/laravel/framework/src/Illuminate/Container/BoundMethod.php(93): Illuminate\Container\Util::unwrapIfClosure(Object(Closure))
#21 /var/www/vendor/laravel/framework/src/Illuminate/Container/BoundMethod.php(35): Illuminate\Container\BoundMethod::callBoundMethod(Object(Illuminate\Foundation\Application), Array, Object(Closure))
#22 /var/www/vendor/laravel/framework/src/Illuminate/Container/Container.php(653): Illuminate\Container\BoundMethod::call(Object(Illuminate\Foundation\Application), Array, Array, NULL)
#23 /var/www/vendor/laravel/framework/src/Illuminate/Console/Command.php(136): Illuminate\Container\Container->call(Array)
#24 /var/www/vendor/symfony/console/Command/Command.php(298): Illuminate\Console\Command->execute(Object(Symfony\Component\Console\Input\ArgvInput), Object(Illuminate\Console\OutputStyle))
#25 /var/www/vendor/laravel/framework/src/Illuminate/Console/Command.php(120): Symfony\Component\Console\Command\Command->run(Object(Symfony\Component\Console\Input\ArgvInput), Object(Illuminate\Console\OutputStyle))
#26 /var/www/vendor/symfony/console/Application.php(1040): Illuminate\Console\Command->run(Object(Symfony\Component\Console\Input\ArgvInput), Object(Symfony\Component\Console\Output\ConsoleOutput))
#27 /var/www/vendor/symfony/console/Application.php(301): Symfony\Component\Console\Application->doRunCommand(Object(BeyondCode\LaravelWebSockets\Console\StartWebSocketServer), Object(Symfony\Component\Console\Input\ArgvInput), Object(Symfony\Component\Console\Output\ConsoleOutput))
#28 /var/www/vendor/symfony/console/Application.php(171): Symfony\Component\Console\Application->doRun(Object(Symfony\Component\Console\Input\ArgvInput), Object(Symfony\Component\Console\Output\ConsoleOutput))
#29 /var/www/vendor/laravel/framework/src/Illuminate/Console/Application.php(94): Symfony\Component\Console\Application->run(Object(Symfony\Component\Console\Input\ArgvInput), Object(Symfony\Component\Console\Output\ConsoleOutput))
#30 /var/www/vendor/laravel/framework/src/Illuminate/Foundation/Console/Kernel.php(129): Illuminate\Console\Application->run(Object(Symfony\Component\Console\Input\ArgvInput), Object(Symfony\Component\Console\Output\ConsoleOutput))
#31 /var/www/artisan(35): Illuminate\Foundation\Console\Kernel->handle(Object(Symfony\Component\Console\Input\ArgvInput), Object(Symfony\Component\Console\Output\ConsoleOutput))
#32 {main}
simrs: connection id 271879209.274554740 received message: {"event":"pusher:ping","data":{}}.
Connection id 271879209.274554740 sending message {"event":"pusher:pong"}
simrs: connection id 299818630.81503779 received message: {"event":"pusher:ping","data":{}}.
Connection id 299818630.81503779 sending message {"event":"pusher:pong"}
simrs: connection id 271879209.274554740 received message: {"event":"pusher:ping","data":{}}.
Connection id 271879209.274554740 sending message {"event":"pusher:pong"}
simrs: connection id 299818630.81503779 received message: {"event":"pusher:ping","data":{}}.
Connection id 299818630.81503779 sending message {"event":"pusher:pong"}
Unhandled promise rejection with TypeError: React\Http\Io\ClientRequestStream::closeError(): Argument #1 ($error) must be of type Exception, Error given, called in /var/www/vendor/react/promise/src/Internal/RejectedPromise.php on line 73 and defined in /var/www/vendor/react/http/src/Io/ClientRequestStream.php:254
Stack trace:
#0 /var/www/vendor/react/promise/src/Internal/RejectedPromise.php(73): React\Http\Io\ClientRequestStream->closeError(Object(Error))
#1 /var/www/vendor/react/promise/src/Promise.php(47): React\Promise\Internal\RejectedPromise->then(Object(Closure), Array)
#2 /var/www/vendor/react/http/src/Io/ClientRequestStream.php(84): React\Promise\Promise->then(Object(Closure), Array)
#3 /var/www/vendor/react/http/src/Io/ClientRequestStream.php(131): React\Http\Io\ClientRequestStream->writeHead()
#4 /var/www/vendor/react/http/src/Io/ClientRequestStream.php(144): React\Http\Io\ClientRequestStream->write('{"app_id":"simr...')
#5 /var/www/vendor/react/http/src/Io/Sender.php(147): React\Http\Io\ClientRequestStream->end('{"app_id":"simr...')
#6 /var/www/vendor/react/http/src/Io/Transaction.php(146): React\Http\Io\Sender->send(Object(React\Http\Message\Request))
#7 /var/www/vendor/react/http/src/Io/Transaction.php(83): React\Http\Io\Transaction->next(Object(React\Http\Message\Request), Object(React\Promise\Deferred), Object(React\Http\Io\ClientRequestState))
#8 /var/www/vendor/react/http/src/Browser.php(854): React\Http\Io\Transaction->send(Object(React\Http\Message\Request))
#9 /var/www/vendor/react/http/src/Browser.php(177): React\Http\Browser->requestMayBeStreaming('POST', 'http://localhos...', Array, Object(GuzzleHttp\Psr7\Stream))
#10 /var/www/vendor/beyondcode/laravel-websockets/src/Statistics/Logger/HttpStatisticsLogger.php(81): React\Http\Browser->post('http://localhos...', Array, Object(GuzzleHttp\Psr7\Stream))
#11 /var/www/vendor/laravel/framework/src/Illuminate/Support/Facades/Facade.php(261): BeyondCode\LaravelWebSockets\Statistics\Logger\HttpStatisticsLogger->save()
#12 /var/www/vendor/beyondcode/laravel-websockets/src/Console/StartWebSocketServer.php(75): Illuminate\Support\Facades\Facade::__callStatic('save', Array)
#13 /var/www/vendor/react/event-loop/src/Timer/Timers.php(102): BeyondCode\LaravelWebSockets\Console\StartWebSocketServer->BeyondCode\LaravelWebSockets\Console\{closure}(Object(React\EventLoop\Timer\Timer))
#14 /var/www/vendor/react/event-loop/src/StreamSelectLoop.php(185): React\EventLoop\Timer\Timers->tick()
#15 /var/www/vendor/cboden/ratchet/src/Ratchet/Server/IoServer.php(74): React\EventLoop\StreamSelectLoop->run()
#16 /var/www/vendor/beyondcode/laravel-websockets/src/Console/StartWebSocketServer.php(155): Ratchet\Server\IoServer->run()
#17 /var/www/vendor/beyondcode/laravel-websockets/src/Console/StartWebSocketServer.php(52): BeyondCode\LaravelWebSockets\Console\StartWebSocketServer->startWebSocketServer()
#18 /var/www/vendor/laravel/framework/src/Illuminate/Container/BoundMethod.php(36): BeyondCode\LaravelWebSockets\Console\StartWebSocketServer->handle()
#19 /var/www/vendor/laravel/framework/src/Illuminate/Container/Util.php(40): Illuminate\Container\BoundMethod::Illuminate\Container\{closure}()
#20 /var/www/vendor/laravel/framework/src/Illuminate/Container/BoundMethod.php(93): Illuminate\Container\Util::unwrapIfClosure(Object(Closure))
#21 /var/www/vendor/laravel/framework/src/Illuminate/Container/BoundMethod.php(35): Illuminate\Container\BoundMethod::callBoundMethod(Object(Illuminate\Foundation\Application), Array, Object(Closure))
#22 /var/www/vendor/laravel/framework/src/Illuminate/Container/Container.php(653): Illuminate\Container\BoundMethod::call(Object(Illuminate\Foundation\Application), Array, Array, NULL)
#23 /var/www/vendor/laravel/framework/src/Illuminate/Console/Command.php(136): Illuminate\Container\Container->call(Array)
#24 /var/www/vendor/symfony/console/Command/Command.php(298): Illuminate\Console\Command->execute(Object(Symfony\Component\Console\Input\ArgvInput), Object(Illuminate\Console\OutputStyle))
#25 /var/www/vendor/laravel/framework/src/Illuminate/Console/Command.php(120): Symfony\Component\Console\Command\Command->run(Object(Symfony\Component\Console\Input\ArgvInput), Object(Illuminate\Console\OutputStyle))
#26 /var/www/vendor/symfony/console/Application.php(1040): Illuminate\Console\Command->run(Object(Symfony\Component\Console\Input\ArgvInput), Object(Symfony\Component\Console\Output\ConsoleOutput))
#27 /var/www/vendor/symfony/console/Application.php(301): Symfony\Component\Console\Application->doRunCommand(Object(BeyondCode\LaravelWebSockets\Console\StartWebSocketServer), Object(Symfony\Component\Console\Input\ArgvInput), Object(Symfony\Component\Console\Output\ConsoleOutput))
#28 /var/www/vendor/symfony/console/Application.php(171): Symfony\Component\Console\Application->doRun(Object(Symfony\Component\Console\Input\ArgvInput), Object(Symfony\Component\Console\Output\ConsoleOutput))
#29 /var/www/vendor/laravel/framework/src/Illuminate/Console/Application.php(94): Symfony\Component\Console\Application->run(Object(Symfony\Component\Console\Input\ArgvInput), Object(Symfony\Component\Console\Output\ConsoleOutput))
#30 /var/www/vendor/laravel/framework/src/Illuminate/Foundation/Console/Kernel.php(129): Illuminate\Console\Application->run(Object(Symfony\Component\Console\Input\ArgvInput), Object(Symfony\Component\Console\Output\ConsoleOutput))
#31 /var/www/artisan(35): Illuminate\Foundation\Console\Kernel->handle(Object(Symfony\Component\Console\Input\ArgvInput), Object(Symfony\Component\Console\Output\ConsoleOutput))
#32 {main}
simrs: connection id 271879209.274554740 received message: {"event":"pusher:ping","data":{}}.
Connection id 271879209.274554740 sending message {"event":"pusher:pong"}
simrs: connection id 299818630.81503779 received message: {"event":"pusher:ping","data":{}}.
Connection id 299818630.81503779 sending message {"event":"pusher:pong"}
Starting the WebSocket server on port 6003...
New connection opened for app key simrs_key_harry141312.
Connection id 870817345.91906910 sending message {"event":"pusher:connection_established","data":"{\"socket_id\":\"870817345.91906910\",\"activity_timeout\":30}"}
New connection opened for app key simrs_key_harry141312.
Connection id 651600869.744301456 sending message {"event":"pusher:connection_established","data":"{\"socket_id\":\"651600869.744301456\",\"activity_timeout\":30}"}
simrs: connection id 870817345.91906910 received message: {"event":"pusher:subscribe","data":{"auth":"","channel":"public.playground.1"}}.
Connection id 870817345.91906910 sending message {"event":"pusher_internal:subscription_succeeded","channel":"public.playground.1"}
simrs: connection id 651600869.744301456 received message: {"event":"pusher:subscribe","data":{"auth":"simrs_key_harry141312:5f8d337daab46129ff85fcd90c9f8b2b28423ec6c441f85a95c52c94ad0b83a0","channel":"private-websockets-dashboard-disconnection"}}.
Connection id 651600869.744301456 sending message {"event":"pusher_internal:subscription_succeeded","channel":"private-websockets-dashboard-disconnection"}
simrs: connection id 651600869.744301456 received message: {"event":"pusher:subscribe","data":{"auth":"simrs_key_harry141312:41a3867516ae9ede954fa2a8755f348130373196c82623bee01c4c45263d4195","channel":"private-websockets-dashboard-subscribed"}}.
Connection id 651600869.744301456 sending message {"event":"log-message","channel":"private-websockets-dashboard-subscribed","data":{"type":"subscribed","time":"10:37:20","socketId":"651600869.744301456","details":"Channel: private-websockets-dashboard-subscribed"}}
Connection id 651600869.744301456 sending message {"event":"pusher_internal:subscription_succeeded","channel":"private-websockets-dashboard-subscribed"}
simrs: connection id 651600869.744301456 received message: {"event":"pusher:subscribe","data":{"auth":"simrs_key_harry141312:d22eba128cc9e7b9359dc17443440e2817782af4ddd1e6427253d9ea494523ef","channel":"private-websockets-dashboard-vacated"}}.
Connection id 651600869.744301456 sending message {"event":"log-message","channel":"private-websockets-dashboard-subscribed","data":{"type":"subscribed","time":"10:37:20","socketId":"651600869.744301456","details":"Channel: private-websockets-dashboard-vacated"}}
Connection id 651600869.744301456 sending message {"event":"pusher_internal:subscription_succeeded","channel":"private-websockets-dashboard-vacated"}
simrs: connection id 651600869.744301456 received message: {"event":"pusher:subscribe","data":{"auth":"simrs_key_harry141312:7fae7ffc91a0afb88195d239b2b2c9a97d4a0a28e40a666e87a1a4e9e190c2c3","channel":"private-websockets-dashboard-connection"}}.
Connection id 651600869.744301456 sending message {"event":"log-message","channel":"private-websockets-dashboard-subscribed","data":{"type":"subscribed","time":"10:37:20","socketId":"651600869.744301456","details":"Channel: private-websockets-dashboard-connection"}}
Connection id 651600869.744301456 sending message {"event":"pusher_internal:subscription_succeeded","channel":"private-websockets-dashboard-connection"}
simrs: connection id 651600869.744301456 received message: {"event":"pusher:subscribe","data":{"auth":"simrs_key_harry141312:5d90c786f03159c48339a2c35e5fcadcd924f605794708ef8ee32f55e01c5a21","channel":"private-websockets-dashboard-api-message"}}.
Connection id 651600869.744301456 sending message {"event":"log-message","channel":"private-websockets-dashboard-subscribed","data":{"type":"subscribed","time":"10:37:20","socketId":"651600869.744301456","details":"Channel: private-websockets-dashboard-api-message"}}
Connection id 651600869.744301456 sending message {"event":"pusher_internal:subscription_succeeded","channel":"private-websockets-dashboard-api-message"}
simrs: connection id 651600869.744301456 received message: {"event":"pusher:subscribe","data":{"auth":"simrs_key_harry141312:ef3bece9ba2db7c4c1e7195552dd732b77340a9d1a5b764962ce94d28c0efe8a","channel":"private-websockets-dashboard-client-message"}}.
Connection id 651600869.744301456 sending message {"event":"log-message","channel":"private-websockets-dashboard-subscribed","data":{"type":"subscribed","time":"10:37:20","socketId":"651600869.744301456","details":"Channel: private-websockets-dashboard-client-message"}}
Connection id 651600869.744301456 sending message {"event":"pusher_internal:subscription_succeeded","channel":"private-websockets-dashboard-client-message"}
simrs: connection id 651600869.744301456 received message: {"event":"pusher:subscribe","data":{"auth":"simrs_key_harry141312:f3954830d49a036d0919756d86a1441814f683a1208e8d5ba98414287f916676","channel":"private-websockets-dashboard-occupied"}}.
Connection id 651600869.744301456 sending message {"event":"log-message","channel":"private-websockets-dashboard-occupied","data":{"type":"occupied","time":"10:37:20","details":"Channel: private-websockets-dashboard-occupied"}}
Connection id 651600869.744301456 sending message {"event":"log-message","channel":"private-websockets-dashboard-subscribed","data":{"type":"subscribed","time":"10:37:20","socketId":"651600869.744301456","details":"Channel: private-websockets-dashboard-occupied"}}
Connection id 651600869.744301456 sending message {"event":"pusher_internal:subscription_succeeded","channel":"private-websockets-dashboard-occupied"}
simrs: connection id 651600869.744301456 received message: {"event":"pusher:subscribe","data":{"auth":"simrs_key_harry141312:321dd6654cec6282dcca9989b184fb1ad276fd982b4ecdafd4f354475c781645","channel":"private-websockets-dashboard-statistics"}}.
Connection id 651600869.744301456 sending message {"event":"log-message","channel":"private-websockets-dashboard-occupied","data":{"type":"occupied","time":"10:37:21","details":"Channel: private-websockets-dashboard-statistics"}}
Connection id 651600869.744301456 sending message {"event":"log-message","channel":"private-websockets-dashboard-subscribed","data":{"type":"subscribed","time":"10:37:21","socketId":"651600869.744301456","details":"Channel: private-websockets-dashboard-statistics"}}
Connection id 651600869.744301456 sending message {"event":"pusher_internal:subscription_succeeded","channel":"private-websockets-dashboard-statistics"}
simrs: connection id 870817345.91906910 received message: {"event":"pusher:ping","data":{}}.
Connection id 870817345.91906910 sending message {"event":"pusher:pong"}
simrs: connection id 651600869.744301456 received message: {"event":"pusher:ping","data":{}}.
Connection id 651600869.744301456 sending message {"event":"pusher:pong"}
Unhandled promise rejection with TypeError: React\Http\Io\ClientRequestStream::closeError(): Argument #1 ($error) must be of type Exception, Error given, called in /var/www/vendor/react/promise/src/Internal/RejectedPromise.php on line 73 and defined in /var/www/vendor/react/http/src/Io/ClientRequestStream.php:254
Stack trace:
#0 /var/www/vendor/react/promise/src/Internal/RejectedPromise.php(73): React\Http\Io\ClientRequestStream->closeError(Object(Error))
#1 /var/www/vendor/react/promise/src/Promise.php(47): React\Promise\Internal\RejectedPromise->then(Object(Closure), Array)
#2 /var/www/vendor/react/http/src/Io/ClientRequestStream.php(84): React\Promise\Promise->then(Object(Closure), Array)
#3 /var/www/vendor/react/http/src/Io/ClientRequestStream.php(131): React\Http\Io\ClientRequestStream->writeHead()
#4 /var/www/vendor/react/http/src/Io/ClientRequestStream.php(144): React\Http\Io\ClientRequestStream->write('{"app_id":"simr...')
#5 /var/www/vendor/react/http/src/Io/Sender.php(147): React\Http\Io\ClientRequestStream->end('{"app_id":"simr...')
#6 /var/www/vendor/react/http/src/Io/Transaction.php(146): React\Http\Io\Sender->send(Object(React\Http\Message\Request))
#7 /var/www/vendor/react/http/src/Io/Transaction.php(83): React\Http\Io\Transaction->next(Object(React\Http\Message\Request), Object(React\Promise\Deferred), Object(React\Http\Io\ClientRequestState))
#8 /var/www/vendor/react/http/src/Browser.php(854): React\Http\Io\Transaction->send(Object(React\Http\Message\Request))
#9 /var/www/vendor/react/http/src/Browser.php(177): React\Http\Browser->requestMayBeStreaming('POST', 'http://localhos...', Array, Object(GuzzleHttp\Psr7\Stream))
#10 /var/www/vendor/beyondcode/laravel-websockets/src/Statistics/Logger/HttpStatisticsLogger.php(81): React\Http\Browser->post('http://localhos...', Array, Object(GuzzleHttp\Psr7\Stream))
#11 /var/www/vendor/laravel/framework/src/Illuminate/Support/Facades/Facade.php(261): BeyondCode\LaravelWebSockets\Statistics\Logger\HttpStatisticsLogger->save()
#12 /var/www/vendor/beyondcode/laravel-websockets/src/Console/StartWebSocketServer.php(75): Illuminate\Support\Facades\Facade::__callStatic('save', Array)
#13 /var/www/vendor/react/event-loop/src/Timer/Timers.php(102): BeyondCode\LaravelWebSockets\Console\StartWebSocketServer->BeyondCode\LaravelWebSockets\Console\{closure}(Object(React\EventLoop\Timer\Timer))
#14 /var/www/vendor/react/event-loop/src/StreamSelectLoop.php(185): React\EventLoop\Timer\Timers->tick()
#15 /var/www/vendor/cboden/ratchet/src/Ratchet/Server/IoServer.php(74): React\EventLoop\StreamSelectLoop->run()
#16 /var/www/vendor/beyondcode/laravel-websockets/src/Console/StartWebSocketServer.php(155): Ratchet\Server\IoServer->run()
#17 /var/www/vendor/beyondcode/laravel-websockets/src/Console/StartWebSocketServer.php(52): BeyondCode\LaravelWebSockets\Console\StartWebSocketServer->startWebSocketServer()
#18 /var/www/vendor/laravel/framework/src/Illuminate/Container/BoundMethod.php(36): BeyondCode\LaravelWebSockets\Console\StartWebSocketServer->handle()
#19 /var/www/vendor/laravel/framework/src/Illuminate/Container/Util.php(40): Illuminate\Container\BoundMethod::Illuminate\Container\{closure}()
#20 /var/www/vendor/laravel/framework/src/Illuminate/Container/BoundMethod.php(93): Illuminate\Container\Util::unwrapIfClosure(Object(Closure))
#21 /var/www/vendor/laravel/framework/src/Illuminate/Container/BoundMethod.php(35): Illuminate\Container\BoundMethod::callBoundMethod(Object(Illuminate\Foundation\Application), Array, Object(Closure))
#22 /var/www/vendor/laravel/framework/src/Illuminate/Container/Container.php(653): Illuminate\Container\BoundMethod::call(Object(Illuminate\Foundation\Application), Array, Array, NULL)
#23 /var/www/vendor/laravel/framework/src/Illuminate/Console/Command.php(136): Illuminate\Container\Container->call(Array)
#24 /var/www/vendor/symfony/console/Command/Command.php(298): Illuminate\Console\Command->execute(Object(Symfony\Component\Console\Input\ArgvInput), Object(Illuminate\Console\OutputStyle))
#25 /var/www/vendor/laravel/framework/src/Illuminate/Console/Command.php(120): Symfony\Component\Console\Command\Command->run(Object(Symfony\Component\Console\Input\ArgvInput), Object(Illuminate\Console\OutputStyle))
#26 /var/www/vendor/symfony/console/Application.php(1040): Illuminate\Console\Command->run(Object(Symfony\Component\Console\Input\ArgvInput), Object(Symfony\Component\Console\Output\ConsoleOutput))
#27 /var/www/vendor/symfony/console/Application.php(301): Symfony\Component\Console\Application->doRunCommand(Object(BeyondCode\LaravelWebSockets\Console\StartWebSocketServer), Object(Symfony\Component\Console\Input\ArgvInput), Object(Symfony\Component\Console\Output\ConsoleOutput))
#28 /var/www/vendor/symfony/console/Application.php(171): Symfony\Component\Console\Application->doRun(Object(Symfony\Component\Console\Input\ArgvInput), Object(Symfony\Component\Console\Output\ConsoleOutput))
#29 /var/www/vendor/laravel/framework/src/Illuminate/Console/Application.php(94): Symfony\Component\Console\Application->run(Object(Symfony\Component\Console\Input\ArgvInput), Object(Symfony\Component\Console\Output\ConsoleOutput))
#30 /var/www/vendor/laravel/framework/src/Illuminate/Foundation/Console/Kernel.php(129): Illuminate\Console\Application->run(Object(Symfony\Component\Console\Input\ArgvInput), Object(Symfony\Component\Console\Output\ConsoleOutput))
#31 /var/www/artisan(35): Illuminate\Foundation\Console\Kernel->handle(Object(Symfony\Component\Console\Input\ArgvInput), Object(Symfony\Component\Console\Output\ConsoleOutput))
#32 {main}
simrs: connection id 870817345.91906910 received message: {"event":"pusher:ping","data":{}}.
Connection id 870817345.91906910 sending message {"event":"pusher:pong"}
simrs: connection id 651600869.744301456 received message: {"event":"pusher:ping","data":{}}.
Connection id 651600869.744301456 sending message {"event":"pusher:pong"}
simrs: connection id 870817345.91906910 received message: {"event":"pusher:ping","data":{}}.
Connection id 870817345.91906910 sending message {"event":"pusher:pong"}
simrs: connection id 651600869.744301456 received message: {"event":"pusher:ping","data":{}}.
Connection id 651600869.744301456 sending message {"event":"pusher:pong"}
Unhandled promise rejection with TypeError: React\Http\Io\ClientRequestStream::closeError(): Argument #1 ($error) must be of type Exception, Error given, called in /var/www/vendor/react/promise/src/Internal/RejectedPromise.php on line 73 and defined in /var/www/vendor/react/http/src/Io/ClientRequestStream.php:254
Stack trace:
#0 /var/www/vendor/react/promise/src/Internal/RejectedPromise.php(73): React\Http\Io\ClientRequestStream->closeError(Object(Error))
#1 /var/www/vendor/react/promise/src/Promise.php(47): React\Promise\Internal\RejectedPromise->then(Object(Closure), Array)
#2 /var/www/vendor/react/http/src/Io/ClientRequestStream.php(84): React\Promise\Promise->then(Object(Closure), Array)
#3 /var/www/vendor/react/http/src/Io/ClientRequestStream.php(131): React\Http\Io\ClientRequestStream->writeHead()
#4 /var/www/vendor/react/http/src/Io/ClientRequestStream.php(144): React\Http\Io\ClientRequestStream->write('{"app_id":"simr...')
#5 /var/www/vendor/react/http/src/Io/Sender.php(147): React\Http\Io\ClientRequestStream->end('{"app_id":"simr...')
#6 /var/www/vendor/react/http/src/Io/Transaction.php(146): React\Http\Io\Sender->send(Object(React\Http\Message\Request))
#7 /var/www/vendor/react/http/src/Io/Transaction.php(83): React\Http\Io\Transaction->next(Object(React\Http\Message\Request), Object(React\Promise\Deferred), Object(React\Http\Io\ClientRequestState))
#8 /var/www/vendor/react/http/src/Browser.php(854): React\Http\Io\Transaction->send(Object(React\Http\Message\Request))
#9 /var/www/vendor/react/http/src/Browser.php(177): React\Http\Browser->requestMayBeStreaming('POST', 'http://localhos...', Array, Object(GuzzleHttp\Psr7\Stream))
#10 /var/www/vendor/beyondcode/laravel-websockets/src/Statistics/Logger/HttpStatisticsLogger.php(81): React\Http\Browser->post('http://localhos...', Array, Object(GuzzleHttp\Psr7\Stream))
#11 /var/www/vendor/laravel/framework/src/Illuminate/Support/Facades/Facade.php(261): BeyondCode\LaravelWebSockets\Statistics\Logger\HttpStatisticsLogger->save()
#12 /var/www/vendor/beyondcode/laravel-websockets/src/Console/StartWebSocketServer.php(75): Illuminate\Support\Facades\Facade::__callStatic('save', Array)
#13 /var/www/vendor/react/event-loop/src/Timer/Timers.php(102): BeyondCode\LaravelWebSockets\Console\StartWebSocketServer->BeyondCode\LaravelWebSockets\Console\{closure}(Object(React\EventLoop\Timer\Timer))
#14 /var/www/vendor/react/event-loop/src/StreamSelectLoop.php(185): React\EventLoop\Timer\Timers->tick()
#15 /var/www/vendor/cboden/ratchet/src/Ratchet/Server/IoServer.php(74): React\EventLoop\StreamSelectLoop->run()
#16 /var/www/vendor/beyondcode/laravel-websockets/src/Console/StartWebSocketServer.php(155): Ratchet\Server\IoServer->run()
#17 /var/www/vendor/beyondcode/laravel-websockets/src/Console/StartWebSocketServer.php(52): BeyondCode\LaravelWebSockets\Console\StartWebSocketServer->startWebSocketServer()
#18 /var/www/vendor/laravel/framework/src/Illuminate/Container/BoundMethod.php(36): BeyondCode\LaravelWebSockets\Console\StartWebSocketServer->handle()
#19 /var/www/vendor/laravel/framework/src/Illuminate/Container/Util.php(40): Illuminate\Container\BoundMethod::Illuminate\Container\{closure}()
#20 /var/www/vendor/laravel/framework/src/Illuminate/Container/BoundMethod.php(93): Illuminate\Container\Util::unwrapIfClosure(Object(Closure))
#21 /var/www/vendor/laravel/framework/src/Illuminate/Container/BoundMethod.php(35): Illuminate\Container\BoundMethod::callBoundMethod(Object(Illuminate\Foundation\Application), Array, Object(Closure))
#22 /var/www/vendor/laravel/framework/src/Illuminate/Container/Container.php(653): Illuminate\Container\BoundMethod::call(Object(Illuminate\Foundation\Application), Array, Array, NULL)
#23 /var/www/vendor/laravel/framework/src/Illuminate/Console/Command.php(136): Illuminate\Container\Container->call(Array)
#24 /var/www/vendor/symfony/console/Command/Command.php(298): Illuminate\Console\Command->execute(Object(Symfony\Component\Console\Input\ArgvInput), Object(Illuminate\Console\OutputStyle))
#25 /var/www/vendor/laravel/framework/src/Illuminate/Console/Command.php(120): Symfony\Component\Console\Command\Command->run(Object(Symfony\Component\Console\Input\ArgvInput), Object(Illuminate\Console\OutputStyle))
#26 /var/www/vendor/symfony/console/Application.php(1040): Illuminate\Console\Command->run(Object(Symfony\Component\Console\Input\ArgvInput), Object(Symfony\Component\Console\Output\ConsoleOutput))
#27 /var/www/vendor/symfony/console/Application.php(301): Symfony\Component\Console\Application->doRunCommand(Object(BeyondCode\LaravelWebSockets\Console\StartWebSocketServer), Object(Symfony\Component\Console\Input\ArgvInput), Object(Symfony\Component\Console\Output\ConsoleOutput))
#28 /var/www/vendor/symfony/console/Application.php(171): Symfony\Component\Console\Application->doRun(Object(Symfony\Component\Console\Input\ArgvInput), Object(Symfony\Component\Console\Output\ConsoleOutput))
#29 /var/www/vendor/laravel/framework/src/Illuminate/Console/Application.php(94): Symfony\Component\Console\Application->run(Object(Symfony\Component\Console\Input\ArgvInput), Object(Symfony\Component\Console\Output\ConsoleOutput))
#30 /var/www/vendor/laravel/framework/src/Illuminate/Foundation/Console/Kernel.php(129): Illuminate\Console\Application->run(Object(Symfony\Component\Console\Input\ArgvInput), Object(Symfony\Component\Console\Output\ConsoleOutput))
#31 /var/www/artisan(35): Illuminate\Foundation\Console\Kernel->handle(Object(Symfony\Component\Console\Input\ArgvInput), Object(Symfony\Component\Console\Output\ConsoleOutput))
#32 {main}
simrs: connection id 870817345.91906910 received message: {"event":"pusher:ping","data":{}}.
Connection id 870817345.91906910 sending message {"event":"pusher:pong"}
simrs: connection id 651600869.744301456 received message: {"event":"pusher:ping","data":{}}.
Connection id 651600869.744301456 sending message {"event":"pusher:pong"}
simrs: connection id 870817345.91906910 received message: {"event":"pusher:ping","data":{}}.
Connection id 870817345.91906910 sending message {"event":"pusher:pong"}
simrs: connection id 651600869.744301456 received message: {"event":"pusher:ping","data":{}}.
Connection id 651600869.744301456 sending message {"event":"pusher:pong"}
Unhandled promise rejection with TypeError: React\Http\Io\ClientRequestStream::closeError(): Argument #1 ($error) must be of type Exception, Error given, called in /var/www/vendor/react/promise/src/Internal/RejectedPromise.php on line 73 and defined in /var/www/vendor/react/http/src/Io/ClientRequestStream.php:254
Stack trace:
#0 /var/www/vendor/react/promise/src/Internal/RejectedPromise.php(73): React\Http\Io\ClientRequestStream->closeError(Object(Error))
#1 /var/www/vendor/react/promise/src/Promise.php(47): React\Promise\Internal\RejectedPromise->then(Object(Closure), Array)
#2 /var/www/vendor/react/http/src/Io/ClientRequestStream.php(84): React\Promise\Promise->then(Object(Closure), Array)
#3 /var/www/vendor/react/http/src/Io/ClientRequestStream.php(131): React\Http\Io\ClientRequestStream->writeHead()
#4 /var/www/vendor/react/http/src/Io/ClientRequestStream.php(144): React\Http\Io\ClientRequestStream->write('{"app_id":"simr...')
#5 /var/www/vendor/react/http/src/Io/Sender.php(147): React\Http\Io\ClientRequestStream->end('{"app_id":"simr...')
#6 /var/www/vendor/react/http/src/Io/Transaction.php(146): React\Http\Io\Sender->send(Object(React\Http\Message\Request))
#7 /var/www/vendor/react/http/src/Io/Transaction.php(83): React\Http\Io\Transaction->next(Object(React\Http\Message\Request), Object(React\Promise\Deferred), Object(React\Http\Io\ClientRequestState))
#8 /var/www/vendor/react/http/src/Browser.php(854): React\Http\Io\Transaction->send(Object(React\Http\Message\Request))
#9 /var/www/vendor/react/http/src/Browser.php(177): React\Http\Browser->requestMayBeStreaming('POST', 'http://localhos...', Array, Object(GuzzleHttp\Psr7\Stream))
#10 /var/www/vendor/beyondcode/laravel-websockets/src/Statistics/Logger/HttpStatisticsLogger.php(81): React\Http\Browser->post('http://localhos...', Array, Object(GuzzleHttp\Psr7\Stream))
#11 /var/www/vendor/laravel/framework/src/Illuminate/Support/Facades/Facade.php(261): BeyondCode\LaravelWebSockets\Statistics\Logger\HttpStatisticsLogger->save()
#12 /var/www/vendor/beyondcode/laravel-websockets/src/Console/StartWebSocketServer.php(75): Illuminate\Support\Facades\Facade::__callStatic('save', Array)
#13 /var/www/vendor/react/event-loop/src/Timer/Timers.php(102): BeyondCode\LaravelWebSockets\Console\StartWebSocketServer->BeyondCode\LaravelWebSockets\Console\{closure}(Object(React\EventLoop\Timer\Timer))
#14 /var/www/vendor/react/event-loop/src/StreamSelectLoop.php(185): React\EventLoop\Timer\Timers->tick()
#15 /var/www/vendor/cboden/ratchet/src/Ratchet/Server/IoServer.php(74): React\EventLoop\StreamSelectLoop->run()
#16 /var/www/vendor/beyondcode/laravel-websockets/src/Console/StartWebSocketServer.php(155): Ratchet\Server\IoServer->run()
#17 /var/www/vendor/beyondcode/laravel-websockets/src/Console/StartWebSocketServer.php(52): BeyondCode\LaravelWebSockets\Console\StartWebSocketServer->startWebSocketServer()
#18 /var/www/vendor/laravel/framework/src/Illuminate/Container/BoundMethod.php(36): BeyondCode\LaravelWebSockets\Console\StartWebSocketServer->handle()
#19 /var/www/vendor/laravel/framework/src/Illuminate/Container/Util.php(40): Illuminate\Container\BoundMethod::Illuminate\Container\{closure}()
#20 /var/www/vendor/laravel/framework/src/Illuminate/Container/BoundMethod.php(93): Illuminate\Container\Util::unwrapIfClosure(Object(Closure))
#21 /var/www/vendor/laravel/framework/src/Illuminate/Container/BoundMethod.php(35): Illuminate\Container\BoundMethod::callBoundMethod(Object(Illuminate\Foundation\Application), Array, Object(Closure))
#22 /var/www/vendor/laravel/framework/src/Illuminate/Container/Container.php(653): Illuminate\Container\BoundMethod::call(Object(Illuminate\Foundation\Application), Array, Array, NULL)
#23 /var/www/vendor/laravel/framework/src/Illuminate/Console/Command.php(136): Illuminate\Container\Container->call(Array)
#24 /var/www/vendor/symfony/console/Command/Command.php(298): Illuminate\Console\Command->execute(Object(Symfony\Component\Console\Input\ArgvInput), Object(Illuminate\Console\OutputStyle))
#25 /var/www/vendor/laravel/framework/src/Illuminate/Console/Command.php(120): Symfony\Component\Console\Command\Command->run(Object(Symfony\Component\Console\Input\ArgvInput), Object(Illuminate\Console\OutputStyle))
#26 /var/www/vendor/symfony/console/Application.php(1040): Illuminate\Console\Command->run(Object(Symfony\Component\Console\Input\ArgvInput), Object(Symfony\Component\Console\Output\ConsoleOutput))
#27 /var/www/vendor/symfony/console/Application.php(301): Symfony\Component\Console\Application->doRunCommand(Object(BeyondCode\LaravelWebSockets\Console\StartWebSocketServer), Object(Symfony\Component\Console\Input\ArgvInput), Object(Symfony\Component\Console\Output\ConsoleOutput))
#28 /var/www/vendor/symfony/console/Application.php(171): Symfony\Component\Console\Application->doRun(Object(Symfony\Component\Console\Input\ArgvInput), Object(Symfony\Component\Console\Output\ConsoleOutput))
#29 /var/www/vendor/laravel/framework/src/Illuminate/Console/Application.php(94): Symfony\Component\Console\Application->run(Object(Symfony\Component\Console\Input\ArgvInput), Object(Symfony\Component\Console\Output\ConsoleOutput))
#30 /var/www/vendor/laravel/framework/src/Illuminate/Foundation/Console/Kernel.php(129): Illuminate\Console\Application->run(Object(Symfony\Component\Console\Input\ArgvInput), Object(Symfony\Component\Console\Output\ConsoleOutput))
#31 /var/www/artisan(35): Illuminate\Foundation\Console\Kernel->handle(Object(Symfony\Component\Console\Input\ArgvInput), Object(Symfony\Component\Console\Output\ConsoleOutput))
#32 {main}
simrs: connection id 870817345.91906910 received message: {"event":"pusher:ping","data":{}}.
Connection id 870817345.91906910 sending message {"event":"pusher:pong"}
simrs: connection id 651600869.744301456 received message: {"event":"pusher:ping","data":{}}.
Connection id 651600869.744301456 sending message {"event":"pusher:pong"}
simrs: connection id 870817345.91906910 received message: {"event":"pusher:ping","data":{}}.
Connection id 870817345.91906910 sending message {"event":"pusher:pong"}
simrs: connection id 651600869.744301456 received message: {"event":"pusher:ping","data":{}}.
Connection id 651600869.744301456 sending message {"event":"pusher:pong"}
Unhandled promise rejection with TypeError: React\Http\Io\ClientRequestStream::closeError(): Argument #1 ($error) must be of type Exception, Error given, called in /var/www/vendor/react/promise/src/Internal/RejectedPromise.php on line 73 and defined in /var/www/vendor/react/http/src/Io/ClientRequestStream.php:254
Stack trace:
#0 /var/www/vendor/react/promise/src/Internal/RejectedPromise.php(73): React\Http\Io\ClientRequestStream->closeError(Object(Error))
#1 /var/www/vendor/react/promise/src/Promise.php(47): React\Promise\Internal\RejectedPromise->then(Object(Closure), Array)
#2 /var/www/vendor/react/http/src/Io/ClientRequestStream.php(84): React\Promise\Promise->then(Object(Closure), Array)
#3 /var/www/vendor/react/http/src/Io/ClientRequestStream.php(131): React\Http\Io\ClientRequestStream->writeHead()
#4 /var/www/vendor/react/http/src/Io/ClientRequestStream.php(144): React\Http\Io\ClientRequestStream->write('{"app_id":"simr...')
#5 /var/www/vendor/react/http/src/Io/Sender.php(147): React\Http\Io\ClientRequestStream->end('{"app_id":"simr...')
#6 /var/www/vendor/react/http/src/Io/Transaction.php(146): React\Http\Io\Sender->send(Object(React\Http\Message\Request))
#7 /var/www/vendor/react/http/src/Io/Transaction.php(83): React\Http\Io\Transaction->next(Object(React\Http\Message\Request), Object(React\Promise\Deferred), Object(React\Http\Io\ClientRequestState))
#8 /var/www/vendor/react/http/src/Browser.php(854): React\Http\Io\Transaction->send(Object(React\Http\Message\Request))
#9 /var/www/vendor/react/http/src/Browser.php(177): React\Http\Browser->requestMayBeStreaming('POST', 'http://localhos...', Array, Object(GuzzleHttp\Psr7\Stream))
#10 /var/www/vendor/beyondcode/laravel-websockets/src/Statistics/Logger/HttpStatisticsLogger.php(81): React\Http\Browser->post('http://localhos...', Array, Object(GuzzleHttp\Psr7\Stream))
#11 /var/www/vendor/laravel/framework/src/Illuminate/Support/Facades/Facade.php(261): BeyondCode\LaravelWebSockets\Statistics\Logger\HttpStatisticsLogger->save()
#12 /var/www/vendor/beyondcode/laravel-websockets/src/Console/StartWebSocketServer.php(75): Illuminate\Support\Facades\Facade::__callStatic('save', Array)
#13 /var/www/vendor/react/event-loop/src/Timer/Timers.php(102): BeyondCode\LaravelWebSockets\Console\StartWebSocketServer->BeyondCode\LaravelWebSockets\Console\{closure}(Object(React\EventLoop\Timer\Timer))
#14 /var/www/vendor/react/event-loop/src/StreamSelectLoop.php(185): React\EventLoop\Timer\Timers->tick()
#15 /var/www/vendor/cboden/ratchet/src/Ratchet/Server/IoServer.php(74): React\EventLoop\StreamSelectLoop->run()
#16 /var/www/vendor/beyondcode/laravel-websockets/src/Console/StartWebSocketServer.php(155): Ratchet\Server\IoServer->run()
#17 /var/www/vendor/beyondcode/laravel-websockets/src/Console/StartWebSocketServer.php(52): BeyondCode\LaravelWebSockets\Console\StartWebSocketServer->startWebSocketServer()
#18 /var/www/vendor/laravel/framework/src/Illuminate/Container/BoundMethod.php(36): BeyondCode\LaravelWebSockets\Console\StartWebSocketServer->handle()
#19 /var/www/vendor/laravel/framework/src/Illuminate/Container/Util.php(40): Illuminate\Container\BoundMethod::Illuminate\Container\{closure}()
#20 /var/www/vendor/laravel/framework/src/Illuminate/Container/BoundMethod.php(93): Illuminate\Container\Util::unwrapIfClosure(Object(Closure))
#21 /var/www/vendor/laravel/framework/src/Illuminate/Container/BoundMethod.php(35): Illuminate\Container\BoundMethod::callBoundMethod(Object(Illuminate\Foundation\Application), Array, Object(Closure))
#22 /var/www/vendor/laravel/framework/src/Illuminate/Container/Container.php(653): Illuminate\Container\BoundMethod::call(Object(Illuminate\Foundation\Application), Array, Array, NULL)
#23 /var/www/vendor/laravel/framework/src/Illuminate/Console/Command.php(136): Illuminate\Container\Container->call(Array)
#24 /var/www/vendor/symfony/console/Command/Command.php(298): Illuminate\Console\Command->execute(Object(Symfony\Component\Console\Input\ArgvInput), Object(Illuminate\Console\OutputStyle))
#25 /var/www/vendor/laravel/framework/src/Illuminate/Console/Command.php(120): Symfony\Component\Console\Command\Command->run(Object(Symfony\Component\Console\Input\ArgvInput), Object(Illuminate\Console\OutputStyle))
#26 /var/www/vendor/symfony/console/Application.php(1040): Illuminate\Console\Command->run(Object(Symfony\Component\Console\Input\ArgvInput), Object(Symfony\Component\Console\Output\ConsoleOutput))
#27 /var/www/vendor/symfony/console/Application.php(301): Symfony\Component\Console\Application->doRunCommand(Object(BeyondCode\LaravelWebSockets\Console\StartWebSocketServer), Object(Symfony\Component\Console\Input\ArgvInput), Object(Symfony\Component\Console\Output\ConsoleOutput))
#28 /var/www/vendor/symfony/console/Application.php(171): Symfony\Component\Console\Application->doRun(Object(Symfony\Component\Console\Input\ArgvInput), Object(Symfony\Component\Console\Output\ConsoleOutput))
#29 /var/www/vendor/laravel/framework/src/Illuminate/Console/Application.php(94): Symfony\Component\Console\Application->run(Object(Symfony\Component\Console\Input\ArgvInput), Object(Symfony\Component\Console\Output\ConsoleOutput))
#30 /var/www/vendor/laravel/framework/src/Illuminate/Foundation/Console/Kernel.php(129): Illuminate\Console\Application->run(Object(Symfony\Component\Console\Input\ArgvInput), Object(Symfony\Component\Console\Output\ConsoleOutput))
#31 /var/www/artisan(35): Illuminate\Foundation\Console\Kernel->handle(Object(Symfony\Component\Console\Input\ArgvInput), Object(Symfony\Component\Console\Output\ConsoleOutput))
#32 {main}
simrs: connection id 870817345.91906910 received message: {"event":"pusher:ping","data":{}}.
Connection id 870817345.91906910 sending message {"event":"pusher:pong"}
simrs: connection id 651600869.744301456 received message: {"event":"pusher:ping","data":{}}.
Connection id 651600869.744301456 sending message {"event":"pusher:pong"}
simrs: connection id 870817345.91906910 received message: {"event":"pusher:ping","data":{}}.
Connection id 870817345.91906910 sending message {"event":"pusher:pong"}
simrs: connection id 651600869.744301456 received message: {"event":"pusher:ping","data":{}}.
Connection id 651600869.744301456 sending message {"event":"pusher:pong"}
Unhandled promise rejection with TypeError: React\Http\Io\ClientRequestStream::closeError(): Argument #1 ($error) must be of type Exception, Error given, called in /var/www/vendor/react/promise/src/Internal/RejectedPromise.php on line 73 and defined in /var/www/vendor/react/http/src/Io/ClientRequestStream.php:254
Stack trace:
#0 /var/www/vendor/react/promise/src/Internal/RejectedPromise.php(73): React\Http\Io\ClientRequestStream->closeError(Object(Error))
#1 /var/www/vendor/react/promise/src/Promise.php(47): React\Promise\Internal\RejectedPromise->then(Object(Closure), Array)
#2 /var/www/vendor/react/http/src/Io/ClientRequestStream.php(84): React\Promise\Promise->then(Object(Closure), Array)
#3 /var/www/vendor/react/http/src/Io/ClientRequestStream.php(131): React\Http\Io\ClientRequestStream->writeHead()
#4 /var/www/vendor/react/http/src/Io/ClientRequestStream.php(144): React\Http\Io\ClientRequestStream->write('{"app_id":"simr...')
#5 /var/www/vendor/react/http/src/Io/Sender.php(147): React\Http\Io\ClientRequestStream->end('{"app_id":"simr...')
#6 /var/www/vendor/react/http/src/Io/Transaction.php(146): React\Http\Io\Sender->send(Object(React\Http\Message\Request))
#7 /var/www/vendor/react/http/src/Io/Transaction.php(83): React\Http\Io\Transaction->next(Object(React\Http\Message\Request), Object(React\Promise\Deferred), Object(React\Http\Io\ClientRequestState))
#8 /var/www/vendor/react/http/src/Browser.php(854): React\Http\Io\Transaction->send(Object(React\Http\Message\Request))
#9 /var/www/vendor/react/http/src/Browser.php(177): React\Http\Browser->requestMayBeStreaming('POST', 'http://localhos...', Array, Object(GuzzleHttp\Psr7\Stream))
#10 /var/www/vendor/beyondcode/laravel-websockets/src/Statistics/Logger/HttpStatisticsLogger.php(81): React\Http\Browser->post('http://localhos...', Array, Object(GuzzleHttp\Psr7\Stream))
#11 /var/www/vendor/laravel/framework/src/Illuminate/Support/Facades/Facade.php(261): BeyondCode\LaravelWebSockets\Statistics\Logger\HttpStatisticsLogger->save()
#12 /var/www/vendor/beyondcode/laravel-websockets/src/Console/StartWebSocketServer.php(75): Illuminate\Support\Facades\Facade::__callStatic('save', Array)
#13 /var/www/vendor/react/event-loop/src/Timer/Timers.php(102): BeyondCode\LaravelWebSockets\Console\StartWebSocketServer->BeyondCode\LaravelWebSockets\Console\{closure}(Object(React\EventLoop\Timer\Timer))
#14 /var/www/vendor/react/event-loop/src/StreamSelectLoop.php(185): React\EventLoop\Timer\Timers->tick()
#15 /var/www/vendor/cboden/ratchet/src/Ratchet/Server/IoServer.php(74): React\EventLoop\StreamSelectLoop->run()
#16 /var/www/vendor/beyondcode/laravel-websockets/src/Console/StartWebSocketServer.php(155): Ratchet\Server\IoServer->run()
#17 /var/www/vendor/beyondcode/laravel-websockets/src/Console/StartWebSocketServer.php(52): BeyondCode\LaravelWebSockets\Console\StartWebSocketServer->startWebSocketServer()
#18 /var/www/vendor/laravel/framework/src/Illuminate/Container/BoundMethod.php(36): BeyondCode\LaravelWebSockets\Console\StartWebSocketServer->handle()
#19 /var/www/vendor/laravel/framework/src/Illuminate/Container/Util.php(40): Illuminate\Container\BoundMethod::Illuminate\Container\{closure}()
#20 /var/www/vendor/laravel/framework/src/Illuminate/Container/BoundMethod.php(93): Illuminate\Container\Util::unwrapIfClosure(Object(Closure))
#21 /var/www/vendor/laravel/framework/src/Illuminate/Container/BoundMethod.php(35): Illuminate\Container\BoundMethod::callBoundMethod(Object(Illuminate\Foundation\Application), Array, Object(Closure))
#22 /var/www/vendor/laravel/framework/src/Illuminate/Container/Container.php(653): Illuminate\Container\BoundMethod::call(Object(Illuminate\Foundation\Application), Array, Array, NULL)
#23 /var/www/vendor/laravel/framework/src/Illuminate/Console/Command.php(136): Illuminate\Container\Container->call(Array)
#24 /var/www/vendor/symfony/console/Command/Command.php(298): Illuminate\Console\Command->execute(Object(Symfony\Component\Console\Input\ArgvInput), Object(Illuminate\Console\OutputStyle))
#25 /var/www/vendor/laravel/framework/src/Illuminate/Console/Command.php(120): Symfony\Component\Console\Command\Command->run(Object(Symfony\Component\Console\Input\ArgvInput), Object(Illuminate\Console\OutputStyle))
#26 /var/www/vendor/symfony/console/Application.php(1040): Illuminate\Console\Command->run(Object(Symfony\Component\Console\Input\ArgvInput), Object(Symfony\Component\Console\Output\ConsoleOutput))
#27 /var/www/vendor/symfony/console/Application.php(301): Symfony\Component\Console\Application->doRunCommand(Object(BeyondCode\LaravelWebSockets\Console\StartWebSocketServer), Object(Symfony\Component\Console\Input\ArgvInput), Object(Symfony\Component\Console\Output\ConsoleOutput))
#28 /var/www/vendor/symfony/console/Application.php(171): Symfony\Component\Console\Application->doRun(Object(Symfony\Component\Console\Input\ArgvInput), Object(Symfony\Component\Console\Output\ConsoleOutput))
#29 /var/www/vendor/laravel/framework/src/Illuminate/Console/Application.php(94): Symfony\Component\Console\Application->run(Object(Symfony\Component\Console\Input\ArgvInput), Object(Symfony\Component\Console\Output\ConsoleOutput))
#30 /var/www/vendor/laravel/framework/src/Illuminate/Foundation/Console/Kernel.php(129): Illuminate\Console\Application->run(Object(Symfony\Component\Console\Input\ArgvInput), Object(Symfony\Component\Console\Output\ConsoleOutput))
#31 /var/www/artisan(35): Illuminate\Foundation\Console\Kernel->handle(Object(Symfony\Component\Console\Input\ArgvInput), Object(Symfony\Component\Console\Output\ConsoleOutput))
#32 {main}
simrs: connection id 870817345.91906910 received message: {"event":"pusher:ping","data":{}}.
Connection id 870817345.91906910 sending message {"event":"pusher:pong"}
simrs: connection id 651600869.744301456 received message: {"event":"pusher:ping","data":{}}.
Connection id 651600869.744301456 sending message {"event":"pusher:pong"}
simrs: connection id 870817345.91906910 received message: {"event":"pusher:ping","data":{}}.
Connection id 870817345.91906910 sending message {"event":"pusher:pong"}
simrs: connection id 651600869.744301456 received message: {"event":"pusher:ping","data":{}}.
Connection id 651600869.744301456 sending message {"event":"pusher:pong"}
Unhandled promise rejection with TypeError: React\Http\Io\ClientRequestStream::closeError(): Argument #1 ($error) must be of type Exception, Error given, called in /var/www/vendor/react/promise/src/Internal/RejectedPromise.php on line 73 and defined in /var/www/vendor/react/http/src/Io/ClientRequestStream.php:254
Stack trace:
#0 /var/www/vendor/react/promise/src/Internal/RejectedPromise.php(73): React\Http\Io\ClientRequestStream->closeError(Object(Error))
#1 /var/www/vendor/react/promise/src/Promise.php(47): React\Promise\Internal\RejectedPromise->then(Object(Closure), Array)
#2 /var/www/vendor/react/http/src/Io/ClientRequestStream.php(84): React\Promise\Promise->then(Object(Closure), Array)
#3 /var/www/vendor/react/http/src/Io/ClientRequestStream.php(131): React\Http\Io\ClientRequestStream->writeHead()
#4 /var/www/vendor/react/http/src/Io/ClientRequestStream.php(144): React\Http\Io\ClientRequestStream->write('{"app_id":"simr...')
#5 /var/www/vendor/react/http/src/Io/Sender.php(147): React\Http\Io\ClientRequestStream->end('{"app_id":"simr...')
#6 /var/www/vendor/react/http/src/Io/Transaction.php(146): React\Http\Io\Sender->send(Object(React\Http\Message\Request))
#7 /var/www/vendor/react/http/src/Io/Transaction.php(83): React\Http\Io\Transaction->next(Object(React\Http\Message\Request), Object(React\Promise\Deferred), Object(React\Http\Io\ClientRequestState))
#8 /var/www/vendor/react/http/src/Browser.php(854): React\Http\Io\Transaction->send(Object(React\Http\Message\Request))
#9 /var/www/vendor/react/http/src/Browser.php(177): React\Http\Browser->requestMayBeStreaming('POST', 'http://localhos...', Array, Object(GuzzleHttp\Psr7\Stream))
#10 /var/www/vendor/beyondcode/laravel-websockets/src/Statistics/Logger/HttpStatisticsLogger.php(81): React\Http\Browser->post('http://localhos...', Array, Object(GuzzleHttp\Psr7\Stream))
#11 /var/www/vendor/laravel/framework/src/Illuminate/Support/Facades/Facade.php(261): BeyondCode\LaravelWebSockets\Statistics\Logger\HttpStatisticsLogger->save()
#12 /var/www/vendor/beyondcode/laravel-websockets/src/Console/StartWebSocketServer.php(75): Illuminate\Support\Facades\Facade::__callStatic('save', Array)
#13 /var/www/vendor/react/event-loop/src/Timer/Timers.php(102): BeyondCode\LaravelWebSockets\Console\StartWebSocketServer->BeyondCode\LaravelWebSockets\Console\{closure}(Object(React\EventLoop\Timer\Timer))
#14 /var/www/vendor/react/event-loop/src/StreamSelectLoop.php(185): React\EventLoop\Timer\Timers->tick()
#15 /var/www/vendor/cboden/ratchet/src/Ratchet/Server/IoServer.php(74): React\EventLoop\StreamSelectLoop->run()
#16 /var/www/vendor/beyondcode/laravel-websockets/src/Console/StartWebSocketServer.php(155): Ratchet\Server\IoServer->run()
#17 /var/www/vendor/beyondcode/laravel-websockets/src/Console/StartWebSocketServer.php(52): BeyondCode\LaravelWebSockets\Console\StartWebSocketServer->startWebSocketServer()
#18 /var/www/vendor/laravel/framework/src/Illuminate/Container/BoundMethod.php(36): BeyondCode\LaravelWebSockets\Console\StartWebSocketServer->handle()
#19 /var/www/vendor/laravel/framework/src/Illuminate/Container/Util.php(40): Illuminate\Container\BoundMethod::Illuminate\Container\{closure}()
#20 /var/www/vendor/laravel/framework/src/Illuminate/Container/BoundMethod.php(93): Illuminate\Container\Util::unwrapIfClosure(Object(Closure))
#21 /var/www/vendor/laravel/framework/src/Illuminate/Container/BoundMethod.php(35): Illuminate\Container\BoundMethod::callBoundMethod(Object(Illuminate\Foundation\Application), Array, Object(Closure))
#22 /var/www/vendor/laravel/framework/src/Illuminate/Container/Container.php(653): Illuminate\Container\BoundMethod::call(Object(Illuminate\Foundation\Application), Array, Array, NULL)
#23 /var/www/vendor/laravel/framework/src/Illuminate/Console/Command.php(136): Illuminate\Container\Container->call(Array)
#24 /var/www/vendor/symfony/console/Command/Command.php(298): Illuminate\Console\Command->execute(Object(Symfony\Component\Console\Input\ArgvInput), Object(Illuminate\Console\OutputStyle))
#25 /var/www/vendor/laravel/framework/src/Illuminate/Console/Command.php(120): Symfony\Component\Console\Command\Command->run(Object(Symfony\Component\Console\Input\ArgvInput), Object(Illuminate\Console\OutputStyle))
#26 /var/www/vendor/symfony/console/Application.php(1040): Illuminate\Console\Command->run(Object(Symfony\Component\Console\Input\ArgvInput), Object(Symfony\Component\Console\Output\ConsoleOutput))
#27 /var/www/vendor/symfony/console/Application.php(301): Symfony\Component\Console\Application->doRunCommand(Object(BeyondCode\LaravelWebSockets\Console\StartWebSocketServer), Object(Symfony\Component\Console\Input\ArgvInput), Object(Symfony\Component\Console\Output\ConsoleOutput))
#28 /var/www/vendor/symfony/console/Application.php(171): Symfony\Component\Console\Application->doRun(Object(Symfony\Component\Console\Input\ArgvInput), Object(Symfony\Component\Console\Output\ConsoleOutput))
#29 /var/www/vendor/laravel/framework/src/Illuminate/Console/Application.php(94): Symfony\Component\Console\Application->run(Object(Symfony\Component\Console\Input\ArgvInput), Object(Symfony\Component\Console\Output\ConsoleOutput))
#30 /var/www/vendor/laravel/framework/src/Illuminate/Foundation/Console/Kernel.php(129): Illuminate\Console\Application->run(Object(Symfony\Component\Console\Input\ArgvInput), Object(Symfony\Component\Console\Output\ConsoleOutput))
#31 /var/www/artisan(35): Illuminate\Foundation\Console\Kernel->handle(Object(Symfony\Component\Console\Input\ArgvInput), Object(Symfony\Component\Console\Output\ConsoleOutput))
#32 {main}
simrs: connection id 870817345.91906910 received message: {"event":"pusher:ping","data":{}}.
Connection id 870817345.91906910 sending message {"event":"pusher:pong"}
simrs: connection id 651600869.744301456 received message: {"event":"pusher:ping","data":{}}.
Connection id 651600869.744301456 sending message {"event":"pusher:pong"}
simrs: connection id 870817345.91906910 received message: {"event":"pusher:ping","data":{}}.
Connection id 870817345.91906910 sending message {"event":"pusher:pong"}
simrs: connection id 651600869.744301456 received message: {"event":"pusher:ping","data":{}}.
Connection id 651600869.744301456 sending message {"event":"pusher:pong"}
Unhandled promise rejection with TypeError: React\Http\Io\ClientRequestStream::closeError(): Argument #1 ($error) must be of type Exception, Error given, called in /var/www/vendor/react/promise/src/Internal/RejectedPromise.php on line 73 and defined in /var/www/vendor/react/http/src/Io/ClientRequestStream.php:254
Stack trace:
#0 /var/www/vendor/react/promise/src/Internal/RejectedPromise.php(73): React\Http\Io\ClientRequestStream->closeError(Object(Error))
#1 /var/www/vendor/react/promise/src/Promise.php(47): React\Promise\Internal\RejectedPromise->then(Object(Closure), Array)
#2 /var/www/vendor/react/http/src/Io/ClientRequestStream.php(84): React\Promise\Promise->then(Object(Closure), Array)
#3 /var/www/vendor/react/http/src/Io/ClientRequestStream.php(131): React\Http\Io\ClientRequestStream->writeHead()
#4 /var/www/vendor/react/http/src/Io/ClientRequestStream.php(144): React\Http\Io\ClientRequestStream->write('{"app_id":"simr...')
#5 /var/www/vendor/react/http/src/Io/Sender.php(147): React\Http\Io\ClientRequestStream->end('{"app_id":"simr...')
#6 /var/www/vendor/react/http/src/Io/Transaction.php(146): React\Http\Io\Sender->send(Object(React\Http\Message\Request))
#7 /var/www/vendor/react/http/src/Io/Transaction.php(83): React\Http\Io\Transaction->next(Object(React\Http\Message\Request), Object(React\Promise\Deferred), Object(React\Http\Io\ClientRequestState))
#8 /var/www/vendor/react/http/src/Browser.php(854): React\Http\Io\Transaction->send(Object(React\Http\Message\Request))
#9 /var/www/vendor/react/http/src/Browser.php(177): React\Http\Browser->requestMayBeStreaming('POST', 'http://localhos...', Array, Object(GuzzleHttp\Psr7\Stream))
#10 /var/www/vendor/beyondcode/laravel-websockets/src/Statistics/Logger/HttpStatisticsLogger.php(81): React\Http\Browser->post('http://localhos...', Array, Object(GuzzleHttp\Psr7\Stream))
#11 /var/www/vendor/laravel/framework/src/Illuminate/Support/Facades/Facade.php(261): BeyondCode\LaravelWebSockets\Statistics\Logger\HttpStatisticsLogger->save()
#12 /var/www/vendor/beyondcode/laravel-websockets/src/Console/StartWebSocketServer.php(75): Illuminate\Support\Facades\Facade::__callStatic('save', Array)
#13 /var/www/vendor/react/event-loop/src/Timer/Timers.php(102): BeyondCode\LaravelWebSockets\Console\StartWebSocketServer->BeyondCode\LaravelWebSockets\Console\{closure}(Object(React\EventLoop\Timer\Timer))
#14 /var/www/vendor/react/event-loop/src/StreamSelectLoop.php(185): React\EventLoop\Timer\Timers->tick()
#15 /var/www/vendor/cboden/ratchet/src/Ratchet/Server/IoServer.php(74): React\EventLoop\StreamSelectLoop->run()
#16 /var/www/vendor/beyondcode/laravel-websockets/src/Console/StartWebSocketServer.php(155): Ratchet\Server\IoServer->run()
#17 /var/www/vendor/beyondcode/laravel-websockets/src/Console/StartWebSocketServer.php(52): BeyondCode\LaravelWebSockets\Console\StartWebSocketServer->startWebSocketServer()
#18 /var/www/vendor/laravel/framework/src/Illuminate/Container/BoundMethod.php(36): BeyondCode\LaravelWebSockets\Console\StartWebSocketServer->handle()
#19 /var/www/vendor/laravel/framework/src/Illuminate/Container/Util.php(40): Illuminate\Container\BoundMethod::Illuminate\Container\{closure}()
#20 /var/www/vendor/laravel/framework/src/Illuminate/Container/BoundMethod.php(93): Illuminate\Container\Util::unwrapIfClosure(Object(Closure))
#21 /var/www/vendor/laravel/framework/src/Illuminate/Container/BoundMethod.php(35): Illuminate\Container\BoundMethod::callBoundMethod(Object(Illuminate\Foundation\Application), Array, Object(Closure))
#22 /var/www/vendor/laravel/framework/src/Illuminate/Container/Container.php(653): Illuminate\Container\BoundMethod::call(Object(Illuminate\Foundation\Application), Array, Array, NULL)
#23 /var/www/vendor/laravel/framework/src/Illuminate/Console/Command.php(136): Illuminate\Container\Container->call(Array)
#24 /var/www/vendor/symfony/console/Command/Command.php(298): Illuminate\Console\Command->execute(Object(Symfony\Component\Console\Input\ArgvInput), Object(Illuminate\Console\OutputStyle))
#25 /var/www/vendor/laravel/framework/src/Illuminate/Console/Command.php(120): Symfony\Component\Console\Command\Command->run(Object(Symfony\Component\Console\Input\ArgvInput), Object(Illuminate\Console\OutputStyle))
#26 /var/www/vendor/symfony/console/Application.php(1040): Illuminate\Console\Command->run(Object(Symfony\Component\Console\Input\ArgvInput), Object(Symfony\Component\Console\Output\ConsoleOutput))
#27 /var/www/vendor/symfony/console/Application.php(301): Symfony\Component\Console\Application->doRunCommand(Object(BeyondCode\LaravelWebSockets\Console\StartWebSocketServer), Object(Symfony\Component\Console\Input\ArgvInput), Object(Symfony\Component\Console\Output\ConsoleOutput))
#28 /var/www/vendor/symfony/console/Application.php(171): Symfony\Component\Console\Application->doRun(Object(Symfony\Component\Console\Input\ArgvInput), Object(Symfony\Component\Console\Output\ConsoleOutput))
#29 /var/www/vendor/laravel/framework/src/Illuminate/Console/Application.php(94): Symfony\Component\Console\Application->run(Object(Symfony\Component\Console\Input\ArgvInput), Object(Symfony\Component\Console\Output\ConsoleOutput))
#30 /var/www/vendor/laravel/framework/src/Illuminate/Foundation/Console/Kernel.php(129): Illuminate\Console\Application->run(Object(Symfony\Component\Console\Input\ArgvInput), Object(Symfony\Component\Console\Output\ConsoleOutput))
#31 /var/www/artisan(35): Illuminate\Foundation\Console\Kernel->handle(Object(Symfony\Component\Console\Input\ArgvInput), Object(Symfony\Component\Console\Output\ConsoleOutput))
#32 {main}
simrs: connection id 870817345.91906910 received message: {"event":"pusher:ping","data":{}}.
Connection id 870817345.91906910 sending message {"event":"pusher:pong"}
simrs: connection id 651600869.744301456 received message: {"event":"pusher:ping","data":{}}.
Connection id 651600869.744301456 sending message {"event":"pusher:pong"}
simrs: connection id 870817345.91906910 received message: {"event":"pusher:ping","data":{}}.
Connection id 870817345.91906910 sending message {"event":"pusher:pong"}
simrs: connection id 651600869.744301456 received message: {"event":"pusher:ping","data":{}}.
Connection id 651600869.744301456 sending message {"event":"pusher:pong"}
Unhandled promise rejection with TypeError: React\Http\Io\ClientRequestStream::closeError(): Argument #1 ($error) must be of type Exception, Error given, called in /var/www/vendor/react/promise/src/Internal/RejectedPromise.php on line 73 and defined in /var/www/vendor/react/http/src/Io/ClientRequestStream.php:254
Stack trace:
#0 /var/www/vendor/react/promise/src/Internal/RejectedPromise.php(73): React\Http\Io\ClientRequestStream->closeError(Object(Error))
#1 /var/www/vendor/react/promise/src/Promise.php(47): React\Promise\Internal\RejectedPromise->then(Object(Closure), Array)
#2 /var/www/vendor/react/http/src/Io/ClientRequestStream.php(84): React\Promise\Promise->then(Object(Closure), Array)
#3 /var/www/vendor/react/http/src/Io/ClientRequestStream.php(131): React\Http\Io\ClientRequestStream->writeHead()
#4 /var/www/vendor/react/http/src/Io/ClientRequestStream.php(144): React\Http\Io\ClientRequestStream->write('{"app_id":"simr...')
#5 /var/www/vendor/react/http/src/Io/Sender.php(147): React\Http\Io\ClientRequestStream->end('{"app_id":"simr...')
#6 /var/www/vendor/react/http/src/Io/Transaction.php(146): React\Http\Io\Sender->send(Object(React\Http\Message\Request))
#7 /var/www/vendor/react/http/src/Io/Transaction.php(83): React\Http\Io\Transaction->next(Object(React\Http\Message\Request), Object(React\Promise\Deferred), Object(React\Http\Io\ClientRequestState))
#8 /var/www/vendor/react/http/src/Browser.php(854): React\Http\Io\Transaction->send(Object(React\Http\Message\Request))
#9 /var/www/vendor/react/http/src/Browser.php(177): React\Http\Browser->requestMayBeStreaming('POST', 'http://localhos...', Array, Object(GuzzleHttp\Psr7\Stream))
#10 /var/www/vendor/beyondcode/laravel-websockets/src/Statistics/Logger/HttpStatisticsLogger.php(81): React\Http\Browser->post('http://localhos...', Array, Object(GuzzleHttp\Psr7\Stream))
#11 /var/www/vendor/laravel/framework/src/Illuminate/Support/Facades/Facade.php(261): BeyondCode\LaravelWebSockets\Statistics\Logger\HttpStatisticsLogger->save()
#12 /var/www/vendor/beyondcode/laravel-websockets/src/Console/StartWebSocketServer.php(75): Illuminate\Support\Facades\Facade::__callStatic('save', Array)
#13 /var/www/vendor/react/event-loop/src/Timer/Timers.php(102): BeyondCode\LaravelWebSockets\Console\StartWebSocketServer->BeyondCode\LaravelWebSockets\Console\{closure}(Object(React\EventLoop\Timer\Timer))
#14 /var/www/vendor/react/event-loop/src/StreamSelectLoop.php(185): React\EventLoop\Timer\Timers->tick()
#15 /var/www/vendor/cboden/ratchet/src/Ratchet/Server/IoServer.php(74): React\EventLoop\StreamSelectLoop->run()
#16 /var/www/vendor/beyondcode/laravel-websockets/src/Console/StartWebSocketServer.php(155): Ratchet\Server\IoServer->run()
#17 /var/www/vendor/beyondcode/laravel-websockets/src/Console/StartWebSocketServer.php(52): BeyondCode\LaravelWebSockets\Console\StartWebSocketServer->startWebSocketServer()
#18 /var/www/vendor/laravel/framework/src/Illuminate/Container/BoundMethod.php(36): BeyondCode\LaravelWebSockets\Console\StartWebSocketServer->handle()
#19 /var/www/vendor/laravel/framework/src/Illuminate/Container/Util.php(40): Illuminate\Container\BoundMethod::Illuminate\Container\{closure}()
#20 /var/www/vendor/laravel/framework/src/Illuminate/Container/BoundMethod.php(93): Illuminate\Container\Util::unwrapIfClosure(Object(Closure))
#21 /var/www/vendor/laravel/framework/src/Illuminate/Container/BoundMethod.php(35): Illuminate\Container\BoundMethod::callBoundMethod(Object(Illuminate\Foundation\Application), Array, Object(Closure))
#22 /var/www/vendor/laravel/framework/src/Illuminate/Container/Container.php(653): Illuminate\Container\BoundMethod::call(Object(Illuminate\Foundation\Application), Array, Array, NULL)
#23 /var/www/vendor/laravel/framework/src/Illuminate/Console/Command.php(136): Illuminate\Container\Container->call(Array)
#24 /var/www/vendor/symfony/console/Command/Command.php(298): Illuminate\Console\Command->execute(Object(Symfony\Component\Console\Input\ArgvInput), Object(Illuminate\Console\OutputStyle))
#25 /var/www/vendor/laravel/framework/src/Illuminate/Console/Command.php(120): Symfony\Component\Console\Command\Command->run(Object(Symfony\Component\Console\Input\ArgvInput), Object(Illuminate\Console\OutputStyle))
#26 /var/www/vendor/symfony/console/Application.php(1040): Illuminate\Console\Command->run(Object(Symfony\Component\Console\Input\ArgvInput), Object(Symfony\Component\Console\Output\ConsoleOutput))
#27 /var/www/vendor/symfony/console/Application.php(301): Symfony\Component\Console\Application->doRunCommand(Object(BeyondCode\LaravelWebSockets\Console\StartWebSocketServer), Object(Symfony\Component\Console\Input\ArgvInput), Object(Symfony\Component\Console\Output\ConsoleOutput))
#28 /var/www/vendor/symfony/console/Application.php(171): Symfony\Component\Console\Application->doRun(Object(Symfony\Component\Console\Input\ArgvInput), Object(Symfony\Component\Console\Output\ConsoleOutput))
#29 /var/www/vendor/laravel/framework/src/Illuminate/Console/Application.php(94): Symfony\Component\Console\Application->run(Object(Symfony\Component\Console\Input\ArgvInput), Object(Symfony\Component\Console\Output\ConsoleOutput))
#30 /var/www/vendor/laravel/framework/src/Illuminate/Foundation/Console/Kernel.php(129): Illuminate\Console\Application->run(Object(Symfony\Component\Console\Input\ArgvInput), Object(Symfony\Component\Console\Output\ConsoleOutput))
#31 /var/www/artisan(35): Illuminate\Foundation\Console\Kernel->handle(Object(Symfony\Component\Console\Input\ArgvInput), Object(Symfony\Component\Console\Output\ConsoleOutput))
#32 {main}
simrs: connection id 870817345.91906910 received message: {"event":"pusher:ping","data":{}}.
Connection id 870817345.91906910 sending message {"event":"pusher:pong"}
simrs: connection id 651600869.744301456 received message: {"event":"pusher:ping","data":{}}.
Connection id 651600869.744301456 sending message {"event":"pusher:pong"}
simrs: connection id 870817345.91906910 received message: {"event":"pusher:ping","data":{}}.
Connection id 870817345.91906910 sending message {"event":"pusher:pong"}
simrs: connection id 651600869.744301456 received message: {"event":"pusher:ping","data":{}}.
Connection id 651600869.744301456 sending message {"event":"pusher:pong"}
Unhandled promise rejection with TypeError: React\Http\Io\ClientRequestStream::closeError(): Argument #1 ($error) must be of type Exception, Error given, called in /var/www/vendor/react/promise/src/Internal/RejectedPromise.php on line 73 and defined in /var/www/vendor/react/http/src/Io/ClientRequestStream.php:254
Stack trace:
#0 /var/www/vendor/react/promise/src/Internal/RejectedPromise.php(73): React\Http\Io\ClientRequestStream->closeError(Object(Error))
#1 /var/www/vendor/react/promise/src/Promise.php(47): React\Promise\Internal\RejectedPromise->then(Object(Closure), Array)
#2 /var/www/vendor/react/http/src/Io/ClientRequestStream.php(84): React\Promise\Promise->then(Object(Closure), Array)
#3 /var/www/vendor/react/http/src/Io/ClientRequestStream.php(131): React\Http\Io\ClientRequestStream->writeHead()
#4 /var/www/vendor/react/http/src/Io/ClientRequestStream.php(144): React\Http\Io\ClientRequestStream->write('{"app_id":"simr...')
#5 /var/www/vendor/react/http/src/Io/Sender.php(147): React\Http\Io\ClientRequestStream->end('{"app_id":"simr...')
#6 /var/www/vendor/react/http/src/Io/Transaction.php(146): React\Http\Io\Sender->send(Object(React\Http\Message\Request))
#7 /var/www/vendor/react/http/src/Io/Transaction.php(83): React\Http\Io\Transaction->next(Object(React\Http\Message\Request), Object(React\Promise\Deferred), Object(React\Http\Io\ClientRequestState))
#8 /var/www/vendor/react/http/src/Browser.php(854): React\Http\Io\Transaction->send(Object(React\Http\Message\Request))
#9 /var/www/vendor/react/http/src/Browser.php(177): React\Http\Browser->requestMayBeStreaming('POST', 'http://localhos...', Array, Object(GuzzleHttp\Psr7\Stream))
#10 /var/www/vendor/beyondcode/laravel-websockets/src/Statistics/Logger/HttpStatisticsLogger.php(81): React\Http\Browser->post('http://localhos...', Array, Object(GuzzleHttp\Psr7\Stream))
#11 /var/www/vendor/laravel/framework/src/Illuminate/Support/Facades/Facade.php(261): BeyondCode\LaravelWebSockets\Statistics\Logger\HttpStatisticsLogger->save()
#12 /var/www/vendor/beyondcode/laravel-websockets/src/Console/StartWebSocketServer.php(75): Illuminate\Support\Facades\Facade::__callStatic('save', Array)
#13 /var/www/vendor/react/event-loop/src/Timer/Timers.php(102): BeyondCode\LaravelWebSockets\Console\StartWebSocketServer->BeyondCode\LaravelWebSockets\Console\{closure}(Object(React\EventLoop\Timer\Timer))
#14 /var/www/vendor/react/event-loop/src/StreamSelectLoop.php(185): React\EventLoop\Timer\Timers->tick()
#15 /var/www/vendor/cboden/ratchet/src/Ratchet/Server/IoServer.php(74): React\EventLoop\StreamSelectLoop->run()
#16 /var/www/vendor/beyondcode/laravel-websockets/src/Console/StartWebSocketServer.php(155): Ratchet\Server\IoServer->run()
#17 /var/www/vendor/beyondcode/laravel-websockets/src/Console/StartWebSocketServer.php(52): BeyondCode\LaravelWebSockets\Console\StartWebSocketServer->startWebSocketServer()
#18 /var/www/vendor/laravel/framework/src/Illuminate/Container/BoundMethod.php(36): BeyondCode\LaravelWebSockets\Console\StartWebSocketServer->handle()
#19 /var/www/vendor/laravel/framework/src/Illuminate/Container/Util.php(40): Illuminate\Container\BoundMethod::Illuminate\Container\{closure}()
#20 /var/www/vendor/laravel/framework/src/Illuminate/Container/BoundMethod.php(93): Illuminate\Container\Util::unwrapIfClosure(Object(Closure))
#21 /var/www/vendor/laravel/framework/src/Illuminate/Container/BoundMethod.php(35): Illuminate\Container\BoundMethod::callBoundMethod(Object(Illuminate\Foundation\Application), Array, Object(Closure))
#22 /var/www/vendor/laravel/framework/src/Illuminate/Container/Container.php(653): Illuminate\Container\BoundMethod::call(Object(Illuminate\Foundation\Application), Array, Array, NULL)
#23 /var/www/vendor/laravel/framework/src/Illuminate/Console/Command.php(136): Illuminate\Container\Container->call(Array)
#24 /var/www/vendor/symfony/console/Command/Command.php(298): Illuminate\Console\Command->execute(Object(Symfony\Component\Console\Input\ArgvInput), Object(Illuminate\Console\OutputStyle))
#25 /var/www/vendor/laravel/framework/src/Illuminate/Console/Command.php(120): Symfony\Component\Console\Command\Command->run(Object(Symfony\Component\Console\Input\ArgvInput), Object(Illuminate\Console\OutputStyle))
#26 /var/www/vendor/symfony/console/Application.php(1040): Illuminate\Console\Command->run(Object(Symfony\Component\Console\Input\ArgvInput), Object(Symfony\Component\Console\Output\ConsoleOutput))
#27 /var/www/vendor/symfony/console/Application.php(301): Symfony\Component\Console\Application->doRunCommand(Object(BeyondCode\LaravelWebSockets\Console\StartWebSocketServer), Object(Symfony\Component\Console\Input\ArgvInput), Object(Symfony\Component\Console\Output\ConsoleOutput))
#28 /var/www/vendor/symfony/console/Application.php(171): Symfony\Component\Console\Application->doRun(Object(Symfony\Component\Console\Input\ArgvInput), Object(Symfony\Component\Console\Output\ConsoleOutput))
#29 /var/www/vendor/laravel/framework/src/Illuminate/Console/Application.php(94): Symfony\Component\Console\Application->run(Object(Symfony\Component\Console\Input\ArgvInput), Object(Symfony\Component\Console\Output\ConsoleOutput))
#30 /var/www/vendor/laravel/framework/src/Illuminate/Foundation/Console/Kernel.php(129): Illuminate\Console\Application->run(Object(Symfony\Component\Console\Input\ArgvInput), Object(Symfony\Component\Console\Output\ConsoleOutput))
#31 /var/www/artisan(35): Illuminate\Foundation\Console\Kernel->handle(Object(Symfony\Component\Console\Input\ArgvInput), Object(Symfony\Component\Console\Output\ConsoleOutput))
#32 {main}
simrs: connection id 870817345.91906910 received message: {"event":"pusher:ping","data":{}}.
Connection id 870817345.91906910 sending message {"event":"pusher:pong"}
simrs: connection id 651600869.744301456 received message: {"event":"pusher:ping","data":{}}.
Connection id 651600869.744301456 sending message {"event":"pusher:pong"}
simrs: connection id 870817345.91906910 received message: {"event":"pusher:ping","data":{}}.
Connection id 870817345.91906910 sending message {"event":"pusher:pong"}
simrs: connection id 651600869.744301456 received message: {"event":"pusher:ping","data":{}}.
Connection id 651600869.744301456 sending message {"event":"pusher:pong"}
Unhandled promise rejection with TypeError: React\Http\Io\ClientRequestStream::closeError(): Argument #1 ($error) must be of type Exception, Error given, called in /var/www/vendor/react/promise/src/Internal/RejectedPromise.php on line 73 and defined in /var/www/vendor/react/http/src/Io/ClientRequestStream.php:254
Stack trace:
#0 /var/www/vendor/react/promise/src/Internal/RejectedPromise.php(73): React\Http\Io\ClientRequestStream->closeError(Object(Error))
#1 /var/www/vendor/react/promise/src/Promise.php(47): React\Promise\Internal\RejectedPromise->then(Object(Closure), Array)
#2 /var/www/vendor/react/http/src/Io/ClientRequestStream.php(84): React\Promise\Promise->then(Object(Closure), Array)
#3 /var/www/vendor/react/http/src/Io/ClientRequestStream.php(131): React\Http\Io\ClientRequestStream->writeHead()
#4 /var/www/vendor/react/http/src/Io/ClientRequestStream.php(144): React\Http\Io\ClientRequestStream->write('{"app_id":"simr...')
#5 /var/www/vendor/react/http/src/Io/Sender.php(147): React\Http\Io\ClientRequestStream->end('{"app_id":"simr...')
#6 /var/www/vendor/react/http/src/Io/Transaction.php(146): React\Http\Io\Sender->send(Object(React\Http\Message\Request))
#7 /var/www/vendor/react/http/src/Io/Transaction.php(83): React\Http\Io\Transaction->next(Object(React\Http\Message\Request), Object(React\Promise\Deferred), Object(React\Http\Io\ClientRequestState))
#8 /var/www/vendor/react/http/src/Browser.php(854): React\Http\Io\Transaction->send(Object(React\Http\Message\Request))
#9 /var/www/vendor/react/http/src/Browser.php(177): React\Http\Browser->requestMayBeStreaming('POST', 'http://localhos...', Array, Object(GuzzleHttp\Psr7\Stream))
#10 /var/www/vendor/beyondcode/laravel-websockets/src/Statistics/Logger/HttpStatisticsLogger.php(81): React\Http\Browser->post('http://localhos...', Array, Object(GuzzleHttp\Psr7\Stream))
#11 /var/www/vendor/laravel/framework/src/Illuminate/Support/Facades/Facade.php(261): BeyondCode\LaravelWebSockets\Statistics\Logger\HttpStatisticsLogger->save()
#12 /var/www/vendor/beyondcode/laravel-websockets/src/Console/StartWebSocketServer.php(75): Illuminate\Support\Facades\Facade::__callStatic('save', Array)
#13 /var/www/vendor/react/event-loop/src/Timer/Timers.php(102): BeyondCode\LaravelWebSockets\Console\StartWebSocketServer->BeyondCode\LaravelWebSockets\Console\{closure}(Object(React\EventLoop\Timer\Timer))
#14 /var/www/vendor/react/event-loop/src/StreamSelectLoop.php(185): React\EventLoop\Timer\Timers->tick()
#15 /var/www/vendor/cboden/ratchet/src/Ratchet/Server/IoServer.php(74): React\EventLoop\StreamSelectLoop->run()
#16 /var/www/vendor/beyondcode/laravel-websockets/src/Console/StartWebSocketServer.php(155): Ratchet\Server\IoServer->run()
#17 /var/www/vendor/beyondcode/laravel-websockets/src/Console/StartWebSocketServer.php(52): BeyondCode\LaravelWebSockets\Console\StartWebSocketServer->startWebSocketServer()
#18 /var/www/vendor/laravel/framework/src/Illuminate/Container/BoundMethod.php(36): BeyondCode\LaravelWebSockets\Console\StartWebSocketServer->handle()
#19 /var/www/vendor/laravel/framework/src/Illuminate/Container/Util.php(40): Illuminate\Container\BoundMethod::Illuminate\Container\{closure}()
#20 /var/www/vendor/laravel/framework/src/Illuminate/Container/BoundMethod.php(93): Illuminate\Container\Util::unwrapIfClosure(Object(Closure))
#21 /var/www/vendor/laravel/framework/src/Illuminate/Container/BoundMethod.php(35): Illuminate\Container\BoundMethod::callBoundMethod(Object(Illuminate\Foundation\Application), Array, Object(Closure))
#22 /var/www/vendor/laravel/framework/src/Illuminate/Container/Container.php(653): Illuminate\Container\BoundMethod::call(Object(Illuminate\Foundation\Application), Array, Array, NULL)
#23 /var/www/vendor/laravel/framework/src/Illuminate/Console/Command.php(136): Illuminate\Container\Container->call(Array)
#24 /var/www/vendor/symfony/console/Command/Command.php(298): Illuminate\Console\Command->execute(Object(Symfony\Component\Console\Input\ArgvInput), Object(Illuminate\Console\OutputStyle))
#25 /var/www/vendor/laravel/framework/src/Illuminate/Console/Command.php(120): Symfony\Component\Console\Command\Command->run(Object(Symfony\Component\Console\Input\ArgvInput), Object(Illuminate\Console\OutputStyle))
#26 /var/www/vendor/symfony/console/Application.php(1040): Illuminate\Console\Command->run(Object(Symfony\Component\Console\Input\ArgvInput), Object(Symfony\Component\Console\Output\ConsoleOutput))
#27 /var/www/vendor/symfony/console/Application.php(301): Symfony\Component\Console\Application->doRunCommand(Object(BeyondCode\LaravelWebSockets\Console\StartWebSocketServer), Object(Symfony\Component\Console\Input\ArgvInput), Object(Symfony\Component\Console\Output\ConsoleOutput))
#28 /var/www/vendor/symfony/console/Application.php(171): Symfony\Component\Console\Application->doRun(Object(Symfony\Component\Console\Input\ArgvInput), Object(Symfony\Component\Console\Output\ConsoleOutput))
#29 /var/www/vendor/laravel/framework/src/Illuminate/Console/Application.php(94): Symfony\Component\Console\Application->run(Object(Symfony\Component\Console\Input\ArgvInput), Object(Symfony\Component\Console\Output\ConsoleOutput))
#30 /var/www/vendor/laravel/framework/src/Illuminate/Foundation/Console/Kernel.php(129): Illuminate\Console\Application->run(Object(Symfony\Component\Console\Input\ArgvInput), Object(Symfony\Component\Console\Output\ConsoleOutput))
#31 /var/www/artisan(35): Illuminate\Foundation\Console\Kernel->handle(Object(Symfony\Component\Console\Input\ArgvInput), Object(Symfony\Component\Console\Output\ConsoleOutput))
#32 {main}
simrs: connection id 870817345.91906910 received message: {"event":"pusher:ping","data":{}}.
Connection id 870817345.91906910 sending message {"event":"pusher:pong"}
simrs: connection id 651600869.744301456 received message: {"event":"pusher:ping","data":{}}.
Connection id 651600869.744301456 sending message {"event":"pusher:pong"}
simrs: connection id 870817345.91906910 received message: {"event":"pusher:ping","data":{}}.
Connection id 870817345.91906910 sending message {"event":"pusher:pong"}
simrs: connection id 651600869.744301456 received message: {"event":"pusher:ping","data":{}}.
Connection id 651600869.744301456 sending message {"event":"pusher:pong"}
Unhandled promise rejection with TypeError: React\Http\Io\ClientRequestStream::closeError(): Argument #1 ($error) must be of type Exception, Error given, called in /var/www/vendor/react/promise/src/Internal/RejectedPromise.php on line 73 and defined in /var/www/vendor/react/http/src/Io/ClientRequestStream.php:254
Stack trace:
#0 /var/www/vendor/react/promise/src/Internal/RejectedPromise.php(73): React\Http\Io\ClientRequestStream->closeError(Object(Error))
#1 /var/www/vendor/react/promise/src/Promise.php(47): React\Promise\Internal\RejectedPromise->then(Object(Closure), Array)
#2 /var/www/vendor/react/http/src/Io/ClientRequestStream.php(84): React\Promise\Promise->then(Object(Closure), Array)
#3 /var/www/vendor/react/http/src/Io/ClientRequestStream.php(131): React\Http\Io\ClientRequestStream->writeHead()
#4 /var/www/vendor/react/http/src/Io/ClientRequestStream.php(144): React\Http\Io\ClientRequestStream->write('{"app_id":"simr...')
#5 /var/www/vendor/react/http/src/Io/Sender.php(147): React\Http\Io\ClientRequestStream->end('{"app_id":"simr...')
#6 /var/www/vendor/react/http/src/Io/Transaction.php(146): React\Http\Io\Sender->send(Object(React\Http\Message\Request))
#7 /var/www/vendor/react/http/src/Io/Transaction.php(83): React\Http\Io\Transaction->next(Object(React\Http\Message\Request), Object(React\Promise\Deferred), Object(React\Http\Io\ClientRequestState))
#8 /var/www/vendor/react/http/src/Browser.php(854): React\Http\Io\Transaction->send(Object(React\Http\Message\Request))
#9 /var/www/vendor/react/http/src/Browser.php(177): React\Http\Browser->requestMayBeStreaming('POST', 'http://localhos...', Array, Object(GuzzleHttp\Psr7\Stream))
#10 /var/www/vendor/beyondcode/laravel-websockets/src/Statistics/Logger/HttpStatisticsLogger.php(81): React\Http\Browser->post('http://localhos...', Array, Object(GuzzleHttp\Psr7\Stream))
#11 /var/www/vendor/laravel/framework/src/Illuminate/Support/Facades/Facade.php(261): BeyondCode\LaravelWebSockets\Statistics\Logger\HttpStatisticsLogger->save()
#12 /var/www/vendor/beyondcode/laravel-websockets/src/Console/StartWebSocketServer.php(75): Illuminate\Support\Facades\Facade::__callStatic('save', Array)
#13 /var/www/vendor/react/event-loop/src/Timer/Timers.php(102): BeyondCode\LaravelWebSockets\Console\StartWebSocketServer->BeyondCode\LaravelWebSockets\Console\{closure}(Object(React\EventLoop\Timer\Timer))
#14 /var/www/vendor/react/event-loop/src/StreamSelectLoop.php(185): React\EventLoop\Timer\Timers->tick()
#15 /var/www/vendor/cboden/ratchet/src/Ratchet/Server/IoServer.php(74): React\EventLoop\StreamSelectLoop->run()
#16 /var/www/vendor/beyondcode/laravel-websockets/src/Console/StartWebSocketServer.php(155): Ratchet\Server\IoServer->run()
#17 /var/www/vendor/beyondcode/laravel-websockets/src/Console/StartWebSocketServer.php(52): BeyondCode\LaravelWebSockets\Console\StartWebSocketServer->startWebSocketServer()
#18 /var/www/vendor/laravel/framework/src/Illuminate/Container/BoundMethod.php(36): BeyondCode\LaravelWebSockets\Console\StartWebSocketServer->handle()
#19 /var/www/vendor/laravel/framework/src/Illuminate/Container/Util.php(40): Illuminate\Container\BoundMethod::Illuminate\Container\{closure}()
#20 /var/www/vendor/laravel/framework/src/Illuminate/Container/BoundMethod.php(93): Illuminate\Container\Util::unwrapIfClosure(Object(Closure))
#21 /var/www/vendor/laravel/framework/src/Illuminate/Container/BoundMethod.php(35): Illuminate\Container\BoundMethod::callBoundMethod(Object(Illuminate\Foundation\Application), Array, Object(Closure))
#22 /var/www/vendor/laravel/framework/src/Illuminate/Container/Container.php(653): Illuminate\Container\BoundMethod::call(Object(Illuminate\Foundation\Application), Array, Array, NULL)
#23 /var/www/vendor/laravel/framework/src/Illuminate/Console/Command.php(136): Illuminate\Container\Container->call(Array)
#24 /var/www/vendor/symfony/console/Command/Command.php(298): Illuminate\Console\Command->execute(Object(Symfony\Component\Console\Input\ArgvInput), Object(Illuminate\Console\OutputStyle))
#25 /var/www/vendor/laravel/framework/src/Illuminate/Console/Command.php(120): Symfony\Component\Console\Command\Command->run(Object(Symfony\Component\Console\Input\ArgvInput), Object(Illuminate\Console\OutputStyle))
#26 /var/www/vendor/symfony/console/Application.php(1040): Illuminate\Console\Command->run(Object(Symfony\Component\Console\Input\ArgvInput), Object(Symfony\Component\Console\Output\ConsoleOutput))
#27 /var/www/vendor/symfony/console/Application.php(301): Symfony\Component\Console\Application->doRunCommand(Object(BeyondCode\LaravelWebSockets\Console\StartWebSocketServer), Object(Symfony\Component\Console\Input\ArgvInput), Object(Symfony\Component\Console\Output\ConsoleOutput))
#28 /var/www/vendor/symfony/console/Application.php(171): Symfony\Component\Console\Application->doRun(Object(Symfony\Component\Console\Input\ArgvInput), Object(Symfony\Component\Console\Output\ConsoleOutput))
#29 /var/www/vendor/laravel/framework/src/Illuminate/Console/Application.php(94): Symfony\Component\Console\Application->run(Object(Symfony\Component\Console\Input\ArgvInput), Object(Symfony\Component\Console\Output\ConsoleOutput))
#30 /var/www/vendor/laravel/framework/src/Illuminate/Foundation/Console/Kernel.php(129): Illuminate\Console\Application->run(Object(Symfony\Component\Console\Input\ArgvInput), Object(Symfony\Component\Console\Output\ConsoleOutput))
#31 /var/www/artisan(35): Illuminate\Foundation\Console\Kernel->handle(Object(Symfony\Component\Console\Input\ArgvInput), Object(Symfony\Component\Console\Output\ConsoleOutput))
#32 {main}
simrs: connection id 870817345.91906910 received message: {"event":"pusher:ping","data":{}}.
Connection id 870817345.91906910 sending message {"event":"pusher:pong"}
simrs: connection id 651600869.744301456 received message: {"event":"pusher:ping","data":{}}.
Connection id 651600869.744301456 sending message {"event":"pusher:pong"}
simrs: connection id 870817345.91906910 received message: {"event":"pusher:ping","data":{}}.
Connection id 870817345.91906910 sending message {"event":"pusher:pong"}
simrs: connection id 651600869.744301456 received message: {"event":"pusher:ping","data":{}}.
Connection id 651600869.744301456 sending message {"event":"pusher:pong"}
Unhandled promise rejection with TypeError: React\Http\Io\ClientRequestStream::closeError(): Argument #1 ($error) must be of type Exception, Error given, called in /var/www/vendor/react/promise/src/Internal/RejectedPromise.php on line 73 and defined in /var/www/vendor/react/http/src/Io/ClientRequestStream.php:254
Stack trace:
#0 /var/www/vendor/react/promise/src/Internal/RejectedPromise.php(73): React\Http\Io\ClientRequestStream->closeError(Object(Error))
#1 /var/www/vendor/react/promise/src/Promise.php(47): React\Promise\Internal\RejectedPromise->then(Object(Closure), Array)
#2 /var/www/vendor/react/http/src/Io/ClientRequestStream.php(84): React\Promise\Promise->then(Object(Closure), Array)
#3 /var/www/vendor/react/http/src/Io/ClientRequestStream.php(131): React\Http\Io\ClientRequestStream->writeHead()
#4 /var/www/vendor/react/http/src/Io/ClientRequestStream.php(144): React\Http\Io\ClientRequestStream->write('{"app_id":"simr...')
#5 /var/www/vendor/react/http/src/Io/Sender.php(147): React\Http\Io\ClientRequestStream->end('{"app_id":"simr...')
#6 /var/www/vendor/react/http/src/Io/Transaction.php(146): React\Http\Io\Sender->send(Object(React\Http\Message\Request))
#7 /var/www/vendor/react/http/src/Io/Transaction.php(83): React\Http\Io\Transaction->next(Object(React\Http\Message\Request), Object(React\Promise\Deferred), Object(React\Http\Io\ClientRequestState))
#8 /var/www/vendor/react/http/src/Browser.php(854): React\Http\Io\Transaction->send(Object(React\Http\Message\Request))
#9 /var/www/vendor/react/http/src/Browser.php(177): React\Http\Browser->requestMayBeStreaming('POST', 'http://localhos...', Array, Object(GuzzleHttp\Psr7\Stream))
#10 /var/www/vendor/beyondcode/laravel-websockets/src/Statistics/Logger/HttpStatisticsLogger.php(81): React\Http\Browser->post('http://localhos...', Array, Object(GuzzleHttp\Psr7\Stream))
#11 /var/www/vendor/laravel/framework/src/Illuminate/Support/Facades/Facade.php(261): BeyondCode\LaravelWebSockets\Statistics\Logger\HttpStatisticsLogger->save()
#12 /var/www/vendor/beyondcode/laravel-websockets/src/Console/StartWebSocketServer.php(75): Illuminate\Support\Facades\Facade::__callStatic('save', Array)
#13 /var/www/vendor/react/event-loop/src/Timer/Timers.php(102): BeyondCode\LaravelWebSockets\Console\StartWebSocketServer->BeyondCode\LaravelWebSockets\Console\{closure}(Object(React\EventLoop\Timer\Timer))
#14 /var/www/vendor/react/event-loop/src/StreamSelectLoop.php(185): React\EventLoop\Timer\Timers->tick()
#15 /var/www/vendor/cboden/ratchet/src/Ratchet/Server/IoServer.php(74): React\EventLoop\StreamSelectLoop->run()
#16 /var/www/vendor/beyondcode/laravel-websockets/src/Console/StartWebSocketServer.php(155): Ratchet\Server\IoServer->run()
#17 /var/www/vendor/beyondcode/laravel-websockets/src/Console/StartWebSocketServer.php(52): BeyondCode\LaravelWebSockets\Console\StartWebSocketServer->startWebSocketServer()
#18 /var/www/vendor/laravel/framework/src/Illuminate/Container/BoundMethod.php(36): BeyondCode\LaravelWebSockets\Console\StartWebSocketServer->handle()
#19 /var/www/vendor/laravel/framework/src/Illuminate/Container/Util.php(40): Illuminate\Container\BoundMethod::Illuminate\Container\{closure}()
#20 /var/www/vendor/laravel/framework/src/Illuminate/Container/BoundMethod.php(93): Illuminate\Container\Util::unwrapIfClosure(Object(Closure))
#21 /var/www/vendor/laravel/framework/src/Illuminate/Container/BoundMethod.php(35): Illuminate\Container\BoundMethod::callBoundMethod(Object(Illuminate\Foundation\Application), Array, Object(Closure))
#22 /var/www/vendor/laravel/framework/src/Illuminate/Container/Container.php(653): Illuminate\Container\BoundMethod::call(Object(Illuminate\Foundation\Application), Array, Array, NULL)
#23 /var/www/vendor/laravel/framework/src/Illuminate/Console/Command.php(136): Illuminate\Container\Container->call(Array)
#24 /var/www/vendor/symfony/console/Command/Command.php(298): Illuminate\Console\Command->execute(Object(Symfony\Component\Console\Input\ArgvInput), Object(Illuminate\Console\OutputStyle))
#25 /var/www/vendor/laravel/framework/src/Illuminate/Console/Command.php(120): Symfony\Component\Console\Command\Command->run(Object(Symfony\Component\Console\Input\ArgvInput), Object(Illuminate\Console\OutputStyle))
#26 /var/www/vendor/symfony/console/Application.php(1040): Illuminate\Console\Command->run(Object(Symfony\Component\Console\Input\ArgvInput), Object(Symfony\Component\Console\Output\ConsoleOutput))
#27 /var/www/vendor/symfony/console/Application.php(301): Symfony\Component\Console\Application->doRunCommand(Object(BeyondCode\LaravelWebSockets\Console\StartWebSocketServer), Object(Symfony\Component\Console\Input\ArgvInput), Object(Symfony\Component\Console\Output\ConsoleOutput))
#28 /var/www/vendor/symfony/console/Application.php(171): Symfony\Component\Console\Application->doRun(Object(Symfony\Component\Console\Input\ArgvInput), Object(Symfony\Component\Console\Output\ConsoleOutput))
#29 /var/www/vendor/laravel/framework/src/Illuminate/Console/Application.php(94): Symfony\Component\Console\Application->run(Object(Symfony\Component\Console\Input\ArgvInput), Object(Symfony\Component\Console\Output\ConsoleOutput))
#30 /var/www/vendor/laravel/framework/src/Illuminate/Foundation/Console/Kernel.php(129): Illuminate\Console\Application->run(Object(Symfony\Component\Console\Input\ArgvInput), Object(Symfony\Component\Console\Output\ConsoleOutput))
#31 /var/www/artisan(35): Illuminate\Foundation\Console\Kernel->handle(Object(Symfony\Component\Console\Input\ArgvInput), Object(Symfony\Component\Console\Output\ConsoleOutput))
#32 {main}
simrs: connection id 870817345.91906910 received message: {"event":"pusher:ping","data":{}}.
Connection id 870817345.91906910 sending message {"event":"pusher:pong"}
simrs: connection id 651600869.744301456 received message: {"event":"pusher:ping","data":{}}.
Connection id 651600869.744301456 sending message {"event":"pusher:pong"}
simrs: connection id 870817345.91906910 received message: {"event":"pusher:ping","data":{}}.
Connection id 870817345.91906910 sending message {"event":"pusher:pong"}
simrs: connection id 651600869.744301456 received message: {"event":"pusher:ping","data":{}}.
Connection id 651600869.744301456 sending message {"event":"pusher:pong"}
Unhandled promise rejection with TypeError: React\Http\Io\ClientRequestStream::closeError(): Argument #1 ($error) must be of type Exception, Error given, called in /var/www/vendor/react/promise/src/Internal/RejectedPromise.php on line 73 and defined in /var/www/vendor/react/http/src/Io/ClientRequestStream.php:254
Stack trace:
#0 /var/www/vendor/react/promise/src/Internal/RejectedPromise.php(73): React\Http\Io\ClientRequestStream->closeError(Object(Error))
#1 /var/www/vendor/react/promise/src/Promise.php(47): React\Promise\Internal\RejectedPromise->then(Object(Closure), Array)
#2 /var/www/vendor/react/http/src/Io/ClientRequestStream.php(84): React\Promise\Promise->then(Object(Closure), Array)
#3 /var/www/vendor/react/http/src/Io/ClientRequestStream.php(131): React\Http\Io\ClientRequestStream->writeHead()
#4 /var/www/vendor/react/http/src/Io/ClientRequestStream.php(144): React\Http\Io\ClientRequestStream->write('{"app_id":"simr...')
#5 /var/www/vendor/react/http/src/Io/Sender.php(147): React\Http\Io\ClientRequestStream->end('{"app_id":"simr...')
#6 /var/www/vendor/react/http/src/Io/Transaction.php(146): React\Http\Io\Sender->send(Object(React\Http\Message\Request))
#7 /var/www/vendor/react/http/src/Io/Transaction.php(83): React\Http\Io\Transaction->next(Object(React\Http\Message\Request), Object(React\Promise\Deferred), Object(React\Http\Io\ClientRequestState))
#8 /var/www/vendor/react/http/src/Browser.php(854): React\Http\Io\Transaction->send(Object(React\Http\Message\Request))
#9 /var/www/vendor/react/http/src/Browser.php(177): React\Http\Browser->requestMayBeStreaming('POST', 'http://localhos...', Array, Object(GuzzleHttp\Psr7\Stream))
#10 /var/www/vendor/beyondcode/laravel-websockets/src/Statistics/Logger/HttpStatisticsLogger.php(81): React\Http\Browser->post('http://localhos...', Array, Object(GuzzleHttp\Psr7\Stream))
#11 /var/www/vendor/laravel/framework/src/Illuminate/Support/Facades/Facade.php(261): BeyondCode\LaravelWebSockets\Statistics\Logger\HttpStatisticsLogger->save()
#12 /var/www/vendor/beyondcode/laravel-websockets/src/Console/StartWebSocketServer.php(75): Illuminate\Support\Facades\Facade::__callStatic('save', Array)
#13 /var/www/vendor/react/event-loop/src/Timer/Timers.php(102): BeyondCode\LaravelWebSockets\Console\StartWebSocketServer->BeyondCode\LaravelWebSockets\Console\{closure}(Object(React\EventLoop\Timer\Timer))
#14 /var/www/vendor/react/event-loop/src/StreamSelectLoop.php(185): React\EventLoop\Timer\Timers->tick()
#15 /var/www/vendor/cboden/ratchet/src/Ratchet/Server/IoServer.php(74): React\EventLoop\StreamSelectLoop->run()
#16 /var/www/vendor/beyondcode/laravel-websockets/src/Console/StartWebSocketServer.php(155): Ratchet\Server\IoServer->run()
#17 /var/www/vendor/beyondcode/laravel-websockets/src/Console/StartWebSocketServer.php(52): BeyondCode\LaravelWebSockets\Console\StartWebSocketServer->startWebSocketServer()
#18 /var/www/vendor/laravel/framework/src/Illuminate/Container/BoundMethod.php(36): BeyondCode\LaravelWebSockets\Console\StartWebSocketServer->handle()
#19 /var/www/vendor/laravel/framework/src/Illuminate/Container/Util.php(40): Illuminate\Container\BoundMethod::Illuminate\Container\{closure}()
#20 /var/www/vendor/laravel/framework/src/Illuminate/Container/BoundMethod.php(93): Illuminate\Container\Util::unwrapIfClosure(Object(Closure))
#21 /var/www/vendor/laravel/framework/src/Illuminate/Container/BoundMethod.php(35): Illuminate\Container\BoundMethod::callBoundMethod(Object(Illuminate\Foundation\Application), Array, Object(Closure))
#22 /var/www/vendor/laravel/framework/src/Illuminate/Container/Container.php(653): Illuminate\Container\BoundMethod::call(Object(Illuminate\Foundation\Application), Array, Array, NULL)
#23 /var/www/vendor/laravel/framework/src/Illuminate/Console/Command.php(136): Illuminate\Container\Container->call(Array)
#24 /var/www/vendor/symfony/console/Command/Command.php(298): Illuminate\Console\Command->execute(Object(Symfony\Component\Console\Input\ArgvInput), Object(Illuminate\Console\OutputStyle))
#25 /var/www/vendor/laravel/framework/src/Illuminate/Console/Command.php(120): Symfony\Component\Console\Command\Command->run(Object(Symfony\Component\Console\Input\ArgvInput), Object(Illuminate\Console\OutputStyle))
#26 /var/www/vendor/symfony/console/Application.php(1040): Illuminate\Console\Command->run(Object(Symfony\Component\Console\Input\ArgvInput), Object(Symfony\Component\Console\Output\ConsoleOutput))
#27 /var/www/vendor/symfony/console/Application.php(301): Symfony\Component\Console\Application->doRunCommand(Object(BeyondCode\LaravelWebSockets\Console\StartWebSocketServer), Object(Symfony\Component\Console\Input\ArgvInput), Object(Symfony\Component\Console\Output\ConsoleOutput))
#28 /var/www/vendor/symfony/console/Application.php(171): Symfony\Component\Console\Application->doRun(Object(Symfony\Component\Console\Input\ArgvInput), Object(Symfony\Component\Console\Output\ConsoleOutput))
#29 /var/www/vendor/laravel/framework/src/Illuminate/Console/Application.php(94): Symfony\Component\Console\Application->run(Object(Symfony\Component\Console\Input\ArgvInput), Object(Symfony\Component\Console\Output\ConsoleOutput))
#30 /var/www/vendor/laravel/framework/src/Illuminate/Foundation/Console/Kernel.php(129): Illuminate\Console\Application->run(Object(Symfony\Component\Console\Input\ArgvInput), Object(Symfony\Component\Console\Output\ConsoleOutput))
#31 /var/www/artisan(35): Illuminate\Foundation\Console\Kernel->handle(Object(Symfony\Component\Console\Input\ArgvInput), Object(Symfony\Component\Console\Output\ConsoleOutput))
#32 {main}
simrs: connection id 870817345.91906910 received message: {"event":"pusher:ping","data":{}}.
Connection id 870817345.91906910 sending message {"event":"pusher:pong"}
simrs: connection id 651600869.744301456 received message: {"event":"pusher:ping","data":{}}.
Connection id 651600869.744301456 sending message {"event":"pusher:pong"}
simrs: connection id 870817345.91906910 received message: {"event":"pusher:ping","data":{}}.
Connection id 870817345.91906910 sending message {"event":"pusher:pong"}
simrs: connection id 651600869.744301456 received message: {"event":"pusher:ping","data":{}}.
Connection id 651600869.744301456 sending message {"event":"pusher:pong"}
Unhandled promise rejection with TypeError: React\Http\Io\ClientRequestStream::closeError(): Argument #1 ($error) must be of type Exception, Error given, called in /var/www/vendor/react/promise/src/Internal/RejectedPromise.php on line 73 and defined in /var/www/vendor/react/http/src/Io/ClientRequestStream.php:254
Stack trace:
#0 /var/www/vendor/react/promise/src/Internal/RejectedPromise.php(73): React\Http\Io\ClientRequestStream->closeError(Object(Error))
#1 /var/www/vendor/react/promise/src/Promise.php(47): React\Promise\Internal\RejectedPromise->then(Object(Closure), Array)
#2 /var/www/vendor/react/http/src/Io/ClientRequestStream.php(84): React\Promise\Promise->then(Object(Closure), Array)
#3 /var/www/vendor/react/http/src/Io/ClientRequestStream.php(131): React\Http\Io\ClientRequestStream->writeHead()
#4 /var/www/vendor/react/http/src/Io/ClientRequestStream.php(144): React\Http\Io\ClientRequestStream->write('{"app_id":"simr...')
#5 /var/www/vendor/react/http/src/Io/Sender.php(147): React\Http\Io\ClientRequestStream->end('{"app_id":"simr...')
#6 /var/www/vendor/react/http/src/Io/Transaction.php(146): React\Http\Io\Sender->send(Object(React\Http\Message\Request))
#7 /var/www/vendor/react/http/src/Io/Transaction.php(83): React\Http\Io\Transaction->next(Object(React\Http\Message\Request), Object(React\Promise\Deferred), Object(React\Http\Io\ClientRequestState))
#8 /var/www/vendor/react/http/src/Browser.php(854): React\Http\Io\Transaction->send(Object(React\Http\Message\Request))
#9 /var/www/vendor/react/http/src/Browser.php(177): React\Http\Browser->requestMayBeStreaming('POST', 'http://localhos...', Array, Object(GuzzleHttp\Psr7\Stream))
#10 /var/www/vendor/beyondcode/laravel-websockets/src/Statistics/Logger/HttpStatisticsLogger.php(81): React\Http\Browser->post('http://localhos...', Array, Object(GuzzleHttp\Psr7\Stream))
#11 /var/www/vendor/laravel/framework/src/Illuminate/Support/Facades/Facade.php(261): BeyondCode\LaravelWebSockets\Statistics\Logger\HttpStatisticsLogger->save()
#12 /var/www/vendor/beyondcode/laravel-websockets/src/Console/StartWebSocketServer.php(75): Illuminate\Support\Facades\Facade::__callStatic('save', Array)
#13 /var/www/vendor/react/event-loop/src/Timer/Timers.php(102): BeyondCode\LaravelWebSockets\Console\StartWebSocketServer->BeyondCode\LaravelWebSockets\Console\{closure}(Object(React\EventLoop\Timer\Timer))
#14 /var/www/vendor/react/event-loop/src/StreamSelectLoop.php(185): React\EventLoop\Timer\Timers->tick()
#15 /var/www/vendor/cboden/ratchet/src/Ratchet/Server/IoServer.php(74): React\EventLoop\StreamSelectLoop->run()
#16 /var/www/vendor/beyondcode/laravel-websockets/src/Console/StartWebSocketServer.php(155): Ratchet\Server\IoServer->run()
#17 /var/www/vendor/beyondcode/laravel-websockets/src/Console/StartWebSocketServer.php(52): BeyondCode\LaravelWebSockets\Console\StartWebSocketServer->startWebSocketServer()
#18 /var/www/vendor/laravel/framework/src/Illuminate/Container/BoundMethod.php(36): BeyondCode\LaravelWebSockets\Console\StartWebSocketServer->handle()
#19 /var/www/vendor/laravel/framework/src/Illuminate/Container/Util.php(40): Illuminate\Container\BoundMethod::Illuminate\Container\{closure}()
#20 /var/www/vendor/laravel/framework/src/Illuminate/Container/BoundMethod.php(93): Illuminate\Container\Util::unwrapIfClosure(Object(Closure))
#21 /var/www/vendor/laravel/framework/src/Illuminate/Container/BoundMethod.php(35): Illuminate\Container\BoundMethod::callBoundMethod(Object(Illuminate\Foundation\Application), Array, Object(Closure))
#22 /var/www/vendor/laravel/framework/src/Illuminate/Container/Container.php(653): Illuminate\Container\BoundMethod::call(Object(Illuminate\Foundation\Application), Array, Array, NULL)
#23 /var/www/vendor/laravel/framework/src/Illuminate/Console/Command.php(136): Illuminate\Container\Container->call(Array)
#24 /var/www/vendor/symfony/console/Command/Command.php(298): Illuminate\Console\Command->execute(Object(Symfony\Component\Console\Input\ArgvInput), Object(Illuminate\Console\OutputStyle))
#25 /var/www/vendor/laravel/framework/src/Illuminate/Console/Command.php(120): Symfony\Component\Console\Command\Command->run(Object(Symfony\Component\Console\Input\ArgvInput), Object(Illuminate\Console\OutputStyle))
#26 /var/www/vendor/symfony/console/Application.php(1040): Illuminate\Console\Command->run(Object(Symfony\Component\Console\Input\ArgvInput), Object(Symfony\Component\Console\Output\ConsoleOutput))
#27 /var/www/vendor/symfony/console/Application.php(301): Symfony\Component\Console\Application->doRunCommand(Object(BeyondCode\LaravelWebSockets\Console\StartWebSocketServer), Object(Symfony\Component\Console\Input\ArgvInput), Object(Symfony\Component\Console\Output\ConsoleOutput))
#28 /var/www/vendor/symfony/console/Application.php(171): Symfony\Component\Console\Application->doRun(Object(Symfony\Component\Console\Input\ArgvInput), Object(Symfony\Component\Console\Output\ConsoleOutput))
#29 /var/www/vendor/laravel/framework/src/Illuminate/Console/Application.php(94): Symfony\Component\Console\Application->run(Object(Symfony\Component\Console\Input\ArgvInput), Object(Symfony\Component\Console\Output\ConsoleOutput))
#30 /var/www/vendor/laravel/framework/src/Illuminate/Foundation/Console/Kernel.php(129): Illuminate\Console\Application->run(Object(Symfony\Component\Console\Input\ArgvInput), Object(Symfony\Component\Console\Output\ConsoleOutput))
#31 /var/www/artisan(35): Illuminate\Foundation\Console\Kernel->handle(Object(Symfony\Component\Console\Input\ArgvInput), Object(Symfony\Component\Console\Output\ConsoleOutput))
#32 {main}
simrs: connection id 870817345.91906910 received message: {"event":"pusher:ping","data":{}}.
Connection id 870817345.91906910 sending message {"event":"pusher:pong"}
simrs: connection id 651600869.744301456 received message: {"event":"pusher:ping","data":{}}.
Connection id 651600869.744301456 sending message {"event":"pusher:pong"}
simrs: connection id 870817345.91906910 received message: {"event":"pusher:ping","data":{}}.
Connection id 870817345.91906910 sending message {"event":"pusher:pong"}
simrs: connection id 651600869.744301456 received message: {"event":"pusher:ping","data":{}}.
Connection id 651600869.744301456 sending message {"event":"pusher:pong"}
Unhandled promise rejection with TypeError: React\Http\Io\ClientRequestStream::closeError(): Argument #1 ($error) must be of type Exception, Error given, called in /var/www/vendor/react/promise/src/Internal/RejectedPromise.php on line 73 and defined in /var/www/vendor/react/http/src/Io/ClientRequestStream.php:254
Stack trace:
#0 /var/www/vendor/react/promise/src/Internal/RejectedPromise.php(73): React\Http\Io\ClientRequestStream->closeError(Object(Error))
#1 /var/www/vendor/react/promise/src/Promise.php(47): React\Promise\Internal\RejectedPromise->then(Object(Closure), Array)
#2 /var/www/vendor/react/http/src/Io/ClientRequestStream.php(84): React\Promise\Promise->then(Object(Closure), Array)
#3 /var/www/vendor/react/http/src/Io/ClientRequestStream.php(131): React\Http\Io\ClientRequestStream->writeHead()
#4 /var/www/vendor/react/http/src/Io/ClientRequestStream.php(144): React\Http\Io\ClientRequestStream->write('{"app_id":"simr...')
#5 /var/www/vendor/react/http/src/Io/Sender.php(147): React\Http\Io\ClientRequestStream->end('{"app_id":"simr...')
#6 /var/www/vendor/react/http/src/Io/Transaction.php(146): React\Http\Io\Sender->send(Object(React\Http\Message\Request))
#7 /var/www/vendor/react/http/src/Io/Transaction.php(83): React\Http\Io\Transaction->next(Object(React\Http\Message\Request), Object(React\Promise\Deferred), Object(React\Http\Io\ClientRequestState))
#8 /var/www/vendor/react/http/src/Browser.php(854): React\Http\Io\Transaction->send(Object(React\Http\Message\Request))
#9 /var/www/vendor/react/http/src/Browser.php(177): React\Http\Browser->requestMayBeStreaming('POST', 'http://localhos...', Array, Object(GuzzleHttp\Psr7\Stream))
#10 /var/www/vendor/beyondcode/laravel-websockets/src/Statistics/Logger/HttpStatisticsLogger.php(81): React\Http\Browser->post('http://localhos...', Array, Object(GuzzleHttp\Psr7\Stream))
#11 /var/www/vendor/laravel/framework/src/Illuminate/Support/Facades/Facade.php(261): BeyondCode\LaravelWebSockets\Statistics\Logger\HttpStatisticsLogger->save()
#12 /var/www/vendor/beyondcode/laravel-websockets/src/Console/StartWebSocketServer.php(75): Illuminate\Support\Facades\Facade::__callStatic('save', Array)
#13 /var/www/vendor/react/event-loop/src/Timer/Timers.php(102): BeyondCode\LaravelWebSockets\Console\StartWebSocketServer->BeyondCode\LaravelWebSockets\Console\{closure}(Object(React\EventLoop\Timer\Timer))
#14 /var/www/vendor/react/event-loop/src/StreamSelectLoop.php(185): React\EventLoop\Timer\Timers->tick()
#15 /var/www/vendor/cboden/ratchet/src/Ratchet/Server/IoServer.php(74): React\EventLoop\StreamSelectLoop->run()
#16 /var/www/vendor/beyondcode/laravel-websockets/src/Console/StartWebSocketServer.php(155): Ratchet\Server\IoServer->run()
#17 /var/www/vendor/beyondcode/laravel-websockets/src/Console/StartWebSocketServer.php(52): BeyondCode\LaravelWebSockets\Console\StartWebSocketServer->startWebSocketServer()
#18 /var/www/vendor/laravel/framework/src/Illuminate/Container/BoundMethod.php(36): BeyondCode\LaravelWebSockets\Console\StartWebSocketServer->handle()
#19 /var/www/vendor/laravel/framework/src/Illuminate/Container/Util.php(40): Illuminate\Container\BoundMethod::Illuminate\Container\{closure}()
#20 /var/www/vendor/laravel/framework/src/Illuminate/Container/BoundMethod.php(93): Illuminate\Container\Util::unwrapIfClosure(Object(Closure))
#21 /var/www/vendor/laravel/framework/src/Illuminate/Container/BoundMethod.php(35): Illuminate\Container\BoundMethod::callBoundMethod(Object(Illuminate\Foundation\Application), Array, Object(Closure))
#22 /var/www/vendor/laravel/framework/src/Illuminate/Container/Container.php(653): Illuminate\Container\BoundMethod::call(Object(Illuminate\Foundation\Application), Array, Array, NULL)
#23 /var/www/vendor/laravel/framework/src/Illuminate/Console/Command.php(136): Illuminate\Container\Container->call(Array)
#24 /var/www/vendor/symfony/console/Command/Command.php(298): Illuminate\Console\Command->execute(Object(Symfony\Component\Console\Input\ArgvInput), Object(Illuminate\Console\OutputStyle))
#25 /var/www/vendor/laravel/framework/src/Illuminate/Console/Command.php(120): Symfony\Component\Console\Command\Command->run(Object(Symfony\Component\Console\Input\ArgvInput), Object(Illuminate\Console\OutputStyle))
#26 /var/www/vendor/symfony/console/Application.php(1040): Illuminate\Console\Command->run(Object(Symfony\Component\Console\Input\ArgvInput), Object(Symfony\Component\Console\Output\ConsoleOutput))
#27 /var/www/vendor/symfony/console/Application.php(301): Symfony\Component\Console\Application->doRunCommand(Object(BeyondCode\LaravelWebSockets\Console\StartWebSocketServer), Object(Symfony\Component\Console\Input\ArgvInput), Object(Symfony\Component\Console\Output\ConsoleOutput))
#28 /var/www/vendor/symfony/console/Application.php(171): Symfony\Component\Console\Application->doRun(Object(Symfony\Component\Console\Input\ArgvInput), Object(Symfony\Component\Console\Output\ConsoleOutput))
#29 /var/www/vendor/laravel/framework/src/Illuminate/Console/Application.php(94): Symfony\Component\Console\Application->run(Object(Symfony\Component\Console\Input\ArgvInput), Object(Symfony\Component\Console\Output\ConsoleOutput))
#30 /var/www/vendor/laravel/framework/src/Illuminate/Foundation/Console/Kernel.php(129): Illuminate\Console\Application->run(Object(Symfony\Component\Console\Input\ArgvInput), Object(Symfony\Component\Console\Output\ConsoleOutput))
#31 /var/www/artisan(35): Illuminate\Foundation\Console\Kernel->handle(Object(Symfony\Component\Console\Input\ArgvInput), Object(Symfony\Component\Console\Output\ConsoleOutput))
#32 {main}
simrs: connection id 870817345.91906910 received message: {"event":"pusher:ping","data":{}}.
Connection id 870817345.91906910 sending message {"event":"pusher:pong"}
simrs: connection id 651600869.744301456 received message: {"event":"pusher:ping","data":{}}.
Connection id 651600869.744301456 sending message {"event":"pusher:pong"}
simrs: connection id 870817345.91906910 received message: {"event":"pusher:ping","data":{}}.
Connection id 870817345.91906910 sending message {"event":"pusher:pong"}
simrs: connection id 651600869.744301456 received message: {"event":"pusher:ping","data":{}}.
Connection id 651600869.744301456 sending message {"event":"pusher:pong"}
Unhandled promise rejection with TypeError: React\Http\Io\ClientRequestStream::closeError(): Argument #1 ($error) must be of type Exception, Error given, called in /var/www/vendor/react/promise/src/Internal/RejectedPromise.php on line 73 and defined in /var/www/vendor/react/http/src/Io/ClientRequestStream.php:254
Stack trace:
#0 /var/www/vendor/react/promise/src/Internal/RejectedPromise.php(73): React\Http\Io\ClientRequestStream->closeError(Object(Error))
#1 /var/www/vendor/react/promise/src/Promise.php(47): React\Promise\Internal\RejectedPromise->then(Object(Closure), Array)
#2 /var/www/vendor/react/http/src/Io/ClientRequestStream.php(84): React\Promise\Promise->then(Object(Closure), Array)
#3 /var/www/vendor/react/http/src/Io/ClientRequestStream.php(131): React\Http\Io\ClientRequestStream->writeHead()
#4 /var/www/vendor/react/http/src/Io/ClientRequestStream.php(144): React\Http\Io\ClientRequestStream->write('{"app_id":"simr...')
#5 /var/www/vendor/react/http/src/Io/Sender.php(147): React\Http\Io\ClientRequestStream->end('{"app_id":"simr...')
#6 /var/www/vendor/react/http/src/Io/Transaction.php(146): React\Http\Io\Sender->send(Object(React\Http\Message\Request))
#7 /var/www/vendor/react/http/src/Io/Transaction.php(83): React\Http\Io\Transaction->next(Object(React\Http\Message\Request), Object(React\Promise\Deferred), Object(React\Http\Io\ClientRequestState))
#8 /var/www/vendor/react/http/src/Browser.php(854): React\Http\Io\Transaction->send(Object(React\Http\Message\Request))
#9 /var/www/vendor/react/http/src/Browser.php(177): React\Http\Browser->requestMayBeStreaming('POST', 'http://localhos...', Array, Object(GuzzleHttp\Psr7\Stream))
#10 /var/www/vendor/beyondcode/laravel-websockets/src/Statistics/Logger/HttpStatisticsLogger.php(81): React\Http\Browser->post('http://localhos...', Array, Object(GuzzleHttp\Psr7\Stream))
#11 /var/www/vendor/laravel/framework/src/Illuminate/Support/Facades/Facade.php(261): BeyondCode\LaravelWebSockets\Statistics\Logger\HttpStatisticsLogger->save()
#12 /var/www/vendor/beyondcode/laravel-websockets/src/Console/StartWebSocketServer.php(75): Illuminate\Support\Facades\Facade::__callStatic('save', Array)
#13 /var/www/vendor/react/event-loop/src/Timer/Timers.php(102): BeyondCode\LaravelWebSockets\Console\StartWebSocketServer->BeyondCode\LaravelWebSockets\Console\{closure}(Object(React\EventLoop\Timer\Timer))
#14 /var/www/vendor/react/event-loop/src/StreamSelectLoop.php(185): React\EventLoop\Timer\Timers->tick()
#15 /var/www/vendor/cboden/ratchet/src/Ratchet/Server/IoServer.php(74): React\EventLoop\StreamSelectLoop->run()
#16 /var/www/vendor/beyondcode/laravel-websockets/src/Console/StartWebSocketServer.php(155): Ratchet\Server\IoServer->run()
#17 /var/www/vendor/beyondcode/laravel-websockets/src/Console/StartWebSocketServer.php(52): BeyondCode\LaravelWebSockets\Console\StartWebSocketServer->startWebSocketServer()
#18 /var/www/vendor/laravel/framework/src/Illuminate/Container/BoundMethod.php(36): BeyondCode\LaravelWebSockets\Console\StartWebSocketServer->handle()
#19 /var/www/vendor/laravel/framework/src/Illuminate/Container/Util.php(40): Illuminate\Container\BoundMethod::Illuminate\Container\{closure}()
#20 /var/www/vendor/laravel/framework/src/Illuminate/Container/BoundMethod.php(93): Illuminate\Container\Util::unwrapIfClosure(Object(Closure))
#21 /var/www/vendor/laravel/framework/src/Illuminate/Container/BoundMethod.php(35): Illuminate\Container\BoundMethod::callBoundMethod(Object(Illuminate\Foundation\Application), Array, Object(Closure))
#22 /var/www/vendor/laravel/framework/src/Illuminate/Container/Container.php(653): Illuminate\Container\BoundMethod::call(Object(Illuminate\Foundation\Application), Array, Array, NULL)
#23 /var/www/vendor/laravel/framework/src/Illuminate/Console/Command.php(136): Illuminate\Container\Container->call(Array)
#24 /var/www/vendor/symfony/console/Command/Command.php(298): Illuminate\Console\Command->execute(Object(Symfony\Component\Console\Input\ArgvInput), Object(Illuminate\Console\OutputStyle))
#25 /var/www/vendor/laravel/framework/src/Illuminate/Console/Command.php(120): Symfony\Component\Console\Command\Command->run(Object(Symfony\Component\Console\Input\ArgvInput), Object(Illuminate\Console\OutputStyle))
#26 /var/www/vendor/symfony/console/Application.php(1040): Illuminate\Console\Command->run(Object(Symfony\Component\Console\Input\ArgvInput), Object(Symfony\Component\Console\Output\ConsoleOutput))
#27 /var/www/vendor/symfony/console/Application.php(301): Symfony\Component\Console\Application->doRunCommand(Object(BeyondCode\LaravelWebSockets\Console\StartWebSocketServer), Object(Symfony\Component\Console\Input\ArgvInput), Object(Symfony\Component\Console\Output\ConsoleOutput))
#28 /var/www/vendor/symfony/console/Application.php(171): Symfony\Component\Console\Application->doRun(Object(Symfony\Component\Console\Input\ArgvInput), Object(Symfony\Component\Console\Output\ConsoleOutput))
#29 /var/www/vendor/laravel/framework/src/Illuminate/Console/Application.php(94): Symfony\Component\Console\Application->run(Object(Symfony\Component\Console\Input\ArgvInput), Object(Symfony\Component\Console\Output\ConsoleOutput))
#30 /var/www/vendor/laravel/framework/src/Illuminate/Foundation/Console/Kernel.php(129): Illuminate\Console\Application->run(Object(Symfony\Component\Console\Input\ArgvInput), Object(Symfony\Component\Console\Output\ConsoleOutput))
#31 /var/www/artisan(35): Illuminate\Foundation\Console\Kernel->handle(Object(Symfony\Component\Console\Input\ArgvInput), Object(Symfony\Component\Console\Output\ConsoleOutput))
#32 {main}
simrs: connection id 870817345.91906910 received message: {"event":"pusher:ping","data":{}}.
Connection id 870817345.91906910 sending message {"event":"pusher:pong"}
simrs: connection id 651600869.744301456 received message: {"event":"pusher:ping","data":{}}.
Connection id 651600869.744301456 sending message {"event":"pusher:pong"}
simrs: connection id 870817345.91906910 received message: {"event":"pusher:ping","data":{}}.
Connection id 870817345.91906910 sending message {"event":"pusher:pong"}
simrs: connection id 651600869.744301456 received message: {"event":"pusher:ping","data":{}}.
Connection id 651600869.744301456 sending message {"event":"pusher:pong"}
Unhandled promise rejection with TypeError: React\Http\Io\ClientRequestStream::closeError(): Argument #1 ($error) must be of type Exception, Error given, called in /var/www/vendor/react/promise/src/Internal/RejectedPromise.php on line 73 and defined in /var/www/vendor/react/http/src/Io/ClientRequestStream.php:254
Stack trace:
#0 /var/www/vendor/react/promise/src/Internal/RejectedPromise.php(73): React\Http\Io\ClientRequestStream->closeError(Object(Error))
#1 /var/www/vendor/react/promise/src/Promise.php(47): React\Promise\Internal\RejectedPromise->then(Object(Closure), Array)
#2 /var/www/vendor/react/http/src/Io/ClientRequestStream.php(84): React\Promise\Promise->then(Object(Closure), Array)
#3 /var/www/vendor/react/http/src/Io/ClientRequestStream.php(131): React\Http\Io\ClientRequestStream->writeHead()
#4 /var/www/vendor/react/http/src/Io/ClientRequestStream.php(144): React\Http\Io\ClientRequestStream->write('{"app_id":"simr...')
#5 /var/www/vendor/react/http/src/Io/Sender.php(147): React\Http\Io\ClientRequestStream->end('{"app_id":"simr...')
#6 /var/www/vendor/react/http/src/Io/Transaction.php(146): React\Http\Io\Sender->send(Object(React\Http\Message\Request))
#7 /var/www/vendor/react/http/src/Io/Transaction.php(83): React\Http\Io\Transaction->next(Object(React\Http\Message\Request), Object(React\Promise\Deferred), Object(React\Http\Io\ClientRequestState))
#8 /var/www/vendor/react/http/src/Browser.php(854): React\Http\Io\Transaction->send(Object(React\Http\Message\Request))
#9 /var/www/vendor/react/http/src/Browser.php(177): React\Http\Browser->requestMayBeStreaming('POST', 'http://localhos...', Array, Object(GuzzleHttp\Psr7\Stream))
#10 /var/www/vendor/beyondcode/laravel-websockets/src/Statistics/Logger/HttpStatisticsLogger.php(81): React\Http\Browser->post('http://localhos...', Array, Object(GuzzleHttp\Psr7\Stream))
#11 /var/www/vendor/laravel/framework/src/Illuminate/Support/Facades/Facade.php(261): BeyondCode\LaravelWebSockets\Statistics\Logger\HttpStatisticsLogger->save()
#12 /var/www/vendor/beyondcode/laravel-websockets/src/Console/StartWebSocketServer.php(75): Illuminate\Support\Facades\Facade::__callStatic('save', Array)
#13 /var/www/vendor/react/event-loop/src/Timer/Timers.php(102): BeyondCode\LaravelWebSockets\Console\StartWebSocketServer->BeyondCode\LaravelWebSockets\Console\{closure}(Object(React\EventLoop\Timer\Timer))
#14 /var/www/vendor/react/event-loop/src/StreamSelectLoop.php(185): React\EventLoop\Timer\Timers->tick()
#15 /var/www/vendor/cboden/ratchet/src/Ratchet/Server/IoServer.php(74): React\EventLoop\StreamSelectLoop->run()
#16 /var/www/vendor/beyondcode/laravel-websockets/src/Console/StartWebSocketServer.php(155): Ratchet\Server\IoServer->run()
#17 /var/www/vendor/beyondcode/laravel-websockets/src/Console/StartWebSocketServer.php(52): BeyondCode\LaravelWebSockets\Console\StartWebSocketServer->startWebSocketServer()
#18 /var/www/vendor/laravel/framework/src/Illuminate/Container/BoundMethod.php(36): BeyondCode\LaravelWebSockets\Console\StartWebSocketServer->handle()
#19 /var/www/vendor/laravel/framework/src/Illuminate/Container/Util.php(40): Illuminate\Container\BoundMethod::Illuminate\Container\{closure}()
#20 /var/www/vendor/laravel/framework/src/Illuminate/Container/BoundMethod.php(93): Illuminate\Container\Util::unwrapIfClosure(Object(Closure))
#21 /var/www/vendor/laravel/framework/src/Illuminate/Container/BoundMethod.php(35): Illuminate\Container\BoundMethod::callBoundMethod(Object(Illuminate\Foundation\Application), Array, Object(Closure))
#22 /var/www/vendor/laravel/framework/src/Illuminate/Container/Container.php(653): Illuminate\Container\BoundMethod::call(Object(Illuminate\Foundation\Application), Array, Array, NULL)
#23 /var/www/vendor/laravel/framework/src/Illuminate/Console/Command.php(136): Illuminate\Container\Container->call(Array)
#24 /var/www/vendor/symfony/console/Command/Command.php(298): Illuminate\Console\Command->execute(Object(Symfony\Component\Console\Input\ArgvInput), Object(Illuminate\Console\OutputStyle))
#25 /var/www/vendor/laravel/framework/src/Illuminate/Console/Command.php(120): Symfony\Component\Console\Command\Command->run(Object(Symfony\Component\Console\Input\ArgvInput), Object(Illuminate\Console\OutputStyle))
#26 /var/www/vendor/symfony/console/Application.php(1040): Illuminate\Console\Command->run(Object(Symfony\Component\Console\Input\ArgvInput), Object(Symfony\Component\Console\Output\ConsoleOutput))
#27 /var/www/vendor/symfony/console/Application.php(301): Symfony\Component\Console\Application->doRunCommand(Object(BeyondCode\LaravelWebSockets\Console\StartWebSocketServer), Object(Symfony\Component\Console\Input\ArgvInput), Object(Symfony\Component\Console\Output\ConsoleOutput))
#28 /var/www/vendor/symfony/console/Application.php(171): Symfony\Component\Console\Application->doRun(Object(Symfony\Component\Console\Input\ArgvInput), Object(Symfony\Component\Console\Output\ConsoleOutput))
#29 /var/www/vendor/laravel/framework/src/Illuminate/Console/Application.php(94): Symfony\Component\Console\Application->run(Object(Symfony\Component\Console\Input\ArgvInput), Object(Symfony\Component\Console\Output\ConsoleOutput))
#30 /var/www/vendor/laravel/framework/src/Illuminate/Foundation/Console/Kernel.php(129): Illuminate\Console\Application->run(Object(Symfony\Component\Console\Input\ArgvInput), Object(Symfony\Component\Console\Output\ConsoleOutput))
#31 /var/www/artisan(35): Illuminate\Foundation\Console\Kernel->handle(Object(Symfony\Component\Console\Input\ArgvInput), Object(Symfony\Component\Console\Output\ConsoleOutput))
#32 {main}
simrs: connection id 870817345.91906910 received message: {"event":"pusher:ping","data":{}}.
Connection id 870817345.91906910 sending message {"event":"pusher:pong"}
simrs: connection id 651600869.744301456 received message: {"event":"pusher:ping","data":{}}.
Connection id 651600869.744301456 sending message {"event":"pusher:pong"}
simrs: connection id 870817345.91906910 received message: {"event":"pusher:ping","data":{}}.
Connection id 870817345.91906910 sending message {"event":"pusher:pong"}
simrs: connection id 651600869.744301456 received message: {"event":"pusher:ping","data":{}}.
Connection id 651600869.744301456 sending message {"event":"pusher:pong"}
Unhandled promise rejection with TypeError: React\Http\Io\ClientRequestStream::closeError(): Argument #1 ($error) must be of type Exception, Error given, called in /var/www/vendor/react/promise/src/Internal/RejectedPromise.php on line 73 and defined in /var/www/vendor/react/http/src/Io/ClientRequestStream.php:254
Stack trace:
#0 /var/www/vendor/react/promise/src/Internal/RejectedPromise.php(73): React\Http\Io\ClientRequestStream->closeError(Object(Error))
#1 /var/www/vendor/react/promise/src/Promise.php(47): React\Promise\Internal\RejectedPromise->then(Object(Closure), Array)
#2 /var/www/vendor/react/http/src/Io/ClientRequestStream.php(84): React\Promise\Promise->then(Object(Closure), Array)
#3 /var/www/vendor/react/http/src/Io/ClientRequestStream.php(131): React\Http\Io\ClientRequestStream->writeHead()
#4 /var/www/vendor/react/http/src/Io/ClientRequestStream.php(144): React\Http\Io\ClientRequestStream->write('{"app_id":"simr...')
#5 /var/www/vendor/react/http/src/Io/Sender.php(147): React\Http\Io\ClientRequestStream->end('{"app_id":"simr...')
#6 /var/www/vendor/react/http/src/Io/Transaction.php(146): React\Http\Io\Sender->send(Object(React\Http\Message\Request))
#7 /var/www/vendor/react/http/src/Io/Transaction.php(83): React\Http\Io\Transaction->next(Object(React\Http\Message\Request), Object(React\Promise\Deferred), Object(React\Http\Io\ClientRequestState))
#8 /var/www/vendor/react/http/src/Browser.php(854): React\Http\Io\Transaction->send(Object(React\Http\Message\Request))
#9 /var/www/vendor/react/http/src/Browser.php(177): React\Http\Browser->requestMayBeStreaming('POST', 'http://localhos...', Array, Object(GuzzleHttp\Psr7\Stream))
#10 /var/www/vendor/beyondcode/laravel-websockets/src/Statistics/Logger/HttpStatisticsLogger.php(81): React\Http\Browser->post('http://localhos...', Array, Object(GuzzleHttp\Psr7\Stream))
#11 /var/www/vendor/laravel/framework/src/Illuminate/Support/Facades/Facade.php(261): BeyondCode\LaravelWebSockets\Statistics\Logger\HttpStatisticsLogger->save()
#12 /var/www/vendor/beyondcode/laravel-websockets/src/Console/StartWebSocketServer.php(75): Illuminate\Support\Facades\Facade::__callStatic('save', Array)
#13 /var/www/vendor/react/event-loop/src/Timer/Timers.php(102): BeyondCode\LaravelWebSockets\Console\StartWebSocketServer->BeyondCode\LaravelWebSockets\Console\{closure}(Object(React\EventLoop\Timer\Timer))
#14 /var/www/vendor/react/event-loop/src/StreamSelectLoop.php(185): React\EventLoop\Timer\Timers->tick()
#15 /var/www/vendor/cboden/ratchet/src/Ratchet/Server/IoServer.php(74): React\EventLoop\StreamSelectLoop->run()
#16 /var/www/vendor/beyondcode/laravel-websockets/src/Console/StartWebSocketServer.php(155): Ratchet\Server\IoServer->run()
#17 /var/www/vendor/beyondcode/laravel-websockets/src/Console/StartWebSocketServer.php(52): BeyondCode\LaravelWebSockets\Console\StartWebSocketServer->startWebSocketServer()
#18 /var/www/vendor/laravel/framework/src/Illuminate/Container/BoundMethod.php(36): BeyondCode\LaravelWebSockets\Console\StartWebSocketServer->handle()
#19 /var/www/vendor/laravel/framework/src/Illuminate/Container/Util.php(40): Illuminate\Container\BoundMethod::Illuminate\Container\{closure}()
#20 /var/www/vendor/laravel/framework/src/Illuminate/Container/BoundMethod.php(93): Illuminate\Container\Util::unwrapIfClosure(Object(Closure))
#21 /var/www/vendor/laravel/framework/src/Illuminate/Container/BoundMethod.php(35): Illuminate\Container\BoundMethod::callBoundMethod(Object(Illuminate\Foundation\Application), Array, Object(Closure))
#22 /var/www/vendor/laravel/framework/src/Illuminate/Container/Container.php(653): Illuminate\Container\BoundMethod::call(Object(Illuminate\Foundation\Application), Array, Array, NULL)
#23 /var/www/vendor/laravel/framework/src/Illuminate/Console/Command.php(136): Illuminate\Container\Container->call(Array)
#24 /var/www/vendor/symfony/console/Command/Command.php(298): Illuminate\Console\Command->execute(Object(Symfony\Component\Console\Input\ArgvInput), Object(Illuminate\Console\OutputStyle))
#25 /var/www/vendor/laravel/framework/src/Illuminate/Console/Command.php(120): Symfony\Component\Console\Command\Command->run(Object(Symfony\Component\Console\Input\ArgvInput), Object(Illuminate\Console\OutputStyle))
#26 /var/www/vendor/symfony/console/Application.php(1040): Illuminate\Console\Command->run(Object(Symfony\Component\Console\Input\ArgvInput), Object(Symfony\Component\Console\Output\ConsoleOutput))
#27 /var/www/vendor/symfony/console/Application.php(301): Symfony\Component\Console\Application->doRunCommand(Object(BeyondCode\LaravelWebSockets\Console\StartWebSocketServer), Object(Symfony\Component\Console\Input\ArgvInput), Object(Symfony\Component\Console\Output\ConsoleOutput))
#28 /var/www/vendor/symfony/console/Application.php(171): Symfony\Component\Console\Application->doRun(Object(Symfony\Component\Console\Input\ArgvInput), Object(Symfony\Component\Console\Output\ConsoleOutput))
#29 /var/www/vendor/laravel/framework/src/Illuminate/Console/Application.php(94): Symfony\Component\Console\Application->run(Object(Symfony\Component\Console\Input\ArgvInput), Object(Symfony\Component\Console\Output\ConsoleOutput))
#30 /var/www/vendor/laravel/framework/src/Illuminate/Foundation/Console/Kernel.php(129): Illuminate\Console\Application->run(Object(Symfony\Component\Console\Input\ArgvInput), Object(Symfony\Component\Console\Output\ConsoleOutput))
#31 /var/www/artisan(35): Illuminate\Foundation\Console\Kernel->handle(Object(Symfony\Component\Console\Input\ArgvInput), Object(Symfony\Component\Console\Output\ConsoleOutput))
#32 {main}
simrs: connection id 870817345.91906910 received message: {"event":"pusher:ping","data":{}}.
Connection id 870817345.91906910 sending message {"event":"pusher:pong"}
simrs: connection id 651600869.744301456 received message: {"event":"pusher:ping","data":{}}.
Connection id 651600869.744301456 sending message {"event":"pusher:pong"}
simrs: connection id 870817345.91906910 received message: {"event":"pusher:ping","data":{}}.
Connection id 870817345.91906910 sending message {"event":"pusher:pong"}
simrs: connection id 651600869.744301456 received message: {"event":"pusher:ping","data":{}}.
Connection id 651600869.744301456 sending message {"event":"pusher:pong"}
Unhandled promise rejection with TypeError: React\Http\Io\ClientRequestStream::closeError(): Argument #1 ($error) must be of type Exception, Error given, called in /var/www/vendor/react/promise/src/Internal/RejectedPromise.php on line 73 and defined in /var/www/vendor/react/http/src/Io/ClientRequestStream.php:254
Stack trace:
#0 /var/www/vendor/react/promise/src/Internal/RejectedPromise.php(73): React\Http\Io\ClientRequestStream->closeError(Object(Error))
#1 /var/www/vendor/react/promise/src/Promise.php(47): React\Promise\Internal\RejectedPromise->then(Object(Closure), Array)
#2 /var/www/vendor/react/http/src/Io/ClientRequestStream.php(84): React\Promise\Promise->then(Object(Closure), Array)
#3 /var/www/vendor/react/http/src/Io/ClientRequestStream.php(131): React\Http\Io\ClientRequestStream->writeHead()
#4 /var/www/vendor/react/http/src/Io/ClientRequestStream.php(144): React\Http\Io\ClientRequestStream->write('{"app_id":"simr...')
#5 /var/www/vendor/react/http/src/Io/Sender.php(147): React\Http\Io\ClientRequestStream->end('{"app_id":"simr...')
#6 /var/www/vendor/react/http/src/Io/Transaction.php(146): React\Http\Io\Sender->send(Object(React\Http\Message\Request))
#7 /var/www/vendor/react/http/src/Io/Transaction.php(83): React\Http\Io\Transaction->next(Object(React\Http\Message\Request), Object(React\Promise\Deferred), Object(React\Http\Io\ClientRequestState))
#8 /var/www/vendor/react/http/src/Browser.php(854): React\Http\Io\Transaction->send(Object(React\Http\Message\Request))
#9 /var/www/vendor/react/http/src/Browser.php(177): React\Http\Browser->requestMayBeStreaming('POST', 'http://localhos...', Array, Object(GuzzleHttp\Psr7\Stream))
#10 /var/www/vendor/beyondcode/laravel-websockets/src/Statistics/Logger/HttpStatisticsLogger.php(81): React\Http\Browser->post('http://localhos...', Array, Object(GuzzleHttp\Psr7\Stream))
#11 /var/www/vendor/laravel/framework/src/Illuminate/Support/Facades/Facade.php(261): BeyondCode\LaravelWebSockets\Statistics\Logger\HttpStatisticsLogger->save()
#12 /var/www/vendor/beyondcode/laravel-websockets/src/Console/StartWebSocketServer.php(75): Illuminate\Support\Facades\Facade::__callStatic('save', Array)
#13 /var/www/vendor/react/event-loop/src/Timer/Timers.php(102): BeyondCode\LaravelWebSockets\Console\StartWebSocketServer->BeyondCode\LaravelWebSockets\Console\{closure}(Object(React\EventLoop\Timer\Timer))
#14 /var/www/vendor/react/event-loop/src/StreamSelectLoop.php(185): React\EventLoop\Timer\Timers->tick()
#15 /var/www/vendor/cboden/ratchet/src/Ratchet/Server/IoServer.php(74): React\EventLoop\StreamSelectLoop->run()
#16 /var/www/vendor/beyondcode/laravel-websockets/src/Console/StartWebSocketServer.php(155): Ratchet\Server\IoServer->run()
#17 /var/www/vendor/beyondcode/laravel-websockets/src/Console/StartWebSocketServer.php(52): BeyondCode\LaravelWebSockets\Console\StartWebSocketServer->startWebSocketServer()
#18 /var/www/vendor/laravel/framework/src/Illuminate/Container/BoundMethod.php(36): BeyondCode\LaravelWebSockets\Console\StartWebSocketServer->handle()
#19 /var/www/vendor/laravel/framework/src/Illuminate/Container/Util.php(40): Illuminate\Container\BoundMethod::Illuminate\Container\{closure}()
#20 /var/www/vendor/laravel/framework/src/Illuminate/Container/BoundMethod.php(93): Illuminate\Container\Util::unwrapIfClosure(Object(Closure))
#21 /var/www/vendor/laravel/framework/src/Illuminate/Container/BoundMethod.php(35): Illuminate\Container\BoundMethod::callBoundMethod(Object(Illuminate\Foundation\Application), Array, Object(Closure))
#22 /var/www/vendor/laravel/framework/src/Illuminate/Container/Container.php(653): Illuminate\Container\BoundMethod::call(Object(Illuminate\Foundation\Application), Array, Array, NULL)
#23 /var/www/vendor/laravel/framework/src/Illuminate/Console/Command.php(136): Illuminate\Container\Container->call(Array)
#24 /var/www/vendor/symfony/console/Command/Command.php(298): Illuminate\Console\Command->execute(Object(Symfony\Component\Console\Input\ArgvInput), Object(Illuminate\Console\OutputStyle))
#25 /var/www/vendor/laravel/framework/src/Illuminate/Console/Command.php(120): Symfony\Component\Console\Command\Command->run(Object(Symfony\Component\Console\Input\ArgvInput), Object(Illuminate\Console\OutputStyle))
#26 /var/www/vendor/symfony/console/Application.php(1040): Illuminate\Console\Command->run(Object(Symfony\Component\Console\Input\ArgvInput), Object(Symfony\Component\Console\Output\ConsoleOutput))
#27 /var/www/vendor/symfony/console/Application.php(301): Symfony\Component\Console\Application->doRunCommand(Object(BeyondCode\LaravelWebSockets\Console\StartWebSocketServer), Object(Symfony\Component\Console\Input\ArgvInput), Object(Symfony\Component\Console\Output\ConsoleOutput))
#28 /var/www/vendor/symfony/console/Application.php(171): Symfony\Component\Console\Application->doRun(Object(Symfony\Component\Console\Input\ArgvInput), Object(Symfony\Component\Console\Output\ConsoleOutput))
#29 /var/www/vendor/laravel/framework/src/Illuminate/Console/Application.php(94): Symfony\Component\Console\Application->run(Object(Symfony\Component\Console\Input\ArgvInput), Object(Symfony\Component\Console\Output\ConsoleOutput))
#30 /var/www/vendor/laravel/framework/src/Illuminate/Foundation/Console/Kernel.php(129): Illuminate\Console\Application->run(Object(Symfony\Component\Console\Input\ArgvInput), Object(Symfony\Component\Console\Output\ConsoleOutput))
#31 /var/www/artisan(35): Illuminate\Foundation\Console\Kernel->handle(Object(Symfony\Component\Console\Input\ArgvInput), Object(Symfony\Component\Console\Output\ConsoleOutput))
#32 {main}
simrs: connection id 870817345.91906910 received message: {"event":"pusher:ping","data":{}}.
Connection id 870817345.91906910 sending message {"event":"pusher:pong"}
simrs: connection id 651600869.744301456 received message: {"event":"pusher:ping","data":{}}.
Connection id 651600869.744301456 sending message {"event":"pusher:pong"}
simrs: connection id 870817345.91906910 received message: {"event":"pusher:ping","data":{}}.
Connection id 870817345.91906910 sending message {"event":"pusher:pong"}
simrs: connection id 651600869.744301456 received message: {"event":"pusher:ping","data":{}}.
Connection id 651600869.744301456 sending message {"event":"pusher:pong"}
Unhandled promise rejection with TypeError: React\Http\Io\ClientRequestStream::closeError(): Argument #1 ($error) must be of type Exception, Error given, called in /var/www/vendor/react/promise/src/Internal/RejectedPromise.php on line 73 and defined in /var/www/vendor/react/http/src/Io/ClientRequestStream.php:254
Stack trace:
#0 /var/www/vendor/react/promise/src/Internal/RejectedPromise.php(73): React\Http\Io\ClientRequestStream->closeError(Object(Error))
#1 /var/www/vendor/react/promise/src/Promise.php(47): React\Promise\Internal\RejectedPromise->then(Object(Closure), Array)
#2 /var/www/vendor/react/http/src/Io/ClientRequestStream.php(84): React\Promise\Promise->then(Object(Closure), Array)
#3 /var/www/vendor/react/http/src/Io/ClientRequestStream.php(131): React\Http\Io\ClientRequestStream->writeHead()
#4 /var/www/vendor/react/http/src/Io/ClientRequestStream.php(144): React\Http\Io\ClientRequestStream->write('{"app_id":"simr...')
#5 /var/www/vendor/react/http/src/Io/Sender.php(147): React\Http\Io\ClientRequestStream->end('{"app_id":"simr...')
#6 /var/www/vendor/react/http/src/Io/Transaction.php(146): React\Http\Io\Sender->send(Object(React\Http\Message\Request))
#7 /var/www/vendor/react/http/src/Io/Transaction.php(83): React\Http\Io\Transaction->next(Object(React\Http\Message\Request), Object(React\Promise\Deferred), Object(React\Http\Io\ClientRequestState))
#8 /var/www/vendor/react/http/src/Browser.php(854): React\Http\Io\Transaction->send(Object(React\Http\Message\Request))
#9 /var/www/vendor/react/http/src/Browser.php(177): React\Http\Browser->requestMayBeStreaming('POST', 'http://localhos...', Array, Object(GuzzleHttp\Psr7\Stream))
#10 /var/www/vendor/beyondcode/laravel-websockets/src/Statistics/Logger/HttpStatisticsLogger.php(81): React\Http\Browser->post('http://localhos...', Array, Object(GuzzleHttp\Psr7\Stream))
#11 /var/www/vendor/laravel/framework/src/Illuminate/Support/Facades/Facade.php(261): BeyondCode\LaravelWebSockets\Statistics\Logger\HttpStatisticsLogger->save()
#12 /var/www/vendor/beyondcode/laravel-websockets/src/Console/StartWebSocketServer.php(75): Illuminate\Support\Facades\Facade::__callStatic('save', Array)
#13 /var/www/vendor/react/event-loop/src/Timer/Timers.php(102): BeyondCode\LaravelWebSockets\Console\StartWebSocketServer->BeyondCode\LaravelWebSockets\Console\{closure}(Object(React\EventLoop\Timer\Timer))
#14 /var/www/vendor/react/event-loop/src/StreamSelectLoop.php(185): React\EventLoop\Timer\Timers->tick()
#15 /var/www/vendor/cboden/ratchet/src/Ratchet/Server/IoServer.php(74): React\EventLoop\StreamSelectLoop->run()
#16 /var/www/vendor/beyondcode/laravel-websockets/src/Console/StartWebSocketServer.php(155): Ratchet\Server\IoServer->run()
#17 /var/www/vendor/beyondcode/laravel-websockets/src/Console/StartWebSocketServer.php(52): BeyondCode\LaravelWebSockets\Console\StartWebSocketServer->startWebSocketServer()
#18 /var/www/vendor/laravel/framework/src/Illuminate/Container/BoundMethod.php(36): BeyondCode\LaravelWebSockets\Console\StartWebSocketServer->handle()
#19 /var/www/vendor/laravel/framework/src/Illuminate/Container/Util.php(40): Illuminate\Container\BoundMethod::Illuminate\Container\{closure}()
#20 /var/www/vendor/laravel/framework/src/Illuminate/Container/BoundMethod.php(93): Illuminate\Container\Util::unwrapIfClosure(Object(Closure))
#21 /var/www/vendor/laravel/framework/src/Illuminate/Container/BoundMethod.php(35): Illuminate\Container\BoundMethod::callBoundMethod(Object(Illuminate\Foundation\Application), Array, Object(Closure))
#22 /var/www/vendor/laravel/framework/src/Illuminate/Container/Container.php(653): Illuminate\Container\BoundMethod::call(Object(Illuminate\Foundation\Application), Array, Array, NULL)
#23 /var/www/vendor/laravel/framework/src/Illuminate/Console/Command.php(136): Illuminate\Container\Container->call(Array)
#24 /var/www/vendor/symfony/console/Command/Command.php(298): Illuminate\Console\Command->execute(Object(Symfony\Component\Console\Input\ArgvInput), Object(Illuminate\Console\OutputStyle))
#25 /var/www/vendor/laravel/framework/src/Illuminate/Console/Command.php(120): Symfony\Component\Console\Command\Command->run(Object(Symfony\Component\Console\Input\ArgvInput), Object(Illuminate\Console\OutputStyle))
#26 /var/www/vendor/symfony/console/Application.php(1040): Illuminate\Console\Command->run(Object(Symfony\Component\Console\Input\ArgvInput), Object(Symfony\Component\Console\Output\ConsoleOutput))
#27 /var/www/vendor/symfony/console/Application.php(301): Symfony\Component\Console\Application->doRunCommand(Object(BeyondCode\LaravelWebSockets\Console\StartWebSocketServer), Object(Symfony\Component\Console\Input\ArgvInput), Object(Symfony\Component\Console\Output\ConsoleOutput))
#28 /var/www/vendor/symfony/console/Application.php(171): Symfony\Component\Console\Application->doRun(Object(Symfony\Component\Console\Input\ArgvInput), Object(Symfony\Component\Console\Output\ConsoleOutput))
#29 /var/www/vendor/laravel/framework/src/Illuminate/Console/Application.php(94): Symfony\Component\Console\Application->run(Object(Symfony\Component\Console\Input\ArgvInput), Object(Symfony\Component\Console\Output\ConsoleOutput))
#30 /var/www/vendor/laravel/framework/src/Illuminate/Foundation/Console/Kernel.php(129): Illuminate\Console\Application->run(Object(Symfony\Component\Console\Input\ArgvInput), Object(Symfony\Component\Console\Output\ConsoleOutput))
#31 /var/www/artisan(35): Illuminate\Foundation\Console\Kernel->handle(Object(Symfony\Component\Console\Input\ArgvInput), Object(Symfony\Component\Console\Output\ConsoleOutput))
#32 {main}
simrs: connection id 870817345.91906910 received message: {"event":"pusher:ping","data":{}}.
Connection id 870817345.91906910 sending message {"event":"pusher:pong"}
simrs: connection id 651600869.744301456 received message: {"event":"pusher:ping","data":{}}.
Connection id 651600869.744301456 sending message {"event":"pusher:pong"}
simrs: connection id 870817345.91906910 received message: {"event":"pusher:ping","data":{}}.
Connection id 870817345.91906910 sending message {"event":"pusher:pong"}
simrs: connection id 651600869.744301456 received message: {"event":"pusher:ping","data":{}}.
Connection id 651600869.744301456 sending message {"event":"pusher:pong"}
Unhandled promise rejection with TypeError: React\Http\Io\ClientRequestStream::closeError(): Argument #1 ($error) must be of type Exception, Error given, called in /var/www/vendor/react/promise/src/Internal/RejectedPromise.php on line 73 and defined in /var/www/vendor/react/http/src/Io/ClientRequestStream.php:254
Stack trace:
#0 /var/www/vendor/react/promise/src/Internal/RejectedPromise.php(73): React\Http\Io\ClientRequestStream->closeError(Object(Error))
#1 /var/www/vendor/react/promise/src/Promise.php(47): React\Promise\Internal\RejectedPromise->then(Object(Closure), Array)
#2 /var/www/vendor/react/http/src/Io/ClientRequestStream.php(84): React\Promise\Promise->then(Object(Closure), Array)
#3 /var/www/vendor/react/http/src/Io/ClientRequestStream.php(131): React\Http\Io\ClientRequestStream->writeHead()
#4 /var/www/vendor/react/http/src/Io/ClientRequestStream.php(144): React\Http\Io\ClientRequestStream->write('{"app_id":"simr...')
#5 /var/www/vendor/react/http/src/Io/Sender.php(147): React\Http\Io\ClientRequestStream->end('{"app_id":"simr...')
#6 /var/www/vendor/react/http/src/Io/Transaction.php(146): React\Http\Io\Sender->send(Object(React\Http\Message\Request))
#7 /var/www/vendor/react/http/src/Io/Transaction.php(83): React\Http\Io\Transaction->next(Object(React\Http\Message\Request), Object(React\Promise\Deferred), Object(React\Http\Io\ClientRequestState))
#8 /var/www/vendor/react/http/src/Browser.php(854): React\Http\Io\Transaction->send(Object(React\Http\Message\Request))
#9 /var/www/vendor/react/http/src/Browser.php(177): React\Http\Browser->requestMayBeStreaming('POST', 'http://localhos...', Array, Object(GuzzleHttp\Psr7\Stream))
#10 /var/www/vendor/beyondcode/laravel-websockets/src/Statistics/Logger/HttpStatisticsLogger.php(81): React\Http\Browser->post('http://localhos...', Array, Object(GuzzleHttp\Psr7\Stream))
#11 /var/www/vendor/laravel/framework/src/Illuminate/Support/Facades/Facade.php(261): BeyondCode\LaravelWebSockets\Statistics\Logger\HttpStatisticsLogger->save()
#12 /var/www/vendor/beyondcode/laravel-websockets/src/Console/StartWebSocketServer.php(75): Illuminate\Support\Facades\Facade::__callStatic('save', Array)
#13 /var/www/vendor/react/event-loop/src/Timer/Timers.php(102): BeyondCode\LaravelWebSockets\Console\StartWebSocketServer->BeyondCode\LaravelWebSockets\Console\{closure}(Object(React\EventLoop\Timer\Timer))
#14 /var/www/vendor/react/event-loop/src/StreamSelectLoop.php(185): React\EventLoop\Timer\Timers->tick()
#15 /var/www/vendor/cboden/ratchet/src/Ratchet/Server/IoServer.php(74): React\EventLoop\StreamSelectLoop->run()
#16 /var/www/vendor/beyondcode/laravel-websockets/src/Console/StartWebSocketServer.php(155): Ratchet\Server\IoServer->run()
#17 /var/www/vendor/beyondcode/laravel-websockets/src/Console/StartWebSocketServer.php(52): BeyondCode\LaravelWebSockets\Console\StartWebSocketServer->startWebSocketServer()
#18 /var/www/vendor/laravel/framework/src/Illuminate/Container/BoundMethod.php(36): BeyondCode\LaravelWebSockets\Console\StartWebSocketServer->handle()
#19 /var/www/vendor/laravel/framework/src/Illuminate/Container/Util.php(40): Illuminate\Container\BoundMethod::Illuminate\Container\{closure}()
#20 /var/www/vendor/laravel/framework/src/Illuminate/Container/BoundMethod.php(93): Illuminate\Container\Util::unwrapIfClosure(Object(Closure))
#21 /var/www/vendor/laravel/framework/src/Illuminate/Container/BoundMethod.php(35): Illuminate\Container\BoundMethod::callBoundMethod(Object(Illuminate\Foundation\Application), Array, Object(Closure))
#22 /var/www/vendor/laravel/framework/src/Illuminate/Container/Container.php(653): Illuminate\Container\BoundMethod::call(Object(Illuminate\Foundation\Application), Array, Array, NULL)
#23 /var/www/vendor/laravel/framework/src/Illuminate/Console/Command.php(136): Illuminate\Container\Container->call(Array)
#24 /var/www/vendor/symfony/console/Command/Command.php(298): Illuminate\Console\Command->execute(Object(Symfony\Component\Console\Input\ArgvInput), Object(Illuminate\Console\OutputStyle))
#25 /var/www/vendor/laravel/framework/src/Illuminate/Console/Command.php(120): Symfony\Component\Console\Command\Command->run(Object(Symfony\Component\Console\Input\ArgvInput), Object(Illuminate\Console\OutputStyle))
#26 /var/www/vendor/symfony/console/Application.php(1040): Illuminate\Console\Command->run(Object(Symfony\Component\Console\Input\ArgvInput), Object(Symfony\Component\Console\Output\ConsoleOutput))
#27 /var/www/vendor/symfony/console/Application.php(301): Symfony\Component\Console\Application->doRunCommand(Object(BeyondCode\LaravelWebSockets\Console\StartWebSocketServer), Object(Symfony\Component\Console\Input\ArgvInput), Object(Symfony\Component\Console\Output\ConsoleOutput))
#28 /var/www/vendor/symfony/console/Application.php(171): Symfony\Component\Console\Application->doRun(Object(Symfony\Component\Console\Input\ArgvInput), Object(Symfony\Component\Console\Output\ConsoleOutput))
#29 /var/www/vendor/laravel/framework/src/Illuminate/Console/Application.php(94): Symfony\Component\Console\Application->run(Object(Symfony\Component\Console\Input\ArgvInput), Object(Symfony\Component\Console\Output\ConsoleOutput))
#30 /var/www/vendor/laravel/framework/src/Illuminate/Foundation/Console/Kernel.php(129): Illuminate\Console\Application->run(Object(Symfony\Component\Console\Input\ArgvInput), Object(Symfony\Component\Console\Output\ConsoleOutput))
#31 /var/www/artisan(35): Illuminate\Foundation\Console\Kernel->handle(Object(Symfony\Component\Console\Input\ArgvInput), Object(Symfony\Component\Console\Output\ConsoleOutput))
#32 {main}
Connection id 870817345.91906910 closed.
Connection id 651600869.744301456 sending message {"event":"log-message","channel":"private-websockets-dashboard-vacated","data":{"type":"vacated","time":"10:58:16","details":"Channel: public.playground.1"}}
Connection id 651600869.744301456 sending message {"event":"log-message","channel":"private-websockets-dashboard-disconnection","data":{"type":"disconnection","time":"10:58:16","socketId":"870817345.91906910"}}
Connection id 651600869.744301456 closed.
Connection id 651600869.744301456 sending message {"event":"log-message","channel":"private-websockets-dashboard-vacated","data":{"type":"vacated","time":"10:58:16","details":"Channel: private-websockets-dashboard-disconnection"}}
Connection id 651600869.744301456 sending message {"event":"log-message","channel":"private-websockets-dashboard-vacated","data":{"type":"vacated","time":"10:58:16","details":"Channel: private-websockets-dashboard-subscribed"}}
New connection opened for app key simrs_key_harry141312.
Connection id 228043571.634714734 sending message {"event":"pusher:connection_established","data":"{\"socket_id\":\"228043571.634714734\",\"activity_timeout\":30}"}
simrs: connection id 228043571.634714734 received message: {"event":"pusher:subscribe","data":{"auth":"","channel":"public.playground.1"}}.
Connection id 228043571.634714734 sending message {"event":"pusher_internal:subscription_succeeded","channel":"public.playground.1"}
New connection opened for app key simrs_key_harry141312.
Connection id 648950635.679113029 sending message {"event":"pusher:connection_established","data":"{\"socket_id\":\"648950635.679113029\",\"activity_timeout\":30}"}
simrs: connection id 648950635.679113029 received message: {"event":"pusher:subscribe","data":{"auth":"simrs_key_harry141312:afa07aa24544926497648b8c9a51e800454a183d2a51492569bc24574e80c1ab","channel":"private-websockets-dashboard-client-message"}}.
Connection id 648950635.679113029 sending message {"event":"pusher_internal:subscription_succeeded","channel":"private-websockets-dashboard-client-message"}
simrs: connection id 648950635.679113029 received message: {"event":"pusher:subscribe","data":{"auth":"simrs_key_harry141312:6c685fef817552129781cacdfa5c6f65758e3934b5011bde7980b98785944b11","channel":"private-websockets-dashboard-connection"}}.
Connection id 648950635.679113029 sending message {"event":"pusher_internal:subscription_succeeded","channel":"private-websockets-dashboard-connection"}
simrs: connection id 648950635.679113029 received message: {"event":"pusher:subscribe","data":{"auth":"simrs_key_harry141312:edc5ca9b0028d7d86bb43fc6cf1e66e66225bb8345f3eeb21c2a0c0f69d80af7","channel":"private-websockets-dashboard-disconnection"}}.
Connection id 648950635.679113029 sending message {"event":"pusher_internal:subscription_succeeded","channel":"private-websockets-dashboard-disconnection"}
simrs: connection id 648950635.679113029 received message: {"event":"pusher:subscribe","data":{"auth":"simrs_key_harry141312:5e267e43c813108ffce8e91e4d71e36526efdcf58d9e2fca1369fef88fabb1d7","channel":"private-websockets-dashboard-vacated"}}.
Connection id 648950635.679113029 sending message {"event":"pusher_internal:subscription_succeeded","channel":"private-websockets-dashboard-vacated"}
simrs: connection id 648950635.679113029 received message: {"event":"pusher:subscribe","data":{"auth":"simrs_key_harry141312:dc0cf7a00982bb5d00d392beae749521e4750867156cb96dc4a8ff7786c5612c","channel":"private-websockets-dashboard-occupied"}}.
Connection id 648950635.679113029 sending message {"event":"log-message","channel":"private-websockets-dashboard-occupied","data":{"type":"occupied","time":"10:58:18","details":"Channel: private-websockets-dashboard-occupied"}}
Connection id 648950635.679113029 sending message {"event":"pusher_internal:subscription_succeeded","channel":"private-websockets-dashboard-occupied"}
simrs: connection id 648950635.679113029 received message: {"event":"pusher:subscribe","data":{"auth":"simrs_key_harry141312:31ba0eaf04f7fba19a023f45d4bb9db90b2b94af3cc33c4e685e69588ddbd7c9","channel":"private-websockets-dashboard-api-message"}}.
Connection id 648950635.679113029 sending message {"event":"log-message","channel":"private-websockets-dashboard-occupied","data":{"type":"occupied","time":"10:58:18","details":"Channel: private-websockets-dashboard-api-message"}}
Connection id 648950635.679113029 sending message {"event":"pusher_internal:subscription_succeeded","channel":"private-websockets-dashboard-api-message"}
simrs: connection id 648950635.679113029 received message: {"event":"pusher:subscribe","data":{"auth":"simrs_key_harry141312:4bbd6c81fe17b1cf912784a1f7a886575812114fe080701335628cbb0b016419","channel":"private-websockets-dashboard-subscribed"}}.
Connection id 648950635.679113029 sending message {"event":"log-message","channel":"private-websockets-dashboard-occupied","data":{"type":"occupied","time":"10:58:18","details":"Channel: private-websockets-dashboard-subscribed"}}
Connection id 648950635.679113029 sending message {"event":"log-message","channel":"private-websockets-dashboard-subscribed","data":{"type":"subscribed","time":"10:58:18","socketId":"648950635.679113029","details":"Channel: private-websockets-dashboard-subscribed"}}
Connection id 648950635.679113029 sending message {"event":"pusher_internal:subscription_succeeded","channel":"private-websockets-dashboard-subscribed"}
simrs: connection id 648950635.679113029 received message: {"event":"pusher:subscribe","data":{"auth":"simrs_key_harry141312:d911cd2d38cde6c154864bd22f76d9a8431eb48a36a780c43b5c90bdf6e6dcd9","channel":"private-websockets-dashboard-statistics"}}.
Connection id 648950635.679113029 sending message {"event":"log-message","channel":"private-websockets-dashboard-occupied","data":{"type":"occupied","time":"10:58:18","details":"Channel: private-websockets-dashboard-statistics"}}
Connection id 648950635.679113029 sending message {"event":"log-message","channel":"private-websockets-dashboard-subscribed","data":{"type":"subscribed","time":"10:58:18","socketId":"648950635.679113029","details":"Channel: private-websockets-dashboard-statistics"}}
Connection id 648950635.679113029 sending message {"event":"pusher_internal:subscription_succeeded","channel":"private-websockets-dashboard-statistics"}
simrs: connection id 228043571.634714734 received message: {"event":"pusher:ping","data":{}}.
Connection id 228043571.634714734 sending message {"event":"pusher:pong"}
simrs: connection id 648950635.679113029 received message: {"event":"pusher:ping","data":{}}.
Connection id 648950635.679113029 sending message {"event":"pusher:pong"}
Unhandled promise rejection with TypeError: React\Http\Io\ClientRequestStream::closeError(): Argument #1 ($error) must be of type Exception, Error given, called in /var/www/vendor/react/promise/src/Internal/RejectedPromise.php on line 73 and defined in /var/www/vendor/react/http/src/Io/ClientRequestStream.php:254
Stack trace:
#0 /var/www/vendor/react/promise/src/Internal/RejectedPromise.php(73): React\Http\Io\ClientRequestStream->closeError(Object(Error))
#1 /var/www/vendor/react/promise/src/Promise.php(47): React\Promise\Internal\RejectedPromise->then(Object(Closure), Array)
#2 /var/www/vendor/react/http/src/Io/ClientRequestStream.php(84): React\Promise\Promise->then(Object(Closure), Array)
#3 /var/www/vendor/react/http/src/Io/ClientRequestStream.php(131): React\Http\Io\ClientRequestStream->writeHead()
#4 /var/www/vendor/react/http/src/Io/ClientRequestStream.php(144): React\Http\Io\ClientRequestStream->write('{"app_id":"simr...')
#5 /var/www/vendor/react/http/src/Io/Sender.php(147): React\Http\Io\ClientRequestStream->end('{"app_id":"simr...')
#6 /var/www/vendor/react/http/src/Io/Transaction.php(146): React\Http\Io\Sender->send(Object(React\Http\Message\Request))
#7 /var/www/vendor/react/http/src/Io/Transaction.php(83): React\Http\Io\Transaction->next(Object(React\Http\Message\Request), Object(React\Promise\Deferred), Object(React\Http\Io\ClientRequestState))
#8 /var/www/vendor/react/http/src/Browser.php(854): React\Http\Io\Transaction->send(Object(React\Http\Message\Request))
#9 /var/www/vendor/react/http/src/Browser.php(177): React\Http\Browser->requestMayBeStreaming('POST', 'http://localhos...', Array, Object(GuzzleHttp\Psr7\Stream))
#10 /var/www/vendor/beyondcode/laravel-websockets/src/Statistics/Logger/HttpStatisticsLogger.php(81): React\Http\Browser->post('http://localhos...', Array, Object(GuzzleHttp\Psr7\Stream))
#11 /var/www/vendor/laravel/framework/src/Illuminate/Support/Facades/Facade.php(261): BeyondCode\LaravelWebSockets\Statistics\Logger\HttpStatisticsLogger->save()
#12 /var/www/vendor/beyondcode/laravel-websockets/src/Console/StartWebSocketServer.php(75): Illuminate\Support\Facades\Facade::__callStatic('save', Array)
#13 /var/www/vendor/react/event-loop/src/Timer/Timers.php(102): BeyondCode\LaravelWebSockets\Console\StartWebSocketServer->BeyondCode\LaravelWebSockets\Console\{closure}(Object(React\EventLoop\Timer\Timer))
#14 /var/www/vendor/react/event-loop/src/StreamSelectLoop.php(185): React\EventLoop\Timer\Timers->tick()
#15 /var/www/vendor/cboden/ratchet/src/Ratchet/Server/IoServer.php(74): React\EventLoop\StreamSelectLoop->run()
#16 /var/www/vendor/beyondcode/laravel-websockets/src/Console/StartWebSocketServer.php(155): Ratchet\Server\IoServer->run()
#17 /var/www/vendor/beyondcode/laravel-websockets/src/Console/StartWebSocketServer.php(52): BeyondCode\LaravelWebSockets\Console\StartWebSocketServer->startWebSocketServer()
#18 /var/www/vendor/laravel/framework/src/Illuminate/Container/BoundMethod.php(36): BeyondCode\LaravelWebSockets\Console\StartWebSocketServer->handle()
#19 /var/www/vendor/laravel/framework/src/Illuminate/Container/Util.php(40): Illuminate\Container\BoundMethod::Illuminate\Container\{closure}()
#20 /var/www/vendor/laravel/framework/src/Illuminate/Container/BoundMethod.php(93): Illuminate\Container\Util::unwrapIfClosure(Object(Closure))
#21 /var/www/vendor/laravel/framework/src/Illuminate/Container/BoundMethod.php(35): Illuminate\Container\BoundMethod::callBoundMethod(Object(Illuminate\Foundation\Application), Array, Object(Closure))
#22 /var/www/vendor/laravel/framework/src/Illuminate/Container/Container.php(653): Illuminate\Container\BoundMethod::call(Object(Illuminate\Foundation\Application), Array, Array, NULL)
#23 /var/www/vendor/laravel/framework/src/Illuminate/Console/Command.php(136): Illuminate\Container\Container->call(Array)
#24 /var/www/vendor/symfony/console/Command/Command.php(298): Illuminate\Console\Command->execute(Object(Symfony\Component\Console\Input\ArgvInput), Object(Illuminate\Console\OutputStyle))
#25 /var/www/vendor/laravel/framework/src/Illuminate/Console/Command.php(120): Symfony\Component\Console\Command\Command->run(Object(Symfony\Component\Console\Input\ArgvInput), Object(Illuminate\Console\OutputStyle))
#26 /var/www/vendor/symfony/console/Application.php(1040): Illuminate\Console\Command->run(Object(Symfony\Component\Console\Input\ArgvInput), Object(Symfony\Component\Console\Output\ConsoleOutput))
#27 /var/www/vendor/symfony/console/Application.php(301): Symfony\Component\Console\Application->doRunCommand(Object(BeyondCode\LaravelWebSockets\Console\StartWebSocketServer), Object(Symfony\Component\Console\Input\ArgvInput), Object(Symfony\Component\Console\Output\ConsoleOutput))
#28 /var/www/vendor/symfony/console/Application.php(171): Symfony\Component\Console\Application->doRun(Object(Symfony\Component\Console\Input\ArgvInput), Object(Symfony\Component\Console\Output\ConsoleOutput))
#29 /var/www/vendor/laravel/framework/src/Illuminate/Console/Application.php(94): Symfony\Component\Console\Application->run(Object(Symfony\Component\Console\Input\ArgvInput), Object(Symfony\Component\Console\Output\ConsoleOutput))
#30 /var/www/vendor/laravel/framework/src/Illuminate/Foundation/Console/Kernel.php(129): Illuminate\Console\Application->run(Object(Symfony\Component\Console\Input\ArgvInput), Object(Symfony\Component\Console\Output\ConsoleOutput))
#31 /var/www/artisan(35): Illuminate\Foundation\Console\Kernel->handle(Object(Symfony\Component\Console\Input\ArgvInput), Object(Symfony\Component\Console\Output\ConsoleOutput))
#32 {main}
simrs: connection id 228043571.634714734 received message: {"event":"pusher:ping","data":{}}.
Connection id 228043571.634714734 sending message {"event":"pusher:pong"}
simrs: connection id 648950635.679113029 received message: {"event":"pusher:ping","data":{}}.
Connection id 648950635.679113029 sending message {"event":"pusher:pong"}
simrs: connection id 228043571.634714734 received message: {"event":"pusher:ping","data":{}}.
Connection id 228043571.634714734 sending message {"event":"pusher:pong"}
simrs: connection id 648950635.679113029 received message: {"event":"pusher:ping","data":{}}.
Connection id 648950635.679113029 sending message {"event":"pusher:pong"}
Unhandled promise rejection with TypeError: React\Http\Io\ClientRequestStream::closeError(): Argument #1 ($error) must be of type Exception, Error given, called in /var/www/vendor/react/promise/src/Internal/RejectedPromise.php on line 73 and defined in /var/www/vendor/react/http/src/Io/ClientRequestStream.php:254
Stack trace:
#0 /var/www/vendor/react/promise/src/Internal/RejectedPromise.php(73): React\Http\Io\ClientRequestStream->closeError(Object(Error))
#1 /var/www/vendor/react/promise/src/Promise.php(47): React\Promise\Internal\RejectedPromise->then(Object(Closure), Array)
#2 /var/www/vendor/react/http/src/Io/ClientRequestStream.php(84): React\Promise\Promise->then(Object(Closure), Array)
#3 /var/www/vendor/react/http/src/Io/ClientRequestStream.php(131): React\Http\Io\ClientRequestStream->writeHead()
#4 /var/www/vendor/react/http/src/Io/ClientRequestStream.php(144): React\Http\Io\ClientRequestStream->write('{"app_id":"simr...')
#5 /var/www/vendor/react/http/src/Io/Sender.php(147): React\Http\Io\ClientRequestStream->end('{"app_id":"simr...')
#6 /var/www/vendor/react/http/src/Io/Transaction.php(146): React\Http\Io\Sender->send(Object(React\Http\Message\Request))
#7 /var/www/vendor/react/http/src/Io/Transaction.php(83): React\Http\Io\Transaction->next(Object(React\Http\Message\Request), Object(React\Promise\Deferred), Object(React\Http\Io\ClientRequestState))
#8 /var/www/vendor/react/http/src/Browser.php(854): React\Http\Io\Transaction->send(Object(React\Http\Message\Request))
#9 /var/www/vendor/react/http/src/Browser.php(177): React\Http\Browser->requestMayBeStreaming('POST', 'http://localhos...', Array, Object(GuzzleHttp\Psr7\Stream))
#10 /var/www/vendor/beyondcode/laravel-websockets/src/Statistics/Logger/HttpStatisticsLogger.php(81): React\Http\Browser->post('http://localhos...', Array, Object(GuzzleHttp\Psr7\Stream))
#11 /var/www/vendor/laravel/framework/src/Illuminate/Support/Facades/Facade.php(261): BeyondCode\LaravelWebSockets\Statistics\Logger\HttpStatisticsLogger->save()
#12 /var/www/vendor/beyondcode/laravel-websockets/src/Console/StartWebSocketServer.php(75): Illuminate\Support\Facades\Facade::__callStatic('save', Array)
#13 /var/www/vendor/react/event-loop/src/Timer/Timers.php(102): BeyondCode\LaravelWebSockets\Console\StartWebSocketServer->BeyondCode\LaravelWebSockets\Console\{closure}(Object(React\EventLoop\Timer\Timer))
#14 /var/www/vendor/react/event-loop/src/StreamSelectLoop.php(185): React\EventLoop\Timer\Timers->tick()
#15 /var/www/vendor/cboden/ratchet/src/Ratchet/Server/IoServer.php(74): React\EventLoop\StreamSelectLoop->run()
#16 /var/www/vendor/beyondcode/laravel-websockets/src/Console/StartWebSocketServer.php(155): Ratchet\Server\IoServer->run()
#17 /var/www/vendor/beyondcode/laravel-websockets/src/Console/StartWebSocketServer.php(52): BeyondCode\LaravelWebSockets\Console\StartWebSocketServer->startWebSocketServer()
#18 /var/www/vendor/laravel/framework/src/Illuminate/Container/BoundMethod.php(36): BeyondCode\LaravelWebSockets\Console\StartWebSocketServer->handle()
#19 /var/www/vendor/laravel/framework/src/Illuminate/Container/Util.php(40): Illuminate\Container\BoundMethod::Illuminate\Container\{closure}()
#20 /var/www/vendor/laravel/framework/src/Illuminate/Container/BoundMethod.php(93): Illuminate\Container\Util::unwrapIfClosure(Object(Closure))
#21 /var/www/vendor/laravel/framework/src/Illuminate/Container/BoundMethod.php(35): Illuminate\Container\BoundMethod::callBoundMethod(Object(Illuminate\Foundation\Application), Array, Object(Closure))
#22 /var/www/vendor/laravel/framework/src/Illuminate/Container/Container.php(653): Illuminate\Container\BoundMethod::call(Object(Illuminate\Foundation\Application), Array, Array, NULL)
#23 /var/www/vendor/laravel/framework/src/Illuminate/Console/Command.php(136): Illuminate\Container\Container->call(Array)
#24 /var/www/vendor/symfony/console/Command/Command.php(298): Illuminate\Console\Command->execute(Object(Symfony\Component\Console\Input\ArgvInput), Object(Illuminate\Console\OutputStyle))
#25 /var/www/vendor/laravel/framework/src/Illuminate/Console/Command.php(120): Symfony\Component\Console\Command\Command->run(Object(Symfony\Component\Console\Input\ArgvInput), Object(Illuminate\Console\OutputStyle))
#26 /var/www/vendor/symfony/console/Application.php(1040): Illuminate\Console\Command->run(Object(Symfony\Component\Console\Input\ArgvInput), Object(Symfony\Component\Console\Output\ConsoleOutput))
#27 /var/www/vendor/symfony/console/Application.php(301): Symfony\Component\Console\Application->doRunCommand(Object(BeyondCode\LaravelWebSockets\Console\StartWebSocketServer), Object(Symfony\Component\Console\Input\ArgvInput), Object(Symfony\Component\Console\Output\ConsoleOutput))
#28 /var/www/vendor/symfony/console/Application.php(171): Symfony\Component\Console\Application->doRun(Object(Symfony\Component\Console\Input\ArgvInput), Object(Symfony\Component\Console\Output\ConsoleOutput))
#29 /var/www/vendor/laravel/framework/src/Illuminate/Console/Application.php(94): Symfony\Component\Console\Application->run(Object(Symfony\Component\Console\Input\ArgvInput), Object(Symfony\Component\Console\Output\ConsoleOutput))
#30 /var/www/vendor/laravel/framework/src/Illuminate/Foundation/Console/Kernel.php(129): Illuminate\Console\Application->run(Object(Symfony\Component\Console\Input\ArgvInput), Object(Symfony\Component\Console\Output\ConsoleOutput))
#31 /var/www/artisan(35): Illuminate\Foundation\Console\Kernel->handle(Object(Symfony\Component\Console\Input\ArgvInput), Object(Symfony\Component\Console\Output\ConsoleOutput))
#32 {main}
simrs: connection id 228043571.634714734 received message: {"event":"pusher:ping","data":{}}.
Connection id 228043571.634714734 sending message {"event":"pusher:pong"}
simrs: connection id 648950635.679113029 received message: {"event":"pusher:ping","data":{}}.
Connection id 648950635.679113029 sending message {"event":"pusher:pong"}
simrs: connection id 228043571.634714734 received message: {"event":"pusher:ping","data":{}}.
Connection id 228043571.634714734 sending message {"event":"pusher:pong"}
simrs: connection id 648950635.679113029 received message: {"event":"pusher:ping","data":{}}.
Connection id 648950635.679113029 sending message {"event":"pusher:pong"}
Unhandled promise rejection with TypeError: React\Http\Io\ClientRequestStream::closeError(): Argument #1 ($error) must be of type Exception, Error given, called in /var/www/vendor/react/promise/src/Internal/RejectedPromise.php on line 73 and defined in /var/www/vendor/react/http/src/Io/ClientRequestStream.php:254
Stack trace:
#0 /var/www/vendor/react/promise/src/Internal/RejectedPromise.php(73): React\Http\Io\ClientRequestStream->closeError(Object(Error))
#1 /var/www/vendor/react/promise/src/Promise.php(47): React\Promise\Internal\RejectedPromise->then(Object(Closure), Array)
#2 /var/www/vendor/react/http/src/Io/ClientRequestStream.php(84): React\Promise\Promise->then(Object(Closure), Array)
#3 /var/www/vendor/react/http/src/Io/ClientRequestStream.php(131): React\Http\Io\ClientRequestStream->writeHead()
#4 /var/www/vendor/react/http/src/Io/ClientRequestStream.php(144): React\Http\Io\ClientRequestStream->write('{"app_id":"simr...')
#5 /var/www/vendor/react/http/src/Io/Sender.php(147): React\Http\Io\ClientRequestStream->end('{"app_id":"simr...')
#6 /var/www/vendor/react/http/src/Io/Transaction.php(146): React\Http\Io\Sender->send(Object(React\Http\Message\Request))
#7 /var/www/vendor/react/http/src/Io/Transaction.php(83): React\Http\Io\Transaction->next(Object(React\Http\Message\Request), Object(React\Promise\Deferred), Object(React\Http\Io\ClientRequestState))
#8 /var/www/vendor/react/http/src/Browser.php(854): React\Http\Io\Transaction->send(Object(React\Http\Message\Request))
#9 /var/www/vendor/react/http/src/Browser.php(177): React\Http\Browser->requestMayBeStreaming('POST', 'http://localhos...', Array, Object(GuzzleHttp\Psr7\Stream))
#10 /var/www/vendor/beyondcode/laravel-websockets/src/Statistics/Logger/HttpStatisticsLogger.php(81): React\Http\Browser->post('http://localhos...', Array, Object(GuzzleHttp\Psr7\Stream))
#11 /var/www/vendor/laravel/framework/src/Illuminate/Support/Facades/Facade.php(261): BeyondCode\LaravelWebSockets\Statistics\Logger\HttpStatisticsLogger->save()
#12 /var/www/vendor/beyondcode/laravel-websockets/src/Console/StartWebSocketServer.php(75): Illuminate\Support\Facades\Facade::__callStatic('save', Array)
#13 /var/www/vendor/react/event-loop/src/Timer/Timers.php(102): BeyondCode\LaravelWebSockets\Console\StartWebSocketServer->BeyondCode\LaravelWebSockets\Console\{closure}(Object(React\EventLoop\Timer\Timer))
#14 /var/www/vendor/react/event-loop/src/StreamSelectLoop.php(185): React\EventLoop\Timer\Timers->tick()
#15 /var/www/vendor/cboden/ratchet/src/Ratchet/Server/IoServer.php(74): React\EventLoop\StreamSelectLoop->run()
#16 /var/www/vendor/beyondcode/laravel-websockets/src/Console/StartWebSocketServer.php(155): Ratchet\Server\IoServer->run()
#17 /var/www/vendor/beyondcode/laravel-websockets/src/Console/StartWebSocketServer.php(52): BeyondCode\LaravelWebSockets\Console\StartWebSocketServer->startWebSocketServer()
#18 /var/www/vendor/laravel/framework/src/Illuminate/Container/BoundMethod.php(36): BeyondCode\LaravelWebSockets\Console\StartWebSocketServer->handle()
#19 /var/www/vendor/laravel/framework/src/Illuminate/Container/Util.php(40): Illuminate\Container\BoundMethod::Illuminate\Container\{closure}()
#20 /var/www/vendor/laravel/framework/src/Illuminate/Container/BoundMethod.php(93): Illuminate\Container\Util::unwrapIfClosure(Object(Closure))
#21 /var/www/vendor/laravel/framework/src/Illuminate/Container/BoundMethod.php(35): Illuminate\Container\BoundMethod::callBoundMethod(Object(Illuminate\Foundation\Application), Array, Object(Closure))
#22 /var/www/vendor/laravel/framework/src/Illuminate/Container/Container.php(653): Illuminate\Container\BoundMethod::call(Object(Illuminate\Foundation\Application), Array, Array, NULL)
#23 /var/www/vendor/laravel/framework/src/Illuminate/Console/Command.php(136): Illuminate\Container\Container->call(Array)
#24 /var/www/vendor/symfony/console/Command/Command.php(298): Illuminate\Console\Command->execute(Object(Symfony\Component\Console\Input\ArgvInput), Object(Illuminate\Console\OutputStyle))
#25 /var/www/vendor/laravel/framework/src/Illuminate/Console/Command.php(120): Symfony\Component\Console\Command\Command->run(Object(Symfony\Component\Console\Input\ArgvInput), Object(Illuminate\Console\OutputStyle))
#26 /var/www/vendor/symfony/console/Application.php(1040): Illuminate\Console\Command->run(Object(Symfony\Component\Console\Input\ArgvInput), Object(Symfony\Component\Console\Output\ConsoleOutput))
#27 /var/www/vendor/symfony/console/Application.php(301): Symfony\Component\Console\Application->doRunCommand(Object(BeyondCode\LaravelWebSockets\Console\StartWebSocketServer), Object(Symfony\Component\Console\Input\ArgvInput), Object(Symfony\Component\Console\Output\ConsoleOutput))
#28 /var/www/vendor/symfony/console/Application.php(171): Symfony\Component\Console\Application->doRun(Object(Symfony\Component\Console\Input\ArgvInput), Object(Symfony\Component\Console\Output\ConsoleOutput))
#29 /var/www/vendor/laravel/framework/src/Illuminate/Console/Application.php(94): Symfony\Component\Console\Application->run(Object(Symfony\Component\Console\Input\ArgvInput), Object(Symfony\Component\Console\Output\ConsoleOutput))
#30 /var/www/vendor/laravel/framework/src/Illuminate/Foundation/Console/Kernel.php(129): Illuminate\Console\Application->run(Object(Symfony\Component\Console\Input\ArgvInput), Object(Symfony\Component\Console\Output\ConsoleOutput))
#31 /var/www/artisan(35): Illuminate\Foundation\Console\Kernel->handle(Object(Symfony\Component\Console\Input\ArgvInput), Object(Symfony\Component\Console\Output\ConsoleOutput))
#32 {main}
simrs: connection id 228043571.634714734 received message: {"event":"pusher:ping","data":{}}.
Connection id 228043571.634714734 sending message {"event":"pusher:pong"}
simrs: connection id 648950635.679113029 received message: {"event":"pusher:ping","data":{}}.
Connection id 648950635.679113029 sending message {"event":"pusher:pong"}
simrs: connection id 228043571.634714734 received message: {"event":"pusher:ping","data":{}}.
Connection id 228043571.634714734 sending message {"event":"pusher:pong"}
simrs: connection id 648950635.679113029 received message: {"event":"pusher:ping","data":{}}.
Connection id 648950635.679113029 sending message {"event":"pusher:pong"}
Unhandled promise rejection with TypeError: React\Http\Io\ClientRequestStream::closeError(): Argument #1 ($error) must be of type Exception, Error given, called in /var/www/vendor/react/promise/src/Internal/RejectedPromise.php on line 73 and defined in /var/www/vendor/react/http/src/Io/ClientRequestStream.php:254
Stack trace:
#0 /var/www/vendor/react/promise/src/Internal/RejectedPromise.php(73): React\Http\Io\ClientRequestStream->closeError(Object(Error))
#1 /var/www/vendor/react/promise/src/Promise.php(47): React\Promise\Internal\RejectedPromise->then(Object(Closure), Array)
#2 /var/www/vendor/react/http/src/Io/ClientRequestStream.php(84): React\Promise\Promise->then(Object(Closure), Array)
#3 /var/www/vendor/react/http/src/Io/ClientRequestStream.php(131): React\Http\Io\ClientRequestStream->writeHead()
#4 /var/www/vendor/react/http/src/Io/ClientRequestStream.php(144): React\Http\Io\ClientRequestStream->write('{"app_id":"simr...')
#5 /var/www/vendor/react/http/src/Io/Sender.php(147): React\Http\Io\ClientRequestStream->end('{"app_id":"simr...')
#6 /var/www/vendor/react/http/src/Io/Transaction.php(146): React\Http\Io\Sender->send(Object(React\Http\Message\Request))
#7 /var/www/vendor/react/http/src/Io/Transaction.php(83): React\Http\Io\Transaction->next(Object(React\Http\Message\Request), Object(React\Promise\Deferred), Object(React\Http\Io\ClientRequestState))
#8 /var/www/vendor/react/http/src/Browser.php(854): React\Http\Io\Transaction->send(Object(React\Http\Message\Request))
#9 /var/www/vendor/react/http/src/Browser.php(177): React\Http\Browser->requestMayBeStreaming('POST', 'http://localhos...', Array, Object(GuzzleHttp\Psr7\Stream))
#10 /var/www/vendor/beyondcode/laravel-websockets/src/Statistics/Logger/HttpStatisticsLogger.php(81): React\Http\Browser->post('http://localhos...', Array, Object(GuzzleHttp\Psr7\Stream))
#11 /var/www/vendor/laravel/framework/src/Illuminate/Support/Facades/Facade.php(261): BeyondCode\LaravelWebSockets\Statistics\Logger\HttpStatisticsLogger->save()
#12 /var/www/vendor/beyondcode/laravel-websockets/src/Console/StartWebSocketServer.php(75): Illuminate\Support\Facades\Facade::__callStatic('save', Array)
#13 /var/www/vendor/react/event-loop/src/Timer/Timers.php(102): BeyondCode\LaravelWebSockets\Console\StartWebSocketServer->BeyondCode\LaravelWebSockets\Console\{closure}(Object(React\EventLoop\Timer\Timer))
#14 /var/www/vendor/react/event-loop/src/StreamSelectLoop.php(185): React\EventLoop\Timer\Timers->tick()
#15 /var/www/vendor/cboden/ratchet/src/Ratchet/Server/IoServer.php(74): React\EventLoop\StreamSelectLoop->run()
#16 /var/www/vendor/beyondcode/laravel-websockets/src/Console/StartWebSocketServer.php(155): Ratchet\Server\IoServer->run()
#17 /var/www/vendor/beyondcode/laravel-websockets/src/Console/StartWebSocketServer.php(52): BeyondCode\LaravelWebSockets\Console\StartWebSocketServer->startWebSocketServer()
#18 /var/www/vendor/laravel/framework/src/Illuminate/Container/BoundMethod.php(36): BeyondCode\LaravelWebSockets\Console\StartWebSocketServer->handle()
#19 /var/www/vendor/laravel/framework/src/Illuminate/Container/Util.php(40): Illuminate\Container\BoundMethod::Illuminate\Container\{closure}()
#20 /var/www/vendor/laravel/framework/src/Illuminate/Container/BoundMethod.php(93): Illuminate\Container\Util::unwrapIfClosure(Object(Closure))
#21 /var/www/vendor/laravel/framework/src/Illuminate/Container/BoundMethod.php(35): Illuminate\Container\BoundMethod::callBoundMethod(Object(Illuminate\Foundation\Application), Array, Object(Closure))
#22 /var/www/vendor/laravel/framework/src/Illuminate/Container/Container.php(653): Illuminate\Container\BoundMethod::call(Object(Illuminate\Foundation\Application), Array, Array, NULL)
#23 /var/www/vendor/laravel/framework/src/Illuminate/Console/Command.php(136): Illuminate\Container\Container->call(Array)
#24 /var/www/vendor/symfony/console/Command/Command.php(298): Illuminate\Console\Command->execute(Object(Symfony\Component\Console\Input\ArgvInput), Object(Illuminate\Console\OutputStyle))
#25 /var/www/vendor/laravel/framework/src/Illuminate/Console/Command.php(120): Symfony\Component\Console\Command\Command->run(Object(Symfony\Component\Console\Input\ArgvInput), Object(Illuminate\Console\OutputStyle))
#26 /var/www/vendor/symfony/console/Application.php(1040): Illuminate\Console\Command->run(Object(Symfony\Component\Console\Input\ArgvInput), Object(Symfony\Component\Console\Output\ConsoleOutput))
#27 /var/www/vendor/symfony/console/Application.php(301): Symfony\Component\Console\Application->doRunCommand(Object(BeyondCode\LaravelWebSockets\Console\StartWebSocketServer), Object(Symfony\Component\Console\Input\ArgvInput), Object(Symfony\Component\Console\Output\ConsoleOutput))
#28 /var/www/vendor/symfony/console/Application.php(171): Symfony\Component\Console\Application->doRun(Object(Symfony\Component\Console\Input\ArgvInput), Object(Symfony\Component\Console\Output\ConsoleOutput))
#29 /var/www/vendor/laravel/framework/src/Illuminate/Console/Application.php(94): Symfony\Component\Console\Application->run(Object(Symfony\Component\Console\Input\ArgvInput), Object(Symfony\Component\Console\Output\ConsoleOutput))
#30 /var/www/vendor/laravel/framework/src/Illuminate/Foundation/Console/Kernel.php(129): Illuminate\Console\Application->run(Object(Symfony\Component\Console\Input\ArgvInput), Object(Symfony\Component\Console\Output\ConsoleOutput))
#31 /var/www/artisan(35): Illuminate\Foundation\Console\Kernel->handle(Object(Symfony\Component\Console\Input\ArgvInput), Object(Symfony\Component\Console\Output\ConsoleOutput))
#32 {main}
simrs: connection id 228043571.634714734 received message: {"event":"pusher:ping","data":{}}.
Connection id 228043571.634714734 sending message {"event":"pusher:pong"}
simrs: connection id 648950635.679113029 received message: {"event":"pusher:ping","data":{}}.
Connection id 648950635.679113029 sending message {"event":"pusher:pong"}
simrs: connection id 228043571.634714734 received message: {"event":"pusher:ping","data":{}}.
Connection id 228043571.634714734 sending message {"event":"pusher:pong"}
simrs: connection id 648950635.679113029 received message: {"event":"pusher:ping","data":{}}.
Connection id 648950635.679113029 sending message {"event":"pusher:pong"}
Unhandled promise rejection with TypeError: React\Http\Io\ClientRequestStream::closeError(): Argument #1 ($error) must be of type Exception, Error given, called in /var/www/vendor/react/promise/src/Internal/RejectedPromise.php on line 73 and defined in /var/www/vendor/react/http/src/Io/ClientRequestStream.php:254
Stack trace:
#0 /var/www/vendor/react/promise/src/Internal/RejectedPromise.php(73): React\Http\Io\ClientRequestStream->closeError(Object(Error))
#1 /var/www/vendor/react/promise/src/Promise.php(47): React\Promise\Internal\RejectedPromise->then(Object(Closure), Array)
#2 /var/www/vendor/react/http/src/Io/ClientRequestStream.php(84): React\Promise\Promise->then(Object(Closure), Array)
#3 /var/www/vendor/react/http/src/Io/ClientRequestStream.php(131): React\Http\Io\ClientRequestStream->writeHead()
#4 /var/www/vendor/react/http/src/Io/ClientRequestStream.php(144): React\Http\Io\ClientRequestStream->write('{"app_id":"simr...')
#5 /var/www/vendor/react/http/src/Io/Sender.php(147): React\Http\Io\ClientRequestStream->end('{"app_id":"simr...')
#6 /var/www/vendor/react/http/src/Io/Transaction.php(146): React\Http\Io\Sender->send(Object(React\Http\Message\Request))
#7 /var/www/vendor/react/http/src/Io/Transaction.php(83): React\Http\Io\Transaction->next(Object(React\Http\Message\Request), Object(React\Promise\Deferred), Object(React\Http\Io\ClientRequestState))
#8 /var/www/vendor/react/http/src/Browser.php(854): React\Http\Io\Transaction->send(Object(React\Http\Message\Request))
#9 /var/www/vendor/react/http/src/Browser.php(177): React\Http\Browser->requestMayBeStreaming('POST', 'http://localhos...', Array, Object(GuzzleHttp\Psr7\Stream))
#10 /var/www/vendor/beyondcode/laravel-websockets/src/Statistics/Logger/HttpStatisticsLogger.php(81): React\Http\Browser->post('http://localhos...', Array, Object(GuzzleHttp\Psr7\Stream))
#11 /var/www/vendor/laravel/framework/src/Illuminate/Support/Facades/Facade.php(261): BeyondCode\LaravelWebSockets\Statistics\Logger\HttpStatisticsLogger->save()
#12 /var/www/vendor/beyondcode/laravel-websockets/src/Console/StartWebSocketServer.php(75): Illuminate\Support\Facades\Facade::__callStatic('save', Array)
#13 /var/www/vendor/react/event-loop/src/Timer/Timers.php(102): BeyondCode\LaravelWebSockets\Console\StartWebSocketServer->BeyondCode\LaravelWebSockets\Console\{closure}(Object(React\EventLoop\Timer\Timer))
#14 /var/www/vendor/react/event-loop/src/StreamSelectLoop.php(185): React\EventLoop\Timer\Timers->tick()
#15 /var/www/vendor/cboden/ratchet/src/Ratchet/Server/IoServer.php(74): React\EventLoop\StreamSelectLoop->run()
#16 /var/www/vendor/beyondcode/laravel-websockets/src/Console/StartWebSocketServer.php(155): Ratchet\Server\IoServer->run()
#17 /var/www/vendor/beyondcode/laravel-websockets/src/Console/StartWebSocketServer.php(52): BeyondCode\LaravelWebSockets\Console\StartWebSocketServer->startWebSocketServer()
#18 /var/www/vendor/laravel/framework/src/Illuminate/Container/BoundMethod.php(36): BeyondCode\LaravelWebSockets\Console\StartWebSocketServer->handle()
#19 /var/www/vendor/laravel/framework/src/Illuminate/Container/Util.php(40): Illuminate\Container\BoundMethod::Illuminate\Container\{closure}()
#20 /var/www/vendor/laravel/framework/src/Illuminate/Container/BoundMethod.php(93): Illuminate\Container\Util::unwrapIfClosure(Object(Closure))
#21 /var/www/vendor/laravel/framework/src/Illuminate/Container/BoundMethod.php(35): Illuminate\Container\BoundMethod::callBoundMethod(Object(Illuminate\Foundation\Application), Array, Object(Closure))
#22 /var/www/vendor/laravel/framework/src/Illuminate/Container/Container.php(653): Illuminate\Container\BoundMethod::call(Object(Illuminate\Foundation\Application), Array, Array, NULL)
#23 /var/www/vendor/laravel/framework/src/Illuminate/Console/Command.php(136): Illuminate\Container\Container->call(Array)
#24 /var/www/vendor/symfony/console/Command/Command.php(298): Illuminate\Console\Command->execute(Object(Symfony\Component\Console\Input\ArgvInput), Object(Illuminate\Console\OutputStyle))
#25 /var/www/vendor/laravel/framework/src/Illuminate/Console/Command.php(120): Symfony\Component\Console\Command\Command->run(Object(Symfony\Component\Console\Input\ArgvInput), Object(Illuminate\Console\OutputStyle))
#26 /var/www/vendor/symfony/console/Application.php(1040): Illuminate\Console\Command->run(Object(Symfony\Component\Console\Input\ArgvInput), Object(Symfony\Component\Console\Output\ConsoleOutput))
#27 /var/www/vendor/symfony/console/Application.php(301): Symfony\Component\Console\Application->doRunCommand(Object(BeyondCode\LaravelWebSockets\Console\StartWebSocketServer), Object(Symfony\Component\Console\Input\ArgvInput), Object(Symfony\Component\Console\Output\ConsoleOutput))
#28 /var/www/vendor/symfony/console/Application.php(171): Symfony\Component\Console\Application->doRun(Object(Symfony\Component\Console\Input\ArgvInput), Object(Symfony\Component\Console\Output\ConsoleOutput))
#29 /var/www/vendor/laravel/framework/src/Illuminate/Console/Application.php(94): Symfony\Component\Console\Application->run(Object(Symfony\Component\Console\Input\ArgvInput), Object(Symfony\Component\Console\Output\ConsoleOutput))
#30 /var/www/vendor/laravel/framework/src/Illuminate/Foundation/Console/Kernel.php(129): Illuminate\Console\Application->run(Object(Symfony\Component\Console\Input\ArgvInput), Object(Symfony\Component\Console\Output\ConsoleOutput))
#31 /var/www/artisan(35): Illuminate\Foundation\Console\Kernel->handle(Object(Symfony\Component\Console\Input\ArgvInput), Object(Symfony\Component\Console\Output\ConsoleOutput))
#32 {main}
simrs: connection id 228043571.634714734 received message: {"event":"pusher:ping","data":{}}.
Connection id 228043571.634714734 sending message {"event":"pusher:pong"}
simrs: connection id 648950635.679113029 received message: {"event":"pusher:ping","data":{}}.
Connection id 648950635.679113029 sending message {"event":"pusher:pong"}
simrs: connection id 228043571.634714734 received message: {"event":"pusher:ping","data":{}}.
Connection id 228043571.634714734 sending message {"event":"pusher:pong"}
simrs: connection id 648950635.679113029 received message: {"event":"pusher:ping","data":{}}.
Connection id 648950635.679113029 sending message {"event":"pusher:pong"}
Unhandled promise rejection with TypeError: React\Http\Io\ClientRequestStream::closeError(): Argument #1 ($error) must be of type Exception, Error given, called in /var/www/vendor/react/promise/src/Internal/RejectedPromise.php on line 73 and defined in /var/www/vendor/react/http/src/Io/ClientRequestStream.php:254
Stack trace:
#0 /var/www/vendor/react/promise/src/Internal/RejectedPromise.php(73): React\Http\Io\ClientRequestStream->closeError(Object(Error))
#1 /var/www/vendor/react/promise/src/Promise.php(47): React\Promise\Internal\RejectedPromise->then(Object(Closure), Array)
#2 /var/www/vendor/react/http/src/Io/ClientRequestStream.php(84): React\Promise\Promise->then(Object(Closure), Array)
#3 /var/www/vendor/react/http/src/Io/ClientRequestStream.php(131): React\Http\Io\ClientRequestStream->writeHead()
#4 /var/www/vendor/react/http/src/Io/ClientRequestStream.php(144): React\Http\Io\ClientRequestStream->write('{"app_id":"simr...')
#5 /var/www/vendor/react/http/src/Io/Sender.php(147): React\Http\Io\ClientRequestStream->end('{"app_id":"simr...')
#6 /var/www/vendor/react/http/src/Io/Transaction.php(146): React\Http\Io\Sender->send(Object(React\Http\Message\Request))
#7 /var/www/vendor/react/http/src/Io/Transaction.php(83): React\Http\Io\Transaction->next(Object(React\Http\Message\Request), Object(React\Promise\Deferred), Object(React\Http\Io\ClientRequestState))
#8 /var/www/vendor/react/http/src/Browser.php(854): React\Http\Io\Transaction->send(Object(React\Http\Message\Request))
#9 /var/www/vendor/react/http/src/Browser.php(177): React\Http\Browser->requestMayBeStreaming('POST', 'http://localhos...', Array, Object(GuzzleHttp\Psr7\Stream))
#10 /var/www/vendor/beyondcode/laravel-websockets/src/Statistics/Logger/HttpStatisticsLogger.php(81): React\Http\Browser->post('http://localhos...', Array, Object(GuzzleHttp\Psr7\Stream))
#11 /var/www/vendor/laravel/framework/src/Illuminate/Support/Facades/Facade.php(261): BeyondCode\LaravelWebSockets\Statistics\Logger\HttpStatisticsLogger->save()
#12 /var/www/vendor/beyondcode/laravel-websockets/src/Console/StartWebSocketServer.php(75): Illuminate\Support\Facades\Facade::__callStatic('save', Array)
#13 /var/www/vendor/react/event-loop/src/Timer/Timers.php(102): BeyondCode\LaravelWebSockets\Console\StartWebSocketServer->BeyondCode\LaravelWebSockets\Console\{closure}(Object(React\EventLoop\Timer\Timer))
#14 /var/www/vendor/react/event-loop/src/StreamSelectLoop.php(185): React\EventLoop\Timer\Timers->tick()
#15 /var/www/vendor/cboden/ratchet/src/Ratchet/Server/IoServer.php(74): React\EventLoop\StreamSelectLoop->run()
#16 /var/www/vendor/beyondcode/laravel-websockets/src/Console/StartWebSocketServer.php(155): Ratchet\Server\IoServer->run()
#17 /var/www/vendor/beyondcode/laravel-websockets/src/Console/StartWebSocketServer.php(52): BeyondCode\LaravelWebSockets\Console\StartWebSocketServer->startWebSocketServer()
#18 /var/www/vendor/laravel/framework/src/Illuminate/Container/BoundMethod.php(36): BeyondCode\LaravelWebSockets\Console\StartWebSocketServer->handle()
#19 /var/www/vendor/laravel/framework/src/Illuminate/Container/Util.php(40): Illuminate\Container\BoundMethod::Illuminate\Container\{closure}()
#20 /var/www/vendor/laravel/framework/src/Illuminate/Container/BoundMethod.php(93): Illuminate\Container\Util::unwrapIfClosure(Object(Closure))
#21 /var/www/vendor/laravel/framework/src/Illuminate/Container/BoundMethod.php(35): Illuminate\Container\BoundMethod::callBoundMethod(Object(Illuminate\Foundation\Application), Array, Object(Closure))
#22 /var/www/vendor/laravel/framework/src/Illuminate/Container/Container.php(653): Illuminate\Container\BoundMethod::call(Object(Illuminate\Foundation\Application), Array, Array, NULL)
#23 /var/www/vendor/laravel/framework/src/Illuminate/Console/Command.php(136): Illuminate\Container\Container->call(Array)
#24 /var/www/vendor/symfony/console/Command/Command.php(298): Illuminate\Console\Command->execute(Object(Symfony\Component\Console\Input\ArgvInput), Object(Illuminate\Console\OutputStyle))
#25 /var/www/vendor/laravel/framework/src/Illuminate/Console/Command.php(120): Symfony\Component\Console\Command\Command->run(Object(Symfony\Component\Console\Input\ArgvInput), Object(Illuminate\Console\OutputStyle))
#26 /var/www/vendor/symfony/console/Application.php(1040): Illuminate\Console\Command->run(Object(Symfony\Component\Console\Input\ArgvInput), Object(Symfony\Component\Console\Output\ConsoleOutput))
#27 /var/www/vendor/symfony/console/Application.php(301): Symfony\Component\Console\Application->doRunCommand(Object(BeyondCode\LaravelWebSockets\Console\StartWebSocketServer), Object(Symfony\Component\Console\Input\ArgvInput), Object(Symfony\Component\Console\Output\ConsoleOutput))
#28 /var/www/vendor/symfony/console/Application.php(171): Symfony\Component\Console\Application->doRun(Object(Symfony\Component\Console\Input\ArgvInput), Object(Symfony\Component\Console\Output\ConsoleOutput))
#29 /var/www/vendor/laravel/framework/src/Illuminate/Console/Application.php(94): Symfony\Component\Console\Application->run(Object(Symfony\Component\Console\Input\ArgvInput), Object(Symfony\Component\Console\Output\ConsoleOutput))
#30 /var/www/vendor/laravel/framework/src/Illuminate/Foundation/Console/Kernel.php(129): Illuminate\Console\Application->run(Object(Symfony\Component\Console\Input\ArgvInput), Object(Symfony\Component\Console\Output\ConsoleOutput))
#31 /var/www/artisan(35): Illuminate\Foundation\Console\Kernel->handle(Object(Symfony\Component\Console\Input\ArgvInput), Object(Symfony\Component\Console\Output\ConsoleOutput))
#32 {main}
simrs: connection id 228043571.634714734 received message: {"event":"pusher:ping","data":{}}.
Connection id 228043571.634714734 sending message {"event":"pusher:pong"}
simrs: connection id 648950635.679113029 received message: {"event":"pusher:ping","data":{}}.
Connection id 648950635.679113029 sending message {"event":"pusher:pong"}
simrs: connection id 228043571.634714734 received message: {"event":"pusher:ping","data":{}}.
Connection id 228043571.634714734 sending message {"event":"pusher:pong"}
simrs: connection id 648950635.679113029 received message: {"event":"pusher:ping","data":{}}.
Connection id 648950635.679113029 sending message {"event":"pusher:pong"}
Unhandled promise rejection with TypeError: React\Http\Io\ClientRequestStream::closeError(): Argument #1 ($error) must be of type Exception, Error given, called in /var/www/vendor/react/promise/src/Internal/RejectedPromise.php on line 73 and defined in /var/www/vendor/react/http/src/Io/ClientRequestStream.php:254
Stack trace:
#0 /var/www/vendor/react/promise/src/Internal/RejectedPromise.php(73): React\Http\Io\ClientRequestStream->closeError(Object(Error))
#1 /var/www/vendor/react/promise/src/Promise.php(47): React\Promise\Internal\RejectedPromise->then(Object(Closure), Array)
#2 /var/www/vendor/react/http/src/Io/ClientRequestStream.php(84): React\Promise\Promise->then(Object(Closure), Array)
#3 /var/www/vendor/react/http/src/Io/ClientRequestStream.php(131): React\Http\Io\ClientRequestStream->writeHead()
#4 /var/www/vendor/react/http/src/Io/ClientRequestStream.php(144): React\Http\Io\ClientRequestStream->write('{"app_id":"simr...')
#5 /var/www/vendor/react/http/src/Io/Sender.php(147): React\Http\Io\ClientRequestStream->end('{"app_id":"simr...')
#6 /var/www/vendor/react/http/src/Io/Transaction.php(146): React\Http\Io\Sender->send(Object(React\Http\Message\Request))
#7 /var/www/vendor/react/http/src/Io/Transaction.php(83): React\Http\Io\Transaction->next(Object(React\Http\Message\Request), Object(React\Promise\Deferred), Object(React\Http\Io\ClientRequestState))
#8 /var/www/vendor/react/http/src/Browser.php(854): React\Http\Io\Transaction->send(Object(React\Http\Message\Request))
#9 /var/www/vendor/react/http/src/Browser.php(177): React\Http\Browser->requestMayBeStreaming('POST', 'http://localhos...', Array, Object(GuzzleHttp\Psr7\Stream))
#10 /var/www/vendor/beyondcode/laravel-websockets/src/Statistics/Logger/HttpStatisticsLogger.php(81): React\Http\Browser->post('http://localhos...', Array, Object(GuzzleHttp\Psr7\Stream))
#11 /var/www/vendor/laravel/framework/src/Illuminate/Support/Facades/Facade.php(261): BeyondCode\LaravelWebSockets\Statistics\Logger\HttpStatisticsLogger->save()
#12 /var/www/vendor/beyondcode/laravel-websockets/src/Console/StartWebSocketServer.php(75): Illuminate\Support\Facades\Facade::__callStatic('save', Array)
#13 /var/www/vendor/react/event-loop/src/Timer/Timers.php(102): BeyondCode\LaravelWebSockets\Console\StartWebSocketServer->BeyondCode\LaravelWebSockets\Console\{closure}(Object(React\EventLoop\Timer\Timer))
#14 /var/www/vendor/react/event-loop/src/StreamSelectLoop.php(185): React\EventLoop\Timer\Timers->tick()
#15 /var/www/vendor/cboden/ratchet/src/Ratchet/Server/IoServer.php(74): React\EventLoop\StreamSelectLoop->run()
#16 /var/www/vendor/beyondcode/laravel-websockets/src/Console/StartWebSocketServer.php(155): Ratchet\Server\IoServer->run()
#17 /var/www/vendor/beyondcode/laravel-websockets/src/Console/StartWebSocketServer.php(52): BeyondCode\LaravelWebSockets\Console\StartWebSocketServer->startWebSocketServer()
#18 /var/www/vendor/laravel/framework/src/Illuminate/Container/BoundMethod.php(36): BeyondCode\LaravelWebSockets\Console\StartWebSocketServer->handle()
#19 /var/www/vendor/laravel/framework/src/Illuminate/Container/Util.php(40): Illuminate\Container\BoundMethod::Illuminate\Container\{closure}()
#20 /var/www/vendor/laravel/framework/src/Illuminate/Container/BoundMethod.php(93): Illuminate\Container\Util::unwrapIfClosure(Object(Closure))
#21 /var/www/vendor/laravel/framework/src/Illuminate/Container/BoundMethod.php(35): Illuminate\Container\BoundMethod::callBoundMethod(Object(Illuminate\Foundation\Application), Array, Object(Closure))
#22 /var/www/vendor/laravel/framework/src/Illuminate/Container/Container.php(653): Illuminate\Container\BoundMethod::call(Object(Illuminate\Foundation\Application), Array, Array, NULL)
#23 /var/www/vendor/laravel/framework/src/Illuminate/Console/Command.php(136): Illuminate\Container\Container->call(Array)
#24 /var/www/vendor/symfony/console/Command/Command.php(298): Illuminate\Console\Command->execute(Object(Symfony\Component\Console\Input\ArgvInput), Object(Illuminate\Console\OutputStyle))
#25 /var/www/vendor/laravel/framework/src/Illuminate/Console/Command.php(120): Symfony\Component\Console\Command\Command->run(Object(Symfony\Component\Console\Input\ArgvInput), Object(Illuminate\Console\OutputStyle))
#26 /var/www/vendor/symfony/console/Application.php(1040): Illuminate\Console\Command->run(Object(Symfony\Component\Console\Input\ArgvInput), Object(Symfony\Component\Console\Output\ConsoleOutput))
#27 /var/www/vendor/symfony/console/Application.php(301): Symfony\Component\Console\Application->doRunCommand(Object(BeyondCode\LaravelWebSockets\Console\StartWebSocketServer), Object(Symfony\Component\Console\Input\ArgvInput), Object(Symfony\Component\Console\Output\ConsoleOutput))
#28 /var/www/vendor/symfony/console/Application.php(171): Symfony\Component\Console\Application->doRun(Object(Symfony\Component\Console\Input\ArgvInput), Object(Symfony\Component\Console\Output\ConsoleOutput))
#29 /var/www/vendor/laravel/framework/src/Illuminate/Console/Application.php(94): Symfony\Component\Console\Application->run(Object(Symfony\Component\Console\Input\ArgvInput), Object(Symfony\Component\Console\Output\ConsoleOutput))
#30 /var/www/vendor/laravel/framework/src/Illuminate/Foundation/Console/Kernel.php(129): Illuminate\Console\Application->run(Object(Symfony\Component\Console\Input\ArgvInput), Object(Symfony\Component\Console\Output\ConsoleOutput))
#31 /var/www/artisan(35): Illuminate\Foundation\Console\Kernel->handle(Object(Symfony\Component\Console\Input\ArgvInput), Object(Symfony\Component\Console\Output\ConsoleOutput))
#32 {main}
simrs: connection id 228043571.634714734 received message: {"event":"pusher:ping","data":{}}.
Connection id 228043571.634714734 sending message {"event":"pusher:pong"}
simrs: connection id 648950635.679113029 received message: {"event":"pusher:ping","data":{}}.
Connection id 648950635.679113029 sending message {"event":"pusher:pong"}
simrs: connection id 228043571.634714734 received message: {"event":"pusher:ping","data":{}}.
Connection id 228043571.634714734 sending message {"event":"pusher:pong"}
simrs: connection id 648950635.679113029 received message: {"event":"pusher:ping","data":{}}.
Connection id 648950635.679113029 sending message {"event":"pusher:pong"}
Unhandled promise rejection with TypeError: React\Http\Io\ClientRequestStream::closeError(): Argument #1 ($error) must be of type Exception, Error given, called in /var/www/vendor/react/promise/src/Internal/RejectedPromise.php on line 73 and defined in /var/www/vendor/react/http/src/Io/ClientRequestStream.php:254
Stack trace:
#0 /var/www/vendor/react/promise/src/Internal/RejectedPromise.php(73): React\Http\Io\ClientRequestStream->closeError(Object(Error))
#1 /var/www/vendor/react/promise/src/Promise.php(47): React\Promise\Internal\RejectedPromise->then(Object(Closure), Array)
#2 /var/www/vendor/react/http/src/Io/ClientRequestStream.php(84): React\Promise\Promise->then(Object(Closure), Array)
#3 /var/www/vendor/react/http/src/Io/ClientRequestStream.php(131): React\Http\Io\ClientRequestStream->writeHead()
#4 /var/www/vendor/react/http/src/Io/ClientRequestStream.php(144): React\Http\Io\ClientRequestStream->write('{"app_id":"simr...')
#5 /var/www/vendor/react/http/src/Io/Sender.php(147): React\Http\Io\ClientRequestStream->end('{"app_id":"simr...')
#6 /var/www/vendor/react/http/src/Io/Transaction.php(146): React\Http\Io\Sender->send(Object(React\Http\Message\Request))
#7 /var/www/vendor/react/http/src/Io/Transaction.php(83): React\Http\Io\Transaction->next(Object(React\Http\Message\Request), Object(React\Promise\Deferred), Object(React\Http\Io\ClientRequestState))
#8 /var/www/vendor/react/http/src/Browser.php(854): React\Http\Io\Transaction->send(Object(React\Http\Message\Request))
#9 /var/www/vendor/react/http/src/Browser.php(177): React\Http\Browser->requestMayBeStreaming('POST', 'http://localhos...', Array, Object(GuzzleHttp\Psr7\Stream))
#10 /var/www/vendor/beyondcode/laravel-websockets/src/Statistics/Logger/HttpStatisticsLogger.php(81): React\Http\Browser->post('http://localhos...', Array, Object(GuzzleHttp\Psr7\Stream))
#11 /var/www/vendor/laravel/framework/src/Illuminate/Support/Facades/Facade.php(261): BeyondCode\LaravelWebSockets\Statistics\Logger\HttpStatisticsLogger->save()
#12 /var/www/vendor/beyondcode/laravel-websockets/src/Console/StartWebSocketServer.php(75): Illuminate\Support\Facades\Facade::__callStatic('save', Array)
#13 /var/www/vendor/react/event-loop/src/Timer/Timers.php(102): BeyondCode\LaravelWebSockets\Console\StartWebSocketServer->BeyondCode\LaravelWebSockets\Console\{closure}(Object(React\EventLoop\Timer\Timer))
#14 /var/www/vendor/react/event-loop/src/StreamSelectLoop.php(185): React\EventLoop\Timer\Timers->tick()
#15 /var/www/vendor/cboden/ratchet/src/Ratchet/Server/IoServer.php(74): React\EventLoop\StreamSelectLoop->run()
#16 /var/www/vendor/beyondcode/laravel-websockets/src/Console/StartWebSocketServer.php(155): Ratchet\Server\IoServer->run()
#17 /var/www/vendor/beyondcode/laravel-websockets/src/Console/StartWebSocketServer.php(52): BeyondCode\LaravelWebSockets\Console\StartWebSocketServer->startWebSocketServer()
#18 /var/www/vendor/laravel/framework/src/Illuminate/Container/BoundMethod.php(36): BeyondCode\LaravelWebSockets\Console\StartWebSocketServer->handle()
#19 /var/www/vendor/laravel/framework/src/Illuminate/Container/Util.php(40): Illuminate\Container\BoundMethod::Illuminate\Container\{closure}()
#20 /var/www/vendor/laravel/framework/src/Illuminate/Container/BoundMethod.php(93): Illuminate\Container\Util::unwrapIfClosure(Object(Closure))
#21 /var/www/vendor/laravel/framework/src/Illuminate/Container/BoundMethod.php(35): Illuminate\Container\BoundMethod::callBoundMethod(Object(Illuminate\Foundation\Application), Array, Object(Closure))
#22 /var/www/vendor/laravel/framework/src/Illuminate/Container/Container.php(653): Illuminate\Container\BoundMethod::call(Object(Illuminate\Foundation\Application), Array, Array, NULL)
#23 /var/www/vendor/laravel/framework/src/Illuminate/Console/Command.php(136): Illuminate\Container\Container->call(Array)
#24 /var/www/vendor/symfony/console/Command/Command.php(298): Illuminate\Console\Command->execute(Object(Symfony\Component\Console\Input\ArgvInput), Object(Illuminate\Console\OutputStyle))
#25 /var/www/vendor/laravel/framework/src/Illuminate/Console/Command.php(120): Symfony\Component\Console\Command\Command->run(Object(Symfony\Component\Console\Input\ArgvInput), Object(Illuminate\Console\OutputStyle))
#26 /var/www/vendor/symfony/console/Application.php(1040): Illuminate\Console\Command->run(Object(Symfony\Component\Console\Input\ArgvInput), Object(Symfony\Component\Console\Output\ConsoleOutput))
#27 /var/www/vendor/symfony/console/Application.php(301): Symfony\Component\Console\Application->doRunCommand(Object(BeyondCode\LaravelWebSockets\Console\StartWebSocketServer), Object(Symfony\Component\Console\Input\ArgvInput), Object(Symfony\Component\Console\Output\ConsoleOutput))
#28 /var/www/vendor/symfony/console/Application.php(171): Symfony\Component\Console\Application->doRun(Object(Symfony\Component\Console\Input\ArgvInput), Object(Symfony\Component\Console\Output\ConsoleOutput))
#29 /var/www/vendor/laravel/framework/src/Illuminate/Console/Application.php(94): Symfony\Component\Console\Application->run(Object(Symfony\Component\Console\Input\ArgvInput), Object(Symfony\Component\Console\Output\ConsoleOutput))
#30 /var/www/vendor/laravel/framework/src/Illuminate/Foundation/Console/Kernel.php(129): Illuminate\Console\Application->run(Object(Symfony\Component\Console\Input\ArgvInput), Object(Symfony\Component\Console\Output\ConsoleOutput))
#31 /var/www/artisan(35): Illuminate\Foundation\Console\Kernel->handle(Object(Symfony\Component\Console\Input\ArgvInput), Object(Symfony\Component\Console\Output\ConsoleOutput))
#32 {main}
simrs: connection id 228043571.634714734 received message: {"event":"pusher:ping","data":{}}.
Connection id 228043571.634714734 sending message {"event":"pusher:pong"}
simrs: connection id 648950635.679113029 received message: {"event":"pusher:ping","data":{}}.
Connection id 648950635.679113029 sending message {"event":"pusher:pong"}
simrs: connection id 228043571.634714734 received message: {"event":"pusher:ping","data":{}}.
Connection id 228043571.634714734 sending message {"event":"pusher:pong"}
simrs: connection id 648950635.679113029 received message: {"event":"pusher:ping","data":{}}.
Connection id 648950635.679113029 sending message {"event":"pusher:pong"}
Unhandled promise rejection with TypeError: React\Http\Io\ClientRequestStream::closeError(): Argument #1 ($error) must be of type Exception, Error given, called in /var/www/vendor/react/promise/src/Internal/RejectedPromise.php on line 73 and defined in /var/www/vendor/react/http/src/Io/ClientRequestStream.php:254
Stack trace:
#0 /var/www/vendor/react/promise/src/Internal/RejectedPromise.php(73): React\Http\Io\ClientRequestStream->closeError(Object(Error))
#1 /var/www/vendor/react/promise/src/Promise.php(47): React\Promise\Internal\RejectedPromise->then(Object(Closure), Array)
#2 /var/www/vendor/react/http/src/Io/ClientRequestStream.php(84): React\Promise\Promise->then(Object(Closure), Array)
#3 /var/www/vendor/react/http/src/Io/ClientRequestStream.php(131): React\Http\Io\ClientRequestStream->writeHead()
#4 /var/www/vendor/react/http/src/Io/ClientRequestStream.php(144): React\Http\Io\ClientRequestStream->write('{"app_id":"simr...')
#5 /var/www/vendor/react/http/src/Io/Sender.php(147): React\Http\Io\ClientRequestStream->end('{"app_id":"simr...')
#6 /var/www/vendor/react/http/src/Io/Transaction.php(146): React\Http\Io\Sender->send(Object(React\Http\Message\Request))
#7 /var/www/vendor/react/http/src/Io/Transaction.php(83): React\Http\Io\Transaction->next(Object(React\Http\Message\Request), Object(React\Promise\Deferred), Object(React\Http\Io\ClientRequestState))
#8 /var/www/vendor/react/http/src/Browser.php(854): React\Http\Io\Transaction->send(Object(React\Http\Message\Request))
#9 /var/www/vendor/react/http/src/Browser.php(177): React\Http\Browser->requestMayBeStreaming('POST', 'http://localhos...', Array, Object(GuzzleHttp\Psr7\Stream))
#10 /var/www/vendor/beyondcode/laravel-websockets/src/Statistics/Logger/HttpStatisticsLogger.php(81): React\Http\Browser->post('http://localhos...', Array, Object(GuzzleHttp\Psr7\Stream))
#11 /var/www/vendor/laravel/framework/src/Illuminate/Support/Facades/Facade.php(261): BeyondCode\LaravelWebSockets\Statistics\Logger\HttpStatisticsLogger->save()
#12 /var/www/vendor/beyondcode/laravel-websockets/src/Console/StartWebSocketServer.php(75): Illuminate\Support\Facades\Facade::__callStatic('save', Array)
#13 /var/www/vendor/react/event-loop/src/Timer/Timers.php(102): BeyondCode\LaravelWebSockets\Console\StartWebSocketServer->BeyondCode\LaravelWebSockets\Console\{closure}(Object(React\EventLoop\Timer\Timer))
#14 /var/www/vendor/react/event-loop/src/StreamSelectLoop.php(185): React\EventLoop\Timer\Timers->tick()
#15 /var/www/vendor/cboden/ratchet/src/Ratchet/Server/IoServer.php(74): React\EventLoop\StreamSelectLoop->run()
#16 /var/www/vendor/beyondcode/laravel-websockets/src/Console/StartWebSocketServer.php(155): Ratchet\Server\IoServer->run()
#17 /var/www/vendor/beyondcode/laravel-websockets/src/Console/StartWebSocketServer.php(52): BeyondCode\LaravelWebSockets\Console\StartWebSocketServer->startWebSocketServer()
#18 /var/www/vendor/laravel/framework/src/Illuminate/Container/BoundMethod.php(36): BeyondCode\LaravelWebSockets\Console\StartWebSocketServer->handle()
#19 /var/www/vendor/laravel/framework/src/Illuminate/Container/Util.php(40): Illuminate\Container\BoundMethod::Illuminate\Container\{closure}()
#20 /var/www/vendor/laravel/framework/src/Illuminate/Container/BoundMethod.php(93): Illuminate\Container\Util::unwrapIfClosure(Object(Closure))
#21 /var/www/vendor/laravel/framework/src/Illuminate/Container/BoundMethod.php(35): Illuminate\Container\BoundMethod::callBoundMethod(Object(Illuminate\Foundation\Application), Array, Object(Closure))
#22 /var/www/vendor/laravel/framework/src/Illuminate/Container/Container.php(653): Illuminate\Container\BoundMethod::call(Object(Illuminate\Foundation\Application), Array, Array, NULL)
#23 /var/www/vendor/laravel/framework/src/Illuminate/Console/Command.php(136): Illuminate\Container\Container->call(Array)
#24 /var/www/vendor/symfony/console/Command/Command.php(298): Illuminate\Console\Command->execute(Object(Symfony\Component\Console\Input\ArgvInput), Object(Illuminate\Console\OutputStyle))
#25 /var/www/vendor/laravel/framework/src/Illuminate/Console/Command.php(120): Symfony\Component\Console\Command\Command->run(Object(Symfony\Component\Console\Input\ArgvInput), Object(Illuminate\Console\OutputStyle))
#26 /var/www/vendor/symfony/console/Application.php(1040): Illuminate\Console\Command->run(Object(Symfony\Component\Console\Input\ArgvInput), Object(Symfony\Component\Console\Output\ConsoleOutput))
#27 /var/www/vendor/symfony/console/Application.php(301): Symfony\Component\Console\Application->doRunCommand(Object(BeyondCode\LaravelWebSockets\Console\StartWebSocketServer), Object(Symfony\Component\Console\Input\ArgvInput), Object(Symfony\Component\Console\Output\ConsoleOutput))
#28 /var/www/vendor/symfony/console/Application.php(171): Symfony\Component\Console\Application->doRun(Object(Symfony\Component\Console\Input\ArgvInput), Object(Symfony\Component\Console\Output\ConsoleOutput))
#29 /var/www/vendor/laravel/framework/src/Illuminate/Console/Application.php(94): Symfony\Component\Console\Application->run(Object(Symfony\Component\Console\Input\ArgvInput), Object(Symfony\Component\Console\Output\ConsoleOutput))
#30 /var/www/vendor/laravel/framework/src/Illuminate/Foundation/Console/Kernel.php(129): Illuminate\Console\Application->run(Object(Symfony\Component\Console\Input\ArgvInput), Object(Symfony\Component\Console\Output\ConsoleOutput))
#31 /var/www/artisan(35): Illuminate\Foundation\Console\Kernel->handle(Object(Symfony\Component\Console\Input\ArgvInput), Object(Symfony\Component\Console\Output\ConsoleOutput))
#32 {main}
simrs: connection id 228043571.634714734 received message: {"event":"pusher:ping","data":{}}.
Connection id 228043571.634714734 sending message {"event":"pusher:pong"}
simrs: connection id 648950635.679113029 received message: {"event":"pusher:ping","data":{}}.
Connection id 648950635.679113029 sending message {"event":"pusher:pong"}
simrs: connection id 228043571.634714734 received message: {"event":"pusher:ping","data":{}}.
Connection id 228043571.634714734 sending message {"event":"pusher:pong"}
simrs: connection id 648950635.679113029 received message: {"event":"pusher:ping","data":{}}.
Connection id 648950635.679113029 sending message {"event":"pusher:pong"}
Unhandled promise rejection with TypeError: React\Http\Io\ClientRequestStream::closeError(): Argument #1 ($error) must be of type Exception, Error given, called in /var/www/vendor/react/promise/src/Internal/RejectedPromise.php on line 73 and defined in /var/www/vendor/react/http/src/Io/ClientRequestStream.php:254
Stack trace:
#0 /var/www/vendor/react/promise/src/Internal/RejectedPromise.php(73): React\Http\Io\ClientRequestStream->closeError(Object(Error))
#1 /var/www/vendor/react/promise/src/Promise.php(47): React\Promise\Internal\RejectedPromise->then(Object(Closure), Array)
#2 /var/www/vendor/react/http/src/Io/ClientRequestStream.php(84): React\Promise\Promise->then(Object(Closure), Array)
#3 /var/www/vendor/react/http/src/Io/ClientRequestStream.php(131): React\Http\Io\ClientRequestStream->writeHead()
#4 /var/www/vendor/react/http/src/Io/ClientRequestStream.php(144): React\Http\Io\ClientRequestStream->write('{"app_id":"simr...')
#5 /var/www/vendor/react/http/src/Io/Sender.php(147): React\Http\Io\ClientRequestStream->end('{"app_id":"simr...')
#6 /var/www/vendor/react/http/src/Io/Transaction.php(146): React\Http\Io\Sender->send(Object(React\Http\Message\Request))
#7 /var/www/vendor/react/http/src/Io/Transaction.php(83): React\Http\Io\Transaction->next(Object(React\Http\Message\Request), Object(React\Promise\Deferred), Object(React\Http\Io\ClientRequestState))
#8 /var/www/vendor/react/http/src/Browser.php(854): React\Http\Io\Transaction->send(Object(React\Http\Message\Request))
#9 /var/www/vendor/react/http/src/Browser.php(177): React\Http\Browser->requestMayBeStreaming('POST', 'http://localhos...', Array, Object(GuzzleHttp\Psr7\Stream))
#10 /var/www/vendor/beyondcode/laravel-websockets/src/Statistics/Logger/HttpStatisticsLogger.php(81): React\Http\Browser->post('http://localhos...', Array, Object(GuzzleHttp\Psr7\Stream))
#11 /var/www/vendor/laravel/framework/src/Illuminate/Support/Facades/Facade.php(261): BeyondCode\LaravelWebSockets\Statistics\Logger\HttpStatisticsLogger->save()
#12 /var/www/vendor/beyondcode/laravel-websockets/src/Console/StartWebSocketServer.php(75): Illuminate\Support\Facades\Facade::__callStatic('save', Array)
#13 /var/www/vendor/react/event-loop/src/Timer/Timers.php(102): BeyondCode\LaravelWebSockets\Console\StartWebSocketServer->BeyondCode\LaravelWebSockets\Console\{closure}(Object(React\EventLoop\Timer\Timer))
#14 /var/www/vendor/react/event-loop/src/StreamSelectLoop.php(185): React\EventLoop\Timer\Timers->tick()
#15 /var/www/vendor/cboden/ratchet/src/Ratchet/Server/IoServer.php(74): React\EventLoop\StreamSelectLoop->run()
#16 /var/www/vendor/beyondcode/laravel-websockets/src/Console/StartWebSocketServer.php(155): Ratchet\Server\IoServer->run()
#17 /var/www/vendor/beyondcode/laravel-websockets/src/Console/StartWebSocketServer.php(52): BeyondCode\LaravelWebSockets\Console\StartWebSocketServer->startWebSocketServer()
#18 /var/www/vendor/laravel/framework/src/Illuminate/Container/BoundMethod.php(36): BeyondCode\LaravelWebSockets\Console\StartWebSocketServer->handle()
#19 /var/www/vendor/laravel/framework/src/Illuminate/Container/Util.php(40): Illuminate\Container\BoundMethod::Illuminate\Container\{closure}()
#20 /var/www/vendor/laravel/framework/src/Illuminate/Container/BoundMethod.php(93): Illuminate\Container\Util::unwrapIfClosure(Object(Closure))
#21 /var/www/vendor/laravel/framework/src/Illuminate/Container/BoundMethod.php(35): Illuminate\Container\BoundMethod::callBoundMethod(Object(Illuminate\Foundation\Application), Array, Object(Closure))
#22 /var/www/vendor/laravel/framework/src/Illuminate/Container/Container.php(653): Illuminate\Container\BoundMethod::call(Object(Illuminate\Foundation\Application), Array, Array, NULL)
#23 /var/www/vendor/laravel/framework/src/Illuminate/Console/Command.php(136): Illuminate\Container\Container->call(Array)
#24 /var/www/vendor/symfony/console/Command/Command.php(298): Illuminate\Console\Command->execute(Object(Symfony\Component\Console\Input\ArgvInput), Object(Illuminate\Console\OutputStyle))
#25 /var/www/vendor/laravel/framework/src/Illuminate/Console/Command.php(120): Symfony\Component\Console\Command\Command->run(Object(Symfony\Component\Console\Input\ArgvInput), Object(Illuminate\Console\OutputStyle))
#26 /var/www/vendor/symfony/console/Application.php(1040): Illuminate\Console\Command->run(Object(Symfony\Component\Console\Input\ArgvInput), Object(Symfony\Component\Console\Output\ConsoleOutput))
#27 /var/www/vendor/symfony/console/Application.php(301): Symfony\Component\Console\Application->doRunCommand(Object(BeyondCode\LaravelWebSockets\Console\StartWebSocketServer), Object(Symfony\Component\Console\Input\ArgvInput), Object(Symfony\Component\Console\Output\ConsoleOutput))
#28 /var/www/vendor/symfony/console/Application.php(171): Symfony\Component\Console\Application->doRun(Object(Symfony\Component\Console\Input\ArgvInput), Object(Symfony\Component\Console\Output\ConsoleOutput))
#29 /var/www/vendor/laravel/framework/src/Illuminate/Console/Application.php(94): Symfony\Component\Console\Application->run(Object(Symfony\Component\Console\Input\ArgvInput), Object(Symfony\Component\Console\Output\ConsoleOutput))
#30 /var/www/vendor/laravel/framework/src/Illuminate/Foundation/Console/Kernel.php(129): Illuminate\Console\Application->run(Object(Symfony\Component\Console\Input\ArgvInput), Object(Symfony\Component\Console\Output\ConsoleOutput))
#31 /var/www/artisan(35): Illuminate\Foundation\Console\Kernel->handle(Object(Symfony\Component\Console\Input\ArgvInput), Object(Symfony\Component\Console\Output\ConsoleOutput))
#32 {main}
simrs: connection id 228043571.634714734 received message: {"event":"pusher:ping","data":{}}.
Connection id 228043571.634714734 sending message {"event":"pusher:pong"}
simrs: connection id 648950635.679113029 received message: {"event":"pusher:ping","data":{}}.
Connection id 648950635.679113029 sending message {"event":"pusher:pong"}
simrs: connection id 228043571.634714734 received message: {"event":"pusher:ping","data":{}}.
Connection id 228043571.634714734 sending message {"event":"pusher:pong"}
simrs: connection id 648950635.679113029 received message: {"event":"pusher:ping","data":{}}.
Connection id 648950635.679113029 sending message {"event":"pusher:pong"}
Unhandled promise rejection with TypeError: React\Http\Io\ClientRequestStream::closeError(): Argument #1 ($error) must be of type Exception, Error given, called in /var/www/vendor/react/promise/src/Internal/RejectedPromise.php on line 73 and defined in /var/www/vendor/react/http/src/Io/ClientRequestStream.php:254
Stack trace:
#0 /var/www/vendor/react/promise/src/Internal/RejectedPromise.php(73): React\Http\Io\ClientRequestStream->closeError(Object(Error))
#1 /var/www/vendor/react/promise/src/Promise.php(47): React\Promise\Internal\RejectedPromise->then(Object(Closure), Array)
#2 /var/www/vendor/react/http/src/Io/ClientRequestStream.php(84): React\Promise\Promise->then(Object(Closure), Array)
#3 /var/www/vendor/react/http/src/Io/ClientRequestStream.php(131): React\Http\Io\ClientRequestStream->writeHead()
#4 /var/www/vendor/react/http/src/Io/ClientRequestStream.php(144): React\Http\Io\ClientRequestStream->write('{"app_id":"simr...')
#5 /var/www/vendor/react/http/src/Io/Sender.php(147): React\Http\Io\ClientRequestStream->end('{"app_id":"simr...')
#6 /var/www/vendor/react/http/src/Io/Transaction.php(146): React\Http\Io\Sender->send(Object(React\Http\Message\Request))
#7 /var/www/vendor/react/http/src/Io/Transaction.php(83): React\Http\Io\Transaction->next(Object(React\Http\Message\Request), Object(React\Promise\Deferred), Object(React\Http\Io\ClientRequestState))
#8 /var/www/vendor/react/http/src/Browser.php(854): React\Http\Io\Transaction->send(Object(React\Http\Message\Request))
#9 /var/www/vendor/react/http/src/Browser.php(177): React\Http\Browser->requestMayBeStreaming('POST', 'http://localhos...', Array, Object(GuzzleHttp\Psr7\Stream))
#10 /var/www/vendor/beyondcode/laravel-websockets/src/Statistics/Logger/HttpStatisticsLogger.php(81): React\Http\Browser->post('http://localhos...', Array, Object(GuzzleHttp\Psr7\Stream))
#11 /var/www/vendor/laravel/framework/src/Illuminate/Support/Facades/Facade.php(261): BeyondCode\LaravelWebSockets\Statistics\Logger\HttpStatisticsLogger->save()
#12 /var/www/vendor/beyondcode/laravel-websockets/src/Console/StartWebSocketServer.php(75): Illuminate\Support\Facades\Facade::__callStatic('save', Array)
#13 /var/www/vendor/react/event-loop/src/Timer/Timers.php(102): BeyondCode\LaravelWebSockets\Console\StartWebSocketServer->BeyondCode\LaravelWebSockets\Console\{closure}(Object(React\EventLoop\Timer\Timer))
#14 /var/www/vendor/react/event-loop/src/StreamSelectLoop.php(185): React\EventLoop\Timer\Timers->tick()
#15 /var/www/vendor/cboden/ratchet/src/Ratchet/Server/IoServer.php(74): React\EventLoop\StreamSelectLoop->run()
#16 /var/www/vendor/beyondcode/laravel-websockets/src/Console/StartWebSocketServer.php(155): Ratchet\Server\IoServer->run()
#17 /var/www/vendor/beyondcode/laravel-websockets/src/Console/StartWebSocketServer.php(52): BeyondCode\LaravelWebSockets\Console\StartWebSocketServer->startWebSocketServer()
#18 /var/www/vendor/laravel/framework/src/Illuminate/Container/BoundMethod.php(36): BeyondCode\LaravelWebSockets\Console\StartWebSocketServer->handle()
#19 /var/www/vendor/laravel/framework/src/Illuminate/Container/Util.php(40): Illuminate\Container\BoundMethod::Illuminate\Container\{closure}()
#20 /var/www/vendor/laravel/framework/src/Illuminate/Container/BoundMethod.php(93): Illuminate\Container\Util::unwrapIfClosure(Object(Closure))
#21 /var/www/vendor/laravel/framework/src/Illuminate/Container/BoundMethod.php(35): Illuminate\Container\BoundMethod::callBoundMethod(Object(Illuminate\Foundation\Application), Array, Object(Closure))
#22 /var/www/vendor/laravel/framework/src/Illuminate/Container/Container.php(653): Illuminate\Container\BoundMethod::call(Object(Illuminate\Foundation\Application), Array, Array, NULL)
#23 /var/www/vendor/laravel/framework/src/Illuminate/Console/Command.php(136): Illuminate\Container\Container->call(Array)
#24 /var/www/vendor/symfony/console/Command/Command.php(298): Illuminate\Console\Command->execute(Object(Symfony\Component\Console\Input\ArgvInput), Object(Illuminate\Console\OutputStyle))
#25 /var/www/vendor/laravel/framework/src/Illuminate/Console/Command.php(120): Symfony\Component\Console\Command\Command->run(Object(Symfony\Component\Console\Input\ArgvInput), Object(Illuminate\Console\OutputStyle))
#26 /var/www/vendor/symfony/console/Application.php(1040): Illuminate\Console\Command->run(Object(Symfony\Component\Console\Input\ArgvInput), Object(Symfony\Component\Console\Output\ConsoleOutput))
#27 /var/www/vendor/symfony/console/Application.php(301): Symfony\Component\Console\Application->doRunCommand(Object(BeyondCode\LaravelWebSockets\Console\StartWebSocketServer), Object(Symfony\Component\Console\Input\ArgvInput), Object(Symfony\Component\Console\Output\ConsoleOutput))
#28 /var/www/vendor/symfony/console/Application.php(171): Symfony\Component\Console\Application->doRun(Object(Symfony\Component\Console\Input\ArgvInput), Object(Symfony\Component\Console\Output\ConsoleOutput))
#29 /var/www/vendor/laravel/framework/src/Illuminate/Console/Application.php(94): Symfony\Component\Console\Application->run(Object(Symfony\Component\Console\Input\ArgvInput), Object(Symfony\Component\Console\Output\ConsoleOutput))
#30 /var/www/vendor/laravel/framework/src/Illuminate/Foundation/Console/Kernel.php(129): Illuminate\Console\Application->run(Object(Symfony\Component\Console\Input\ArgvInput), Object(Symfony\Component\Console\Output\ConsoleOutput))
#31 /var/www/artisan(35): Illuminate\Foundation\Console\Kernel->handle(Object(Symfony\Component\Console\Input\ArgvInput), Object(Symfony\Component\Console\Output\ConsoleOutput))
#32 {main}
simrs: connection id 228043571.634714734 received message: {"event":"pusher:ping","data":{}}.
Connection id 228043571.634714734 sending message {"event":"pusher:pong"}
simrs: connection id 648950635.679113029 received message: {"event":"pusher:ping","data":{}}.
Connection id 648950635.679113029 sending message {"event":"pusher:pong"}
simrs: connection id 228043571.634714734 received message: {"event":"pusher:ping","data":{}}.
Connection id 228043571.634714734 sending message {"event":"pusher:pong"}
simrs: connection id 648950635.679113029 received message: {"event":"pusher:ping","data":{}}.
Connection id 648950635.679113029 sending message {"event":"pusher:pong"}
Unhandled promise rejection with TypeError: React\Http\Io\ClientRequestStream::closeError(): Argument #1 ($error) must be of type Exception, Error given, called in /var/www/vendor/react/promise/src/Internal/RejectedPromise.php on line 73 and defined in /var/www/vendor/react/http/src/Io/ClientRequestStream.php:254
Stack trace:
#0 /var/www/vendor/react/promise/src/Internal/RejectedPromise.php(73): React\Http\Io\ClientRequestStream->closeError(Object(Error))
#1 /var/www/vendor/react/promise/src/Promise.php(47): React\Promise\Internal\RejectedPromise->then(Object(Closure), Array)
#2 /var/www/vendor/react/http/src/Io/ClientRequestStream.php(84): React\Promise\Promise->then(Object(Closure), Array)
#3 /var/www/vendor/react/http/src/Io/ClientRequestStream.php(131): React\Http\Io\ClientRequestStream->writeHead()
#4 /var/www/vendor/react/http/src/Io/ClientRequestStream.php(144): React\Http\Io\ClientRequestStream->write('{"app_id":"simr...')
#5 /var/www/vendor/react/http/src/Io/Sender.php(147): React\Http\Io\ClientRequestStream->end('{"app_id":"simr...')
#6 /var/www/vendor/react/http/src/Io/Transaction.php(146): React\Http\Io\Sender->send(Object(React\Http\Message\Request))
#7 /var/www/vendor/react/http/src/Io/Transaction.php(83): React\Http\Io\Transaction->next(Object(React\Http\Message\Request), Object(React\Promise\Deferred), Object(React\Http\Io\ClientRequestState))
#8 /var/www/vendor/react/http/src/Browser.php(854): React\Http\Io\Transaction->send(Object(React\Http\Message\Request))
#9 /var/www/vendor/react/http/src/Browser.php(177): React\Http\Browser->requestMayBeStreaming('POST', 'http://localhos...', Array, Object(GuzzleHttp\Psr7\Stream))
#10 /var/www/vendor/beyondcode/laravel-websockets/src/Statistics/Logger/HttpStatisticsLogger.php(81): React\Http\Browser->post('http://localhos...', Array, Object(GuzzleHttp\Psr7\Stream))
#11 /var/www/vendor/laravel/framework/src/Illuminate/Support/Facades/Facade.php(261): BeyondCode\LaravelWebSockets\Statistics\Logger\HttpStatisticsLogger->save()
#12 /var/www/vendor/beyondcode/laravel-websockets/src/Console/StartWebSocketServer.php(75): Illuminate\Support\Facades\Facade::__callStatic('save', Array)
#13 /var/www/vendor/react/event-loop/src/Timer/Timers.php(102): BeyondCode\LaravelWebSockets\Console\StartWebSocketServer->BeyondCode\LaravelWebSockets\Console\{closure}(Object(React\EventLoop\Timer\Timer))
#14 /var/www/vendor/react/event-loop/src/StreamSelectLoop.php(185): React\EventLoop\Timer\Timers->tick()
#15 /var/www/vendor/cboden/ratchet/src/Ratchet/Server/IoServer.php(74): React\EventLoop\StreamSelectLoop->run()
#16 /var/www/vendor/beyondcode/laravel-websockets/src/Console/StartWebSocketServer.php(155): Ratchet\Server\IoServer->run()
#17 /var/www/vendor/beyondcode/laravel-websockets/src/Console/StartWebSocketServer.php(52): BeyondCode\LaravelWebSockets\Console\StartWebSocketServer->startWebSocketServer()
#18 /var/www/vendor/laravel/framework/src/Illuminate/Container/BoundMethod.php(36): BeyondCode\LaravelWebSockets\Console\StartWebSocketServer->handle()
#19 /var/www/vendor/laravel/framework/src/Illuminate/Container/Util.php(40): Illuminate\Container\BoundMethod::Illuminate\Container\{closure}()
#20 /var/www/vendor/laravel/framework/src/Illuminate/Container/BoundMethod.php(93): Illuminate\Container\Util::unwrapIfClosure(Object(Closure))
#21 /var/www/vendor/laravel/framework/src/Illuminate/Container/BoundMethod.php(35): Illuminate\Container\BoundMethod::callBoundMethod(Object(Illuminate\Foundation\Application), Array, Object(Closure))
#22 /var/www/vendor/laravel/framework/src/Illuminate/Container/Container.php(653): Illuminate\Container\BoundMethod::call(Object(Illuminate\Foundation\Application), Array, Array, NULL)
#23 /var/www/vendor/laravel/framework/src/Illuminate/Console/Command.php(136): Illuminate\Container\Container->call(Array)
#24 /var/www/vendor/symfony/console/Command/Command.php(298): Illuminate\Console\Command->execute(Object(Symfony\Component\Console\Input\ArgvInput), Object(Illuminate\Console\OutputStyle))
#25 /var/www/vendor/laravel/framework/src/Illuminate/Console/Command.php(120): Symfony\Component\Console\Command\Command->run(Object(Symfony\Component\Console\Input\ArgvInput), Object(Illuminate\Console\OutputStyle))
#26 /var/www/vendor/symfony/console/Application.php(1040): Illuminate\Console\Command->run(Object(Symfony\Component\Console\Input\ArgvInput), Object(Symfony\Component\Console\Output\ConsoleOutput))
#27 /var/www/vendor/symfony/console/Application.php(301): Symfony\Component\Console\Application->doRunCommand(Object(BeyondCode\LaravelWebSockets\Console\StartWebSocketServer), Object(Symfony\Component\Console\Input\ArgvInput), Object(Symfony\Component\Console\Output\ConsoleOutput))
#28 /var/www/vendor/symfony/console/Application.php(171): Symfony\Component\Console\Application->doRun(Object(Symfony\Component\Console\Input\ArgvInput), Object(Symfony\Component\Console\Output\ConsoleOutput))
#29 /var/www/vendor/laravel/framework/src/Illuminate/Console/Application.php(94): Symfony\Component\Console\Application->run(Object(Symfony\Component\Console\Input\ArgvInput), Object(Symfony\Component\Console\Output\ConsoleOutput))
#30 /var/www/vendor/laravel/framework/src/Illuminate/Foundation/Console/Kernel.php(129): Illuminate\Console\Application->run(Object(Symfony\Component\Console\Input\ArgvInput), Object(Symfony\Component\Console\Output\ConsoleOutput))
#31 /var/www/artisan(35): Illuminate\Foundation\Console\Kernel->handle(Object(Symfony\Component\Console\Input\ArgvInput), Object(Symfony\Component\Console\Output\ConsoleOutput))
#32 {main}
simrs: connection id 228043571.634714734 received message: {"event":"pusher:ping","data":{}}.
Connection id 228043571.634714734 sending message {"event":"pusher:pong"}
simrs: connection id 648950635.679113029 received message: {"event":"pusher:ping","data":{}}.
Connection id 648950635.679113029 sending message {"event":"pusher:pong"}
simrs: connection id 228043571.634714734 received message: {"event":"pusher:ping","data":{}}.
Connection id 228043571.634714734 sending message {"event":"pusher:pong"}
simrs: connection id 648950635.679113029 received message: {"event":"pusher:ping","data":{}}.
Connection id 648950635.679113029 sending message {"event":"pusher:pong"}
Unhandled promise rejection with TypeError: React\Http\Io\ClientRequestStream::closeError(): Argument #1 ($error) must be of type Exception, Error given, called in /var/www/vendor/react/promise/src/Internal/RejectedPromise.php on line 73 and defined in /var/www/vendor/react/http/src/Io/ClientRequestStream.php:254
Stack trace:
#0 /var/www/vendor/react/promise/src/Internal/RejectedPromise.php(73): React\Http\Io\ClientRequestStream->closeError(Object(Error))
#1 /var/www/vendor/react/promise/src/Promise.php(47): React\Promise\Internal\RejectedPromise->then(Object(Closure), Array)
#2 /var/www/vendor/react/http/src/Io/ClientRequestStream.php(84): React\Promise\Promise->then(Object(Closure), Array)
#3 /var/www/vendor/react/http/src/Io/ClientRequestStream.php(131): React\Http\Io\ClientRequestStream->writeHead()
#4 /var/www/vendor/react/http/src/Io/ClientRequestStream.php(144): React\Http\Io\ClientRequestStream->write('{"app_id":"simr...')
#5 /var/www/vendor/react/http/src/Io/Sender.php(147): React\Http\Io\ClientRequestStream->end('{"app_id":"simr...')
#6 /var/www/vendor/react/http/src/Io/Transaction.php(146): React\Http\Io\Sender->send(Object(React\Http\Message\Request))
#7 /var/www/vendor/react/http/src/Io/Transaction.php(83): React\Http\Io\Transaction->next(Object(React\Http\Message\Request), Object(React\Promise\Deferred), Object(React\Http\Io\ClientRequestState))
#8 /var/www/vendor/react/http/src/Browser.php(854): React\Http\Io\Transaction->send(Object(React\Http\Message\Request))
#9 /var/www/vendor/react/http/src/Browser.php(177): React\Http\Browser->requestMayBeStreaming('POST', 'http://localhos...', Array, Object(GuzzleHttp\Psr7\Stream))
#10 /var/www/vendor/beyondcode/laravel-websockets/src/Statistics/Logger/HttpStatisticsLogger.php(81): React\Http\Browser->post('http://localhos...', Array, Object(GuzzleHttp\Psr7\Stream))
#11 /var/www/vendor/laravel/framework/src/Illuminate/Support/Facades/Facade.php(261): BeyondCode\LaravelWebSockets\Statistics\Logger\HttpStatisticsLogger->save()
#12 /var/www/vendor/beyondcode/laravel-websockets/src/Console/StartWebSocketServer.php(75): Illuminate\Support\Facades\Facade::__callStatic('save', Array)
#13 /var/www/vendor/react/event-loop/src/Timer/Timers.php(102): BeyondCode\LaravelWebSockets\Console\StartWebSocketServer->BeyondCode\LaravelWebSockets\Console\{closure}(Object(React\EventLoop\Timer\Timer))
#14 /var/www/vendor/react/event-loop/src/StreamSelectLoop.php(185): React\EventLoop\Timer\Timers->tick()
#15 /var/www/vendor/cboden/ratchet/src/Ratchet/Server/IoServer.php(74): React\EventLoop\StreamSelectLoop->run()
#16 /var/www/vendor/beyondcode/laravel-websockets/src/Console/StartWebSocketServer.php(155): Ratchet\Server\IoServer->run()
#17 /var/www/vendor/beyondcode/laravel-websockets/src/Console/StartWebSocketServer.php(52): BeyondCode\LaravelWebSockets\Console\StartWebSocketServer->startWebSocketServer()
#18 /var/www/vendor/laravel/framework/src/Illuminate/Container/BoundMethod.php(36): BeyondCode\LaravelWebSockets\Console\StartWebSocketServer->handle()
#19 /var/www/vendor/laravel/framework/src/Illuminate/Container/Util.php(40): Illuminate\Container\BoundMethod::Illuminate\Container\{closure}()
#20 /var/www/vendor/laravel/framework/src/Illuminate/Container/BoundMethod.php(93): Illuminate\Container\Util::unwrapIfClosure(Object(Closure))
#21 /var/www/vendor/laravel/framework/src/Illuminate/Container/BoundMethod.php(35): Illuminate\Container\BoundMethod::callBoundMethod(Object(Illuminate\Foundation\Application), Array, Object(Closure))
#22 /var/www/vendor/laravel/framework/src/Illuminate/Container/Container.php(653): Illuminate\Container\BoundMethod::call(Object(Illuminate\Foundation\Application), Array, Array, NULL)
#23 /var/www/vendor/laravel/framework/src/Illuminate/Console/Command.php(136): Illuminate\Container\Container->call(Array)
#24 /var/www/vendor/symfony/console/Command/Command.php(298): Illuminate\Console\Command->execute(Object(Symfony\Component\Console\Input\ArgvInput), Object(Illuminate\Console\OutputStyle))
#25 /var/www/vendor/laravel/framework/src/Illuminate/Console/Command.php(120): Symfony\Component\Console\Command\Command->run(Object(Symfony\Component\Console\Input\ArgvInput), Object(Illuminate\Console\OutputStyle))
#26 /var/www/vendor/symfony/console/Application.php(1040): Illuminate\Console\Command->run(Object(Symfony\Component\Console\Input\ArgvInput), Object(Symfony\Component\Console\Output\ConsoleOutput))
#27 /var/www/vendor/symfony/console/Application.php(301): Symfony\Component\Console\Application->doRunCommand(Object(BeyondCode\LaravelWebSockets\Console\StartWebSocketServer), Object(Symfony\Component\Console\Input\ArgvInput), Object(Symfony\Component\Console\Output\ConsoleOutput))
#28 /var/www/vendor/symfony/console/Application.php(171): Symfony\Component\Console\Application->doRun(Object(Symfony\Component\Console\Input\ArgvInput), Object(Symfony\Component\Console\Output\ConsoleOutput))
#29 /var/www/vendor/laravel/framework/src/Illuminate/Console/Application.php(94): Symfony\Component\Console\Application->run(Object(Symfony\Component\Console\Input\ArgvInput), Object(Symfony\Component\Console\Output\ConsoleOutput))
#30 /var/www/vendor/laravel/framework/src/Illuminate/Foundation/Console/Kernel.php(129): Illuminate\Console\Application->run(Object(Symfony\Component\Console\Input\ArgvInput), Object(Symfony\Component\Console\Output\ConsoleOutput))
#31 /var/www/artisan(35): Illuminate\Foundation\Console\Kernel->handle(Object(Symfony\Component\Console\Input\ArgvInput), Object(Symfony\Component\Console\Output\ConsoleOutput))
#32 {main}
simrs: connection id 228043571.634714734 received message: {"event":"pusher:ping","data":{}}.
Connection id 228043571.634714734 sending message {"event":"pusher:pong"}
simrs: connection id 648950635.679113029 received message: {"event":"pusher:ping","data":{}}.
Connection id 648950635.679113029 sending message {"event":"pusher:pong"}
simrs: connection id 228043571.634714734 received message: {"event":"pusher:ping","data":{}}.
Connection id 228043571.634714734 sending message {"event":"pusher:pong"}
Unhandled promise rejection with TypeError: React\Http\Io\ClientRequestStream::closeError(): Argument #1 ($error) must be of type Exception, Error given, called in /var/www/vendor/react/promise/src/Internal/RejectedPromise.php on line 73 and defined in /var/www/vendor/react/http/src/Io/ClientRequestStream.php:254
Stack trace:
#0 /var/www/vendor/react/promise/src/Internal/RejectedPromise.php(73): React\Http\Io\ClientRequestStream->closeError(Object(Error))
#1 /var/www/vendor/react/promise/src/Promise.php(47): React\Promise\Internal\RejectedPromise->then(Object(Closure), Array)
#2 /var/www/vendor/react/http/src/Io/ClientRequestStream.php(84): React\Promise\Promise->then(Object(Closure), Array)
#3 /var/www/vendor/react/http/src/Io/ClientRequestStream.php(131): React\Http\Io\ClientRequestStream->writeHead()
#4 /var/www/vendor/react/http/src/Io/ClientRequestStream.php(144): React\Http\Io\ClientRequestStream->write('{"app_id":"simr...')
#5 /var/www/vendor/react/http/src/Io/Sender.php(147): React\Http\Io\ClientRequestStream->end('{"app_id":"simr...')
#6 /var/www/vendor/react/http/src/Io/Transaction.php(146): React\Http\Io\Sender->send(Object(React\Http\Message\Request))
#7 /var/www/vendor/react/http/src/Io/Transaction.php(83): React\Http\Io\Transaction->next(Object(React\Http\Message\Request), Object(React\Promise\Deferred), Object(React\Http\Io\ClientRequestState))
#8 /var/www/vendor/react/http/src/Browser.php(854): React\Http\Io\Transaction->send(Object(React\Http\Message\Request))
#9 /var/www/vendor/react/http/src/Browser.php(177): React\Http\Browser->requestMayBeStreaming('POST', 'http://localhos...', Array, Object(GuzzleHttp\Psr7\Stream))
#10 /var/www/vendor/beyondcode/laravel-websockets/src/Statistics/Logger/HttpStatisticsLogger.php(81): React\Http\Browser->post('http://localhos...', Array, Object(GuzzleHttp\Psr7\Stream))
#11 /var/www/vendor/laravel/framework/src/Illuminate/Support/Facades/Facade.php(261): BeyondCode\LaravelWebSockets\Statistics\Logger\HttpStatisticsLogger->save()
#12 /var/www/vendor/beyondcode/laravel-websockets/src/Console/StartWebSocketServer.php(75): Illuminate\Support\Facades\Facade::__callStatic('save', Array)
#13 /var/www/vendor/react/event-loop/src/Timer/Timers.php(102): BeyondCode\LaravelWebSockets\Console\StartWebSocketServer->BeyondCode\LaravelWebSockets\Console\{closure}(Object(React\EventLoop\Timer\Timer))
#14 /var/www/vendor/react/event-loop/src/StreamSelectLoop.php(185): React\EventLoop\Timer\Timers->tick()
#15 /var/www/vendor/cboden/ratchet/src/Ratchet/Server/IoServer.php(74): React\EventLoop\StreamSelectLoop->run()
#16 /var/www/vendor/beyondcode/laravel-websockets/src/Console/StartWebSocketServer.php(155): Ratchet\Server\IoServer->run()
#17 /var/www/vendor/beyondcode/laravel-websockets/src/Console/StartWebSocketServer.php(52): BeyondCode\LaravelWebSockets\Console\StartWebSocketServer->startWebSocketServer()
#18 /var/www/vendor/laravel/framework/src/Illuminate/Container/BoundMethod.php(36): BeyondCode\LaravelWebSockets\Console\StartWebSocketServer->handle()
#19 /var/www/vendor/laravel/framework/src/Illuminate/Container/Util.php(40): Illuminate\Container\BoundMethod::Illuminate\Container\{closure}()
#20 /var/www/vendor/laravel/framework/src/Illuminate/Container/BoundMethod.php(93): Illuminate\Container\Util::unwrapIfClosure(Object(Closure))
#21 /var/www/vendor/laravel/framework/src/Illuminate/Container/BoundMethod.php(35): Illuminate\Container\BoundMethod::callBoundMethod(Object(Illuminate\Foundation\Application), Array, Object(Closure))
#22 /var/www/vendor/laravel/framework/src/Illuminate/Container/Container.php(653): Illuminate\Container\BoundMethod::call(Object(Illuminate\Foundation\Application), Array, Array, NULL)
#23 /var/www/vendor/laravel/framework/src/Illuminate/Console/Command.php(136): Illuminate\Container\Container->call(Array)
#24 /var/www/vendor/symfony/console/Command/Command.php(298): Illuminate\Console\Command->execute(Object(Symfony\Component\Console\Input\ArgvInput), Object(Illuminate\Console\OutputStyle))
#25 /var/www/vendor/laravel/framework/src/Illuminate/Console/Command.php(120): Symfony\Component\Console\Command\Command->run(Object(Symfony\Component\Console\Input\ArgvInput), Object(Illuminate\Console\OutputStyle))
#26 /var/www/vendor/symfony/console/Application.php(1040): Illuminate\Console\Command->run(Object(Symfony\Component\Console\Input\ArgvInput), Object(Symfony\Component\Console\Output\ConsoleOutput))
#27 /var/www/vendor/symfony/console/Application.php(301): Symfony\Component\Console\Application->doRunCommand(Object(BeyondCode\LaravelWebSockets\Console\StartWebSocketServer), Object(Symfony\Component\Console\Input\ArgvInput), Object(Symfony\Component\Console\Output\ConsoleOutput))
#28 /var/www/vendor/symfony/console/Application.php(171): Symfony\Component\Console\Application->doRun(Object(Symfony\Component\Console\Input\ArgvInput), Object(Symfony\Component\Console\Output\ConsoleOutput))
#29 /var/www/vendor/laravel/framework/src/Illuminate/Console/Application.php(94): Symfony\Component\Console\Application->run(Object(Symfony\Component\Console\Input\ArgvInput), Object(Symfony\Component\Console\Output\ConsoleOutput))
#30 /var/www/vendor/laravel/framework/src/Illuminate/Foundation/Console/Kernel.php(129): Illuminate\Console\Application->run(Object(Symfony\Component\Console\Input\ArgvInput), Object(Symfony\Component\Console\Output\ConsoleOutput))
#31 /var/www/artisan(35): Illuminate\Foundation\Console\Kernel->handle(Object(Symfony\Component\Console\Input\ArgvInput), Object(Symfony\Component\Console\Output\ConsoleOutput))
#32 {main}
simrs: connection id 648950635.679113029 received message: {"event":"pusher:ping","data":{}}.
Connection id 648950635.679113029 sending message {"event":"pusher:pong"}
simrs: connection id 228043571.634714734 received message: {"event":"pusher:ping","data":{}}.
Connection id 228043571.634714734 sending message {"event":"pusher:pong"}
simrs: connection id 648950635.679113029 received message: {"event":"pusher:ping","data":{}}.
Connection id 648950635.679113029 sending message {"event":"pusher:pong"}
simrs: connection id 228043571.634714734 received message: {"event":"pusher:ping","data":{}}.
Connection id 228043571.634714734 sending message {"event":"pusher:pong"}
Unhandled promise rejection with TypeError: React\Http\Io\ClientRequestStream::closeError(): Argument #1 ($error) must be of type Exception, Error given, called in /var/www/vendor/react/promise/src/Internal/RejectedPromise.php on line 73 and defined in /var/www/vendor/react/http/src/Io/ClientRequestStream.php:254
Stack trace:
#0 /var/www/vendor/react/promise/src/Internal/RejectedPromise.php(73): React\Http\Io\ClientRequestStream->closeError(Object(Error))
#1 /var/www/vendor/react/promise/src/Promise.php(47): React\Promise\Internal\RejectedPromise->then(Object(Closure), Array)
#2 /var/www/vendor/react/http/src/Io/ClientRequestStream.php(84): React\Promise\Promise->then(Object(Closure), Array)
#3 /var/www/vendor/react/http/src/Io/ClientRequestStream.php(131): React\Http\Io\ClientRequestStream->writeHead()
#4 /var/www/vendor/react/http/src/Io/ClientRequestStream.php(144): React\Http\Io\ClientRequestStream->write('{"app_id":"simr...')
#5 /var/www/vendor/react/http/src/Io/Sender.php(147): React\Http\Io\ClientRequestStream->end('{"app_id":"simr...')
#6 /var/www/vendor/react/http/src/Io/Transaction.php(146): React\Http\Io\Sender->send(Object(React\Http\Message\Request))
#7 /var/www/vendor/react/http/src/Io/Transaction.php(83): React\Http\Io\Transaction->next(Object(React\Http\Message\Request), Object(React\Promise\Deferred), Object(React\Http\Io\ClientRequestState))
#8 /var/www/vendor/react/http/src/Browser.php(854): React\Http\Io\Transaction->send(Object(React\Http\Message\Request))
#9 /var/www/vendor/react/http/src/Browser.php(177): React\Http\Browser->requestMayBeStreaming('POST', 'http://localhos...', Array, Object(GuzzleHttp\Psr7\Stream))
#10 /var/www/vendor/beyondcode/laravel-websockets/src/Statistics/Logger/HttpStatisticsLogger.php(81): React\Http\Browser->post('http://localhos...', Array, Object(GuzzleHttp\Psr7\Stream))
#11 /var/www/vendor/laravel/framework/src/Illuminate/Support/Facades/Facade.php(261): BeyondCode\LaravelWebSockets\Statistics\Logger\HttpStatisticsLogger->save()
#12 /var/www/vendor/beyondcode/laravel-websockets/src/Console/StartWebSocketServer.php(75): Illuminate\Support\Facades\Facade::__callStatic('save', Array)
#13 /var/www/vendor/react/event-loop/src/Timer/Timers.php(102): BeyondCode\LaravelWebSockets\Console\StartWebSocketServer->BeyondCode\LaravelWebSockets\Console\{closure}(Object(React\EventLoop\Timer\Timer))
#14 /var/www/vendor/react/event-loop/src/StreamSelectLoop.php(185): React\EventLoop\Timer\Timers->tick()
#15 /var/www/vendor/cboden/ratchet/src/Ratchet/Server/IoServer.php(74): React\EventLoop\StreamSelectLoop->run()
#16 /var/www/vendor/beyondcode/laravel-websockets/src/Console/StartWebSocketServer.php(155): Ratchet\Server\IoServer->run()
#17 /var/www/vendor/beyondcode/laravel-websockets/src/Console/StartWebSocketServer.php(52): BeyondCode\LaravelWebSockets\Console\StartWebSocketServer->startWebSocketServer()
#18 /var/www/vendor/laravel/framework/src/Illuminate/Container/BoundMethod.php(36): BeyondCode\LaravelWebSockets\Console\StartWebSocketServer->handle()
#19 /var/www/vendor/laravel/framework/src/Illuminate/Container/Util.php(40): Illuminate\Container\BoundMethod::Illuminate\Container\{closure}()
#20 /var/www/vendor/laravel/framework/src/Illuminate/Container/BoundMethod.php(93): Illuminate\Container\Util::unwrapIfClosure(Object(Closure))
#21 /var/www/vendor/laravel/framework/src/Illuminate/Container/BoundMethod.php(35): Illuminate\Container\BoundMethod::callBoundMethod(Object(Illuminate\Foundation\Application), Array, Object(Closure))
#22 /var/www/vendor/laravel/framework/src/Illuminate/Container/Container.php(653): Illuminate\Container\BoundMethod::call(Object(Illuminate\Foundation\Application), Array, Array, NULL)
#23 /var/www/vendor/laravel/framework/src/Illuminate/Console/Command.php(136): Illuminate\Container\Container->call(Array)
#24 /var/www/vendor/symfony/console/Command/Command.php(298): Illuminate\Console\Command->execute(Object(Symfony\Component\Console\Input\ArgvInput), Object(Illuminate\Console\OutputStyle))
#25 /var/www/vendor/laravel/framework/src/Illuminate/Console/Command.php(120): Symfony\Component\Console\Command\Command->run(Object(Symfony\Component\Console\Input\ArgvInput), Object(Illuminate\Console\OutputStyle))
#26 /var/www/vendor/symfony/console/Application.php(1040): Illuminate\Console\Command->run(Object(Symfony\Component\Console\Input\ArgvInput), Object(Symfony\Component\Console\Output\ConsoleOutput))
#27 /var/www/vendor/symfony/console/Application.php(301): Symfony\Component\Console\Application->doRunCommand(Object(BeyondCode\LaravelWebSockets\Console\StartWebSocketServer), Object(Symfony\Component\Console\Input\ArgvInput), Object(Symfony\Component\Console\Output\ConsoleOutput))
#28 /var/www/vendor/symfony/console/Application.php(171): Symfony\Component\Console\Application->doRun(Object(Symfony\Component\Console\Input\ArgvInput), Object(Symfony\Component\Console\Output\ConsoleOutput))
#29 /var/www/vendor/laravel/framework/src/Illuminate/Console/Application.php(94): Symfony\Component\Console\Application->run(Object(Symfony\Component\Console\Input\ArgvInput), Object(Symfony\Component\Console\Output\ConsoleOutput))
#30 /var/www/vendor/laravel/framework/src/Illuminate/Foundation/Console/Kernel.php(129): Illuminate\Console\Application->run(Object(Symfony\Component\Console\Input\ArgvInput), Object(Symfony\Component\Console\Output\ConsoleOutput))
#31 /var/www/artisan(35): Illuminate\Foundation\Console\Kernel->handle(Object(Symfony\Component\Console\Input\ArgvInput), Object(Symfony\Component\Console\Output\ConsoleOutput))
#32 {main}
simrs: connection id 648950635.679113029 received message: {"event":"pusher:ping","data":{}}.
Connection id 648950635.679113029 sending message {"event":"pusher:pong"}
simrs: connection id 228043571.634714734 received message: {"event":"pusher:ping","data":{}}.
Connection id 228043571.634714734 sending message {"event":"pusher:pong"}
simrs: connection id 648950635.679113029 received message: {"event":"pusher:ping","data":{}}.
Connection id 648950635.679113029 sending message {"event":"pusher:pong"}
simrs: connection id 228043571.634714734 received message: {"event":"pusher:ping","data":{}}.
Connection id 228043571.634714734 sending message {"event":"pusher:pong"}
Unhandled promise rejection with TypeError: React\Http\Io\ClientRequestStream::closeError(): Argument #1 ($error) must be of type Exception, Error given, called in /var/www/vendor/react/promise/src/Internal/RejectedPromise.php on line 73 and defined in /var/www/vendor/react/http/src/Io/ClientRequestStream.php:254
Stack trace:
#0 /var/www/vendor/react/promise/src/Internal/RejectedPromise.php(73): React\Http\Io\ClientRequestStream->closeError(Object(Error))
#1 /var/www/vendor/react/promise/src/Promise.php(47): React\Promise\Internal\RejectedPromise->then(Object(Closure), Array)
#2 /var/www/vendor/react/http/src/Io/ClientRequestStream.php(84): React\Promise\Promise->then(Object(Closure), Array)
#3 /var/www/vendor/react/http/src/Io/ClientRequestStream.php(131): React\Http\Io\ClientRequestStream->writeHead()
#4 /var/www/vendor/react/http/src/Io/ClientRequestStream.php(144): React\Http\Io\ClientRequestStream->write('{"app_id":"simr...')
#5 /var/www/vendor/react/http/src/Io/Sender.php(147): React\Http\Io\ClientRequestStream->end('{"app_id":"simr...')
#6 /var/www/vendor/react/http/src/Io/Transaction.php(146): React\Http\Io\Sender->send(Object(React\Http\Message\Request))
#7 /var/www/vendor/react/http/src/Io/Transaction.php(83): React\Http\Io\Transaction->next(Object(React\Http\Message\Request), Object(React\Promise\Deferred), Object(React\Http\Io\ClientRequestState))
#8 /var/www/vendor/react/http/src/Browser.php(854): React\Http\Io\Transaction->send(Object(React\Http\Message\Request))
#9 /var/www/vendor/react/http/src/Browser.php(177): React\Http\Browser->requestMayBeStreaming('POST', 'http://localhos...', Array, Object(GuzzleHttp\Psr7\Stream))
#10 /var/www/vendor/beyondcode/laravel-websockets/src/Statistics/Logger/HttpStatisticsLogger.php(81): React\Http\Browser->post('http://localhos...', Array, Object(GuzzleHttp\Psr7\Stream))
#11 /var/www/vendor/laravel/framework/src/Illuminate/Support/Facades/Facade.php(261): BeyondCode\LaravelWebSockets\Statistics\Logger\HttpStatisticsLogger->save()
#12 /var/www/vendor/beyondcode/laravel-websockets/src/Console/StartWebSocketServer.php(75): Illuminate\Support\Facades\Facade::__callStatic('save', Array)
#13 /var/www/vendor/react/event-loop/src/Timer/Timers.php(102): BeyondCode\LaravelWebSockets\Console\StartWebSocketServer->BeyondCode\LaravelWebSockets\Console\{closure}(Object(React\EventLoop\Timer\Timer))
#14 /var/www/vendor/react/event-loop/src/StreamSelectLoop.php(185): React\EventLoop\Timer\Timers->tick()
#15 /var/www/vendor/cboden/ratchet/src/Ratchet/Server/IoServer.php(74): React\EventLoop\StreamSelectLoop->run()
#16 /var/www/vendor/beyondcode/laravel-websockets/src/Console/StartWebSocketServer.php(155): Ratchet\Server\IoServer->run()
#17 /var/www/vendor/beyondcode/laravel-websockets/src/Console/StartWebSocketServer.php(52): BeyondCode\LaravelWebSockets\Console\StartWebSocketServer->startWebSocketServer()
#18 /var/www/vendor/laravel/framework/src/Illuminate/Container/BoundMethod.php(36): BeyondCode\LaravelWebSockets\Console\StartWebSocketServer->handle()
#19 /var/www/vendor/laravel/framework/src/Illuminate/Container/Util.php(40): Illuminate\Container\BoundMethod::Illuminate\Container\{closure}()
#20 /var/www/vendor/laravel/framework/src/Illuminate/Container/BoundMethod.php(93): Illuminate\Container\Util::unwrapIfClosure(Object(Closure))
#21 /var/www/vendor/laravel/framework/src/Illuminate/Container/BoundMethod.php(35): Illuminate\Container\BoundMethod::callBoundMethod(Object(Illuminate\Foundation\Application), Array, Object(Closure))
#22 /var/www/vendor/laravel/framework/src/Illuminate/Container/Container.php(653): Illuminate\Container\BoundMethod::call(Object(Illuminate\Foundation\Application), Array, Array, NULL)
#23 /var/www/vendor/laravel/framework/src/Illuminate/Console/Command.php(136): Illuminate\Container\Container->call(Array)
#24 /var/www/vendor/symfony/console/Command/Command.php(298): Illuminate\Console\Command->execute(Object(Symfony\Component\Console\Input\ArgvInput), Object(Illuminate\Console\OutputStyle))
#25 /var/www/vendor/laravel/framework/src/Illuminate/Console/Command.php(120): Symfony\Component\Console\Command\Command->run(Object(Symfony\Component\Console\Input\ArgvInput), Object(Illuminate\Console\OutputStyle))
#26 /var/www/vendor/symfony/console/Application.php(1040): Illuminate\Console\Command->run(Object(Symfony\Component\Console\Input\ArgvInput), Object(Symfony\Component\Console\Output\ConsoleOutput))
#27 /var/www/vendor/symfony/console/Application.php(301): Symfony\Component\Console\Application->doRunCommand(Object(BeyondCode\LaravelWebSockets\Console\StartWebSocketServer), Object(Symfony\Component\Console\Input\ArgvInput), Object(Symfony\Component\Console\Output\ConsoleOutput))
#28 /var/www/vendor/symfony/console/Application.php(171): Symfony\Component\Console\Application->doRun(Object(Symfony\Component\Console\Input\ArgvInput), Object(Symfony\Component\Console\Output\ConsoleOutput))
#29 /var/www/vendor/laravel/framework/src/Illuminate/Console/Application.php(94): Symfony\Component\Console\Application->run(Object(Symfony\Component\Console\Input\ArgvInput), Object(Symfony\Component\Console\Output\ConsoleOutput))
#30 /var/www/vendor/laravel/framework/src/Illuminate/Foundation/Console/Kernel.php(129): Illuminate\Console\Application->run(Object(Symfony\Component\Console\Input\ArgvInput), Object(Symfony\Component\Console\Output\ConsoleOutput))
#31 /var/www/artisan(35): Illuminate\Foundation\Console\Kernel->handle(Object(Symfony\Component\Console\Input\ArgvInput), Object(Symfony\Component\Console\Output\ConsoleOutput))
#32 {main}
simrs: connection id 648950635.679113029 received message: {"event":"pusher:ping","data":{}}.
Connection id 648950635.679113029 sending message {"event":"pusher:pong"}
simrs: connection id 228043571.634714734 received message: {"event":"pusher:ping","data":{}}.
Connection id 228043571.634714734 sending message {"event":"pusher:pong"}
simrs: connection id 648950635.679113029 received message: {"event":"pusher:ping","data":{}}.
Connection id 648950635.679113029 sending message {"event":"pusher:pong"}
simrs: connection id 228043571.634714734 received message: {"event":"pusher:ping","data":{}}.
Connection id 228043571.634714734 sending message {"event":"pusher:pong"}
Unhandled promise rejection with TypeError: React\Http\Io\ClientRequestStream::closeError(): Argument #1 ($error) must be of type Exception, Error given, called in /var/www/vendor/react/promise/src/Internal/RejectedPromise.php on line 73 and defined in /var/www/vendor/react/http/src/Io/ClientRequestStream.php:254
Stack trace:
#0 /var/www/vendor/react/promise/src/Internal/RejectedPromise.php(73): React\Http\Io\ClientRequestStream->closeError(Object(Error))
#1 /var/www/vendor/react/promise/src/Promise.php(47): React\Promise\Internal\RejectedPromise->then(Object(Closure), Array)
#2 /var/www/vendor/react/http/src/Io/ClientRequestStream.php(84): React\Promise\Promise->then(Object(Closure), Array)
#3 /var/www/vendor/react/http/src/Io/ClientRequestStream.php(131): React\Http\Io\ClientRequestStream->writeHead()
#4 /var/www/vendor/react/http/src/Io/ClientRequestStream.php(144): React\Http\Io\ClientRequestStream->write('{"app_id":"simr...')
#5 /var/www/vendor/react/http/src/Io/Sender.php(147): React\Http\Io\ClientRequestStream->end('{"app_id":"simr...')
#6 /var/www/vendor/react/http/src/Io/Transaction.php(146): React\Http\Io\Sender->send(Object(React\Http\Message\Request))
#7 /var/www/vendor/react/http/src/Io/Transaction.php(83): React\Http\Io\Transaction->next(Object(React\Http\Message\Request), Object(React\Promise\Deferred), Object(React\Http\Io\ClientRequestState))
#8 /var/www/vendor/react/http/src/Browser.php(854): React\Http\Io\Transaction->send(Object(React\Http\Message\Request))
#9 /var/www/vendor/react/http/src/Browser.php(177): React\Http\Browser->requestMayBeStreaming('POST', 'http://localhos...', Array, Object(GuzzleHttp\Psr7\Stream))
#10 /var/www/vendor/beyondcode/laravel-websockets/src/Statistics/Logger/HttpStatisticsLogger.php(81): React\Http\Browser->post('http://localhos...', Array, Object(GuzzleHttp\Psr7\Stream))
#11 /var/www/vendor/laravel/framework/src/Illuminate/Support/Facades/Facade.php(261): BeyondCode\LaravelWebSockets\Statistics\Logger\HttpStatisticsLogger->save()
#12 /var/www/vendor/beyondcode/laravel-websockets/src/Console/StartWebSocketServer.php(75): Illuminate\Support\Facades\Facade::__callStatic('save', Array)
#13 /var/www/vendor/react/event-loop/src/Timer/Timers.php(102): BeyondCode\LaravelWebSockets\Console\StartWebSocketServer->BeyondCode\LaravelWebSockets\Console\{closure}(Object(React\EventLoop\Timer\Timer))
#14 /var/www/vendor/react/event-loop/src/StreamSelectLoop.php(185): React\EventLoop\Timer\Timers->tick()
#15 /var/www/vendor/cboden/ratchet/src/Ratchet/Server/IoServer.php(74): React\EventLoop\StreamSelectLoop->run()
#16 /var/www/vendor/beyondcode/laravel-websockets/src/Console/StartWebSocketServer.php(155): Ratchet\Server\IoServer->run()
#17 /var/www/vendor/beyondcode/laravel-websockets/src/Console/StartWebSocketServer.php(52): BeyondCode\LaravelWebSockets\Console\StartWebSocketServer->startWebSocketServer()
#18 /var/www/vendor/laravel/framework/src/Illuminate/Container/BoundMethod.php(36): BeyondCode\LaravelWebSockets\Console\StartWebSocketServer->handle()
#19 /var/www/vendor/laravel/framework/src/Illuminate/Container/Util.php(40): Illuminate\Container\BoundMethod::Illuminate\Container\{closure}()
#20 /var/www/vendor/laravel/framework/src/Illuminate/Container/BoundMethod.php(93): Illuminate\Container\Util::unwrapIfClosure(Object(Closure))
#21 /var/www/vendor/laravel/framework/src/Illuminate/Container/BoundMethod.php(35): Illuminate\Container\BoundMethod::callBoundMethod(Object(Illuminate\Foundation\Application), Array, Object(Closure))
#22 /var/www/vendor/laravel/framework/src/Illuminate/Container/Container.php(653): Illuminate\Container\BoundMethod::call(Object(Illuminate\Foundation\Application), Array, Array, NULL)
#23 /var/www/vendor/laravel/framework/src/Illuminate/Console/Command.php(136): Illuminate\Container\Container->call(Array)
#24 /var/www/vendor/symfony/console/Command/Command.php(298): Illuminate\Console\Command->execute(Object(Symfony\Component\Console\Input\ArgvInput), Object(Illuminate\Console\OutputStyle))
#25 /var/www/vendor/laravel/framework/src/Illuminate/Console/Command.php(120): Symfony\Component\Console\Command\Command->run(Object(Symfony\Component\Console\Input\ArgvInput), Object(Illuminate\Console\OutputStyle))
#26 /var/www/vendor/symfony/console/Application.php(1040): Illuminate\Console\Command->run(Object(Symfony\Component\Console\Input\ArgvInput), Object(Symfony\Component\Console\Output\ConsoleOutput))
#27 /var/www/vendor/symfony/console/Application.php(301): Symfony\Component\Console\Application->doRunCommand(Object(BeyondCode\LaravelWebSockets\Console\StartWebSocketServer), Object(Symfony\Component\Console\Input\ArgvInput), Object(Symfony\Component\Console\Output\ConsoleOutput))
#28 /var/www/vendor/symfony/console/Application.php(171): Symfony\Component\Console\Application->doRun(Object(Symfony\Component\Console\Input\ArgvInput), Object(Symfony\Component\Console\Output\ConsoleOutput))
#29 /var/www/vendor/laravel/framework/src/Illuminate/Console/Application.php(94): Symfony\Component\Console\Application->run(Object(Symfony\Component\Console\Input\ArgvInput), Object(Symfony\Component\Console\Output\ConsoleOutput))
#30 /var/www/vendor/laravel/framework/src/Illuminate/Foundation/Console/Kernel.php(129): Illuminate\Console\Application->run(Object(Symfony\Component\Console\Input\ArgvInput), Object(Symfony\Component\Console\Output\ConsoleOutput))
#31 /var/www/artisan(35): Illuminate\Foundation\Console\Kernel->handle(Object(Symfony\Component\Console\Input\ArgvInput), Object(Symfony\Component\Console\Output\ConsoleOutput))
#32 {main}
simrs: connection id 648950635.679113029 received message: {"event":"pusher:ping","data":{}}.
Connection id 648950635.679113029 sending message {"event":"pusher:pong"}
simrs: connection id 228043571.634714734 received message: {"event":"pusher:ping","data":{}}.
Connection id 228043571.634714734 sending message {"event":"pusher:pong"}
simrs: connection id 648950635.679113029 received message: {"event":"pusher:ping","data":{}}.
Connection id 648950635.679113029 sending message {"event":"pusher:pong"}
simrs: connection id 228043571.634714734 received message: {"event":"pusher:ping","data":{}}.
Connection id 228043571.634714734 sending message {"event":"pusher:pong"}
Unhandled promise rejection with TypeError: React\Http\Io\ClientRequestStream::closeError(): Argument #1 ($error) must be of type Exception, Error given, called in /var/www/vendor/react/promise/src/Internal/RejectedPromise.php on line 73 and defined in /var/www/vendor/react/http/src/Io/ClientRequestStream.php:254
Stack trace:
#0 /var/www/vendor/react/promise/src/Internal/RejectedPromise.php(73): React\Http\Io\ClientRequestStream->closeError(Object(Error))
#1 /var/www/vendor/react/promise/src/Promise.php(47): React\Promise\Internal\RejectedPromise->then(Object(Closure), Array)
#2 /var/www/vendor/react/http/src/Io/ClientRequestStream.php(84): React\Promise\Promise->then(Object(Closure), Array)
#3 /var/www/vendor/react/http/src/Io/ClientRequestStream.php(131): React\Http\Io\ClientRequestStream->writeHead()
#4 /var/www/vendor/react/http/src/Io/ClientRequestStream.php(144): React\Http\Io\ClientRequestStream->write('{"app_id":"simr...')
#5 /var/www/vendor/react/http/src/Io/Sender.php(147): React\Http\Io\ClientRequestStream->end('{"app_id":"simr...')
#6 /var/www/vendor/react/http/src/Io/Transaction.php(146): React\Http\Io\Sender->send(Object(React\Http\Message\Request))
#7 /var/www/vendor/react/http/src/Io/Transaction.php(83): React\Http\Io\Transaction->next(Object(React\Http\Message\Request), Object(React\Promise\Deferred), Object(React\Http\Io\ClientRequestState))
#8 /var/www/vendor/react/http/src/Browser.php(854): React\Http\Io\Transaction->send(Object(React\Http\Message\Request))
#9 /var/www/vendor/react/http/src/Browser.php(177): React\Http\Browser->requestMayBeStreaming('POST', 'http://localhos...', Array, Object(GuzzleHttp\Psr7\Stream))
#10 /var/www/vendor/beyondcode/laravel-websockets/src/Statistics/Logger/HttpStatisticsLogger.php(81): React\Http\Browser->post('http://localhos...', Array, Object(GuzzleHttp\Psr7\Stream))
#11 /var/www/vendor/laravel/framework/src/Illuminate/Support/Facades/Facade.php(261): BeyondCode\LaravelWebSockets\Statistics\Logger\HttpStatisticsLogger->save()
#12 /var/www/vendor/beyondcode/laravel-websockets/src/Console/StartWebSocketServer.php(75): Illuminate\Support\Facades\Facade::__callStatic('save', Array)
#13 /var/www/vendor/react/event-loop/src/Timer/Timers.php(102): BeyondCode\LaravelWebSockets\Console\StartWebSocketServer->BeyondCode\LaravelWebSockets\Console\{closure}(Object(React\EventLoop\Timer\Timer))
#14 /var/www/vendor/react/event-loop/src/StreamSelectLoop.php(185): React\EventLoop\Timer\Timers->tick()
#15 /var/www/vendor/cboden/ratchet/src/Ratchet/Server/IoServer.php(74): React\EventLoop\StreamSelectLoop->run()
#16 /var/www/vendor/beyondcode/laravel-websockets/src/Console/StartWebSocketServer.php(155): Ratchet\Server\IoServer->run()
#17 /var/www/vendor/beyondcode/laravel-websockets/src/Console/StartWebSocketServer.php(52): BeyondCode\LaravelWebSockets\Console\StartWebSocketServer->startWebSocketServer()
#18 /var/www/vendor/laravel/framework/src/Illuminate/Container/BoundMethod.php(36): BeyondCode\LaravelWebSockets\Console\StartWebSocketServer->handle()
#19 /var/www/vendor/laravel/framework/src/Illuminate/Container/Util.php(40): Illuminate\Container\BoundMethod::Illuminate\Container\{closure}()
#20 /var/www/vendor/laravel/framework/src/Illuminate/Container/BoundMethod.php(93): Illuminate\Container\Util::unwrapIfClosure(Object(Closure))
#21 /var/www/vendor/laravel/framework/src/Illuminate/Container/BoundMethod.php(35): Illuminate\Container\BoundMethod::callBoundMethod(Object(Illuminate\Foundation\Application), Array, Object(Closure))
#22 /var/www/vendor/laravel/framework/src/Illuminate/Container/Container.php(653): Illuminate\Container\BoundMethod::call(Object(Illuminate\Foundation\Application), Array, Array, NULL)
#23 /var/www/vendor/laravel/framework/src/Illuminate/Console/Command.php(136): Illuminate\Container\Container->call(Array)
#24 /var/www/vendor/symfony/console/Command/Command.php(298): Illuminate\Console\Command->execute(Object(Symfony\Component\Console\Input\ArgvInput), Object(Illuminate\Console\OutputStyle))
#25 /var/www/vendor/laravel/framework/src/Illuminate/Console/Command.php(120): Symfony\Component\Console\Command\Command->run(Object(Symfony\Component\Console\Input\ArgvInput), Object(Illuminate\Console\OutputStyle))
#26 /var/www/vendor/symfony/console/Application.php(1040): Illuminate\Console\Command->run(Object(Symfony\Component\Console\Input\ArgvInput), Object(Symfony\Component\Console\Output\ConsoleOutput))
#27 /var/www/vendor/symfony/console/Application.php(301): Symfony\Component\Console\Application->doRunCommand(Object(BeyondCode\LaravelWebSockets\Console\StartWebSocketServer), Object(Symfony\Component\Console\Input\ArgvInput), Object(Symfony\Component\Console\Output\ConsoleOutput))
#28 /var/www/vendor/symfony/console/Application.php(171): Symfony\Component\Console\Application->doRun(Object(Symfony\Component\Console\Input\ArgvInput), Object(Symfony\Component\Console\Output\ConsoleOutput))
#29 /var/www/vendor/laravel/framework/src/Illuminate/Console/Application.php(94): Symfony\Component\Console\Application->run(Object(Symfony\Component\Console\Input\ArgvInput), Object(Symfony\Component\Console\Output\ConsoleOutput))
#30 /var/www/vendor/laravel/framework/src/Illuminate/Foundation/Console/Kernel.php(129): Illuminate\Console\Application->run(Object(Symfony\Component\Console\Input\ArgvInput), Object(Symfony\Component\Console\Output\ConsoleOutput))
#31 /var/www/artisan(35): Illuminate\Foundation\Console\Kernel->handle(Object(Symfony\Component\Console\Input\ArgvInput), Object(Symfony\Component\Console\Output\ConsoleOutput))
#32 {main}
simrs: connection id 648950635.679113029 received message: {"event":"pusher:ping","data":{}}.
Connection id 648950635.679113029 sending message {"event":"pusher:pong"}
simrs: connection id 228043571.634714734 received message: {"event":"pusher:ping","data":{}}.
Connection id 228043571.634714734 sending message {"event":"pusher:pong"}
simrs: connection id 648950635.679113029 received message: {"event":"pusher:ping","data":{}}.
Connection id 648950635.679113029 sending message {"event":"pusher:pong"}
simrs: connection id 228043571.634714734 received message: {"event":"pusher:ping","data":{}}.
Connection id 228043571.634714734 sending message {"event":"pusher:pong"}
Unhandled promise rejection with TypeError: React\Http\Io\ClientRequestStream::closeError(): Argument #1 ($error) must be of type Exception, Error given, called in /var/www/vendor/react/promise/src/Internal/RejectedPromise.php on line 73 and defined in /var/www/vendor/react/http/src/Io/ClientRequestStream.php:254
Stack trace:
#0 /var/www/vendor/react/promise/src/Internal/RejectedPromise.php(73): React\Http\Io\ClientRequestStream->closeError(Object(Error))
#1 /var/www/vendor/react/promise/src/Promise.php(47): React\Promise\Internal\RejectedPromise->then(Object(Closure), Array)
#2 /var/www/vendor/react/http/src/Io/ClientRequestStream.php(84): React\Promise\Promise->then(Object(Closure), Array)
#3 /var/www/vendor/react/http/src/Io/ClientRequestStream.php(131): React\Http\Io\ClientRequestStream->writeHead()
#4 /var/www/vendor/react/http/src/Io/ClientRequestStream.php(144): React\Http\Io\ClientRequestStream->write('{"app_id":"simr...')
#5 /var/www/vendor/react/http/src/Io/Sender.php(147): React\Http\Io\ClientRequestStream->end('{"app_id":"simr...')
#6 /var/www/vendor/react/http/src/Io/Transaction.php(146): React\Http\Io\Sender->send(Object(React\Http\Message\Request))
#7 /var/www/vendor/react/http/src/Io/Transaction.php(83): React\Http\Io\Transaction->next(Object(React\Http\Message\Request), Object(React\Promise\Deferred), Object(React\Http\Io\ClientRequestState))
#8 /var/www/vendor/react/http/src/Browser.php(854): React\Http\Io\Transaction->send(Object(React\Http\Message\Request))
#9 /var/www/vendor/react/http/src/Browser.php(177): React\Http\Browser->requestMayBeStreaming('POST', 'http://localhos...', Array, Object(GuzzleHttp\Psr7\Stream))
#10 /var/www/vendor/beyondcode/laravel-websockets/src/Statistics/Logger/HttpStatisticsLogger.php(81): React\Http\Browser->post('http://localhos...', Array, Object(GuzzleHttp\Psr7\Stream))
#11 /var/www/vendor/laravel/framework/src/Illuminate/Support/Facades/Facade.php(261): BeyondCode\LaravelWebSockets\Statistics\Logger\HttpStatisticsLogger->save()
#12 /var/www/vendor/beyondcode/laravel-websockets/src/Console/StartWebSocketServer.php(75): Illuminate\Support\Facades\Facade::__callStatic('save', Array)
#13 /var/www/vendor/react/event-loop/src/Timer/Timers.php(102): BeyondCode\LaravelWebSockets\Console\StartWebSocketServer->BeyondCode\LaravelWebSockets\Console\{closure}(Object(React\EventLoop\Timer\Timer))
#14 /var/www/vendor/react/event-loop/src/StreamSelectLoop.php(185): React\EventLoop\Timer\Timers->tick()
#15 /var/www/vendor/cboden/ratchet/src/Ratchet/Server/IoServer.php(74): React\EventLoop\StreamSelectLoop->run()
#16 /var/www/vendor/beyondcode/laravel-websockets/src/Console/StartWebSocketServer.php(155): Ratchet\Server\IoServer->run()
#17 /var/www/vendor/beyondcode/laravel-websockets/src/Console/StartWebSocketServer.php(52): BeyondCode\LaravelWebSockets\Console\StartWebSocketServer->startWebSocketServer()
#18 /var/www/vendor/laravel/framework/src/Illuminate/Container/BoundMethod.php(36): BeyondCode\LaravelWebSockets\Console\StartWebSocketServer->handle()
#19 /var/www/vendor/laravel/framework/src/Illuminate/Container/Util.php(40): Illuminate\Container\BoundMethod::Illuminate\Container\{closure}()
#20 /var/www/vendor/laravel/framework/src/Illuminate/Container/BoundMethod.php(93): Illuminate\Container\Util::unwrapIfClosure(Object(Closure))
#21 /var/www/vendor/laravel/framework/src/Illuminate/Container/BoundMethod.php(35): Illuminate\Container\BoundMethod::callBoundMethod(Object(Illuminate\Foundation\Application), Array, Object(Closure))
#22 /var/www/vendor/laravel/framework/src/Illuminate/Container/Container.php(653): Illuminate\Container\BoundMethod::call(Object(Illuminate\Foundation\Application), Array, Array, NULL)
#23 /var/www/vendor/laravel/framework/src/Illuminate/Console/Command.php(136): Illuminate\Container\Container->call(Array)
#24 /var/www/vendor/symfony/console/Command/Command.php(298): Illuminate\Console\Command->execute(Object(Symfony\Component\Console\Input\ArgvInput), Object(Illuminate\Console\OutputStyle))
#25 /var/www/vendor/laravel/framework/src/Illuminate/Console/Command.php(120): Symfony\Component\Console\Command\Command->run(Object(Symfony\Component\Console\Input\ArgvInput), Object(Illuminate\Console\OutputStyle))
#26 /var/www/vendor/symfony/console/Application.php(1040): Illuminate\Console\Command->run(Object(Symfony\Component\Console\Input\ArgvInput), Object(Symfony\Component\Console\Output\ConsoleOutput))
#27 /var/www/vendor/symfony/console/Application.php(301): Symfony\Component\Console\Application->doRunCommand(Object(BeyondCode\LaravelWebSockets\Console\StartWebSocketServer), Object(Symfony\Component\Console\Input\ArgvInput), Object(Symfony\Component\Console\Output\ConsoleOutput))
#28 /var/www/vendor/symfony/console/Application.php(171): Symfony\Component\Console\Application->doRun(Object(Symfony\Component\Console\Input\ArgvInput), Object(Symfony\Component\Console\Output\ConsoleOutput))
#29 /var/www/vendor/laravel/framework/src/Illuminate/Console/Application.php(94): Symfony\Component\Console\Application->run(Object(Symfony\Component\Console\Input\ArgvInput), Object(Symfony\Component\Console\Output\ConsoleOutput))
#30 /var/www/vendor/laravel/framework/src/Illuminate/Foundation/Console/Kernel.php(129): Illuminate\Console\Application->run(Object(Symfony\Component\Console\Input\ArgvInput), Object(Symfony\Component\Console\Output\ConsoleOutput))
#31 /var/www/artisan(35): Illuminate\Foundation\Console\Kernel->handle(Object(Symfony\Component\Console\Input\ArgvInput), Object(Symfony\Component\Console\Output\ConsoleOutput))
#32 {main}
simrs: connection id 648950635.679113029 received message: {"event":"pusher:ping","data":{}}.
Connection id 648950635.679113029 sending message {"event":"pusher:pong"}
simrs: connection id 228043571.634714734 received message: {"event":"pusher:ping","data":{}}.
Connection id 228043571.634714734 sending message {"event":"pusher:pong"}
simrs: connection id 648950635.679113029 received message: {"event":"pusher:ping","data":{}}.
Connection id 648950635.679113029 sending message {"event":"pusher:pong"}
simrs: connection id 228043571.634714734 received message: {"event":"pusher:ping","data":{}}.
Connection id 228043571.634714734 sending message {"event":"pusher:pong"}
Unhandled promise rejection with TypeError: React\Http\Io\ClientRequestStream::closeError(): Argument #1 ($error) must be of type Exception, Error given, called in /var/www/vendor/react/promise/src/Internal/RejectedPromise.php on line 73 and defined in /var/www/vendor/react/http/src/Io/ClientRequestStream.php:254
Stack trace:
#0 /var/www/vendor/react/promise/src/Internal/RejectedPromise.php(73): React\Http\Io\ClientRequestStream->closeError(Object(Error))
#1 /var/www/vendor/react/promise/src/Promise.php(47): React\Promise\Internal\RejectedPromise->then(Object(Closure), Array)
#2 /var/www/vendor/react/http/src/Io/ClientRequestStream.php(84): React\Promise\Promise->then(Object(Closure), Array)
#3 /var/www/vendor/react/http/src/Io/ClientRequestStream.php(131): React\Http\Io\ClientRequestStream->writeHead()
#4 /var/www/vendor/react/http/src/Io/ClientRequestStream.php(144): React\Http\Io\ClientRequestStream->write('{"app_id":"simr...')
#5 /var/www/vendor/react/http/src/Io/Sender.php(147): React\Http\Io\ClientRequestStream->end('{"app_id":"simr...')
#6 /var/www/vendor/react/http/src/Io/Transaction.php(146): React\Http\Io\Sender->send(Object(React\Http\Message\Request))
#7 /var/www/vendor/react/http/src/Io/Transaction.php(83): React\Http\Io\Transaction->next(Object(React\Http\Message\Request), Object(React\Promise\Deferred), Object(React\Http\Io\ClientRequestState))
#8 /var/www/vendor/react/http/src/Browser.php(854): React\Http\Io\Transaction->send(Object(React\Http\Message\Request))
#9 /var/www/vendor/react/http/src/Browser.php(177): React\Http\Browser->requestMayBeStreaming('POST', 'http://localhos...', Array, Object(GuzzleHttp\Psr7\Stream))
#10 /var/www/vendor/beyondcode/laravel-websockets/src/Statistics/Logger/HttpStatisticsLogger.php(81): React\Http\Browser->post('http://localhos...', Array, Object(GuzzleHttp\Psr7\Stream))
#11 /var/www/vendor/laravel/framework/src/Illuminate/Support/Facades/Facade.php(261): BeyondCode\LaravelWebSockets\Statistics\Logger\HttpStatisticsLogger->save()
#12 /var/www/vendor/beyondcode/laravel-websockets/src/Console/StartWebSocketServer.php(75): Illuminate\Support\Facades\Facade::__callStatic('save', Array)
#13 /var/www/vendor/react/event-loop/src/Timer/Timers.php(102): BeyondCode\LaravelWebSockets\Console\StartWebSocketServer->BeyondCode\LaravelWebSockets\Console\{closure}(Object(React\EventLoop\Timer\Timer))
#14 /var/www/vendor/react/event-loop/src/StreamSelectLoop.php(185): React\EventLoop\Timer\Timers->tick()
#15 /var/www/vendor/cboden/ratchet/src/Ratchet/Server/IoServer.php(74): React\EventLoop\StreamSelectLoop->run()
#16 /var/www/vendor/beyondcode/laravel-websockets/src/Console/StartWebSocketServer.php(155): Ratchet\Server\IoServer->run()
#17 /var/www/vendor/beyondcode/laravel-websockets/src/Console/StartWebSocketServer.php(52): BeyondCode\LaravelWebSockets\Console\StartWebSocketServer->startWebSocketServer()
#18 /var/www/vendor/laravel/framework/src/Illuminate/Container/BoundMethod.php(36): BeyondCode\LaravelWebSockets\Console\StartWebSocketServer->handle()
#19 /var/www/vendor/laravel/framework/src/Illuminate/Container/Util.php(40): Illuminate\Container\BoundMethod::Illuminate\Container\{closure}()
#20 /var/www/vendor/laravel/framework/src/Illuminate/Container/BoundMethod.php(93): Illuminate\Container\Util::unwrapIfClosure(Object(Closure))
#21 /var/www/vendor/laravel/framework/src/Illuminate/Container/BoundMethod.php(35): Illuminate\Container\BoundMethod::callBoundMethod(Object(Illuminate\Foundation\Application), Array, Object(Closure))
#22 /var/www/vendor/laravel/framework/src/Illuminate/Container/Container.php(653): Illuminate\Container\BoundMethod::call(Object(Illuminate\Foundation\Application), Array, Array, NULL)
#23 /var/www/vendor/laravel/framework/src/Illuminate/Console/Command.php(136): Illuminate\Container\Container->call(Array)
#24 /var/www/vendor/symfony/console/Command/Command.php(298): Illuminate\Console\Command->execute(Object(Symfony\Component\Console\Input\ArgvInput), Object(Illuminate\Console\OutputStyle))
#25 /var/www/vendor/laravel/framework/src/Illuminate/Console/Command.php(120): Symfony\Component\Console\Command\Command->run(Object(Symfony\Component\Console\Input\ArgvInput), Object(Illuminate\Console\OutputStyle))
#26 /var/www/vendor/symfony/console/Application.php(1040): Illuminate\Console\Command->run(Object(Symfony\Component\Console\Input\ArgvInput), Object(Symfony\Component\Console\Output\ConsoleOutput))
#27 /var/www/vendor/symfony/console/Application.php(301): Symfony\Component\Console\Application->doRunCommand(Object(BeyondCode\LaravelWebSockets\Console\StartWebSocketServer), Object(Symfony\Component\Console\Input\ArgvInput), Object(Symfony\Component\Console\Output\ConsoleOutput))
#28 /var/www/vendor/symfony/console/Application.php(171): Symfony\Component\Console\Application->doRun(Object(Symfony\Component\Console\Input\ArgvInput), Object(Symfony\Component\Console\Output\ConsoleOutput))
#29 /var/www/vendor/laravel/framework/src/Illuminate/Console/Application.php(94): Symfony\Component\Console\Application->run(Object(Symfony\Component\Console\Input\ArgvInput), Object(Symfony\Component\Console\Output\ConsoleOutput))
#30 /var/www/vendor/laravel/framework/src/Illuminate/Foundation/Console/Kernel.php(129): Illuminate\Console\Application->run(Object(Symfony\Component\Console\Input\ArgvInput), Object(Symfony\Component\Console\Output\ConsoleOutput))
#31 /var/www/artisan(35): Illuminate\Foundation\Console\Kernel->handle(Object(Symfony\Component\Console\Input\ArgvInput), Object(Symfony\Component\Console\Output\ConsoleOutput))
#32 {main}
simrs: connection id 648950635.679113029 received message: {"event":"pusher:ping","data":{}}.
Connection id 648950635.679113029 sending message {"event":"pusher:pong"}
simrs: connection id 228043571.634714734 received message: {"event":"pusher:ping","data":{}}.
Connection id 228043571.634714734 sending message {"event":"pusher:pong"}
simrs: connection id 648950635.679113029 received message: {"event":"pusher:ping","data":{}}.
Connection id 648950635.679113029 sending message {"event":"pusher:pong"}
simrs: connection id 228043571.634714734 received message: {"event":"pusher:ping","data":{}}.
Connection id 228043571.634714734 sending message {"event":"pusher:pong"}
Unhandled promise rejection with TypeError: React\Http\Io\ClientRequestStream::closeError(): Argument #1 ($error) must be of type Exception, Error given, called in /var/www/vendor/react/promise/src/Internal/RejectedPromise.php on line 73 and defined in /var/www/vendor/react/http/src/Io/ClientRequestStream.php:254
Stack trace:
#0 /var/www/vendor/react/promise/src/Internal/RejectedPromise.php(73): React\Http\Io\ClientRequestStream->closeError(Object(Error))
#1 /var/www/vendor/react/promise/src/Promise.php(47): React\Promise\Internal\RejectedPromise->then(Object(Closure), Array)
#2 /var/www/vendor/react/http/src/Io/ClientRequestStream.php(84): React\Promise\Promise->then(Object(Closure), Array)
#3 /var/www/vendor/react/http/src/Io/ClientRequestStream.php(131): React\Http\Io\ClientRequestStream->writeHead()
#4 /var/www/vendor/react/http/src/Io/ClientRequestStream.php(144): React\Http\Io\ClientRequestStream->write('{"app_id":"simr...')
#5 /var/www/vendor/react/http/src/Io/Sender.php(147): React\Http\Io\ClientRequestStream->end('{"app_id":"simr...')
#6 /var/www/vendor/react/http/src/Io/Transaction.php(146): React\Http\Io\Sender->send(Object(React\Http\Message\Request))
#7 /var/www/vendor/react/http/src/Io/Transaction.php(83): React\Http\Io\Transaction->next(Object(React\Http\Message\Request), Object(React\Promise\Deferred), Object(React\Http\Io\ClientRequestState))
#8 /var/www/vendor/react/http/src/Browser.php(854): React\Http\Io\Transaction->send(Object(React\Http\Message\Request))
#9 /var/www/vendor/react/http/src/Browser.php(177): React\Http\Browser->requestMayBeStreaming('POST', 'http://localhos...', Array, Object(GuzzleHttp\Psr7\Stream))
#10 /var/www/vendor/beyondcode/laravel-websockets/src/Statistics/Logger/HttpStatisticsLogger.php(81): React\Http\Browser->post('http://localhos...', Array, Object(GuzzleHttp\Psr7\Stream))
#11 /var/www/vendor/laravel/framework/src/Illuminate/Support/Facades/Facade.php(261): BeyondCode\LaravelWebSockets\Statistics\Logger\HttpStatisticsLogger->save()
#12 /var/www/vendor/beyondcode/laravel-websockets/src/Console/StartWebSocketServer.php(75): Illuminate\Support\Facades\Facade::__callStatic('save', Array)
#13 /var/www/vendor/react/event-loop/src/Timer/Timers.php(102): BeyondCode\LaravelWebSockets\Console\StartWebSocketServer->BeyondCode\LaravelWebSockets\Console\{closure}(Object(React\EventLoop\Timer\Timer))
#14 /var/www/vendor/react/event-loop/src/StreamSelectLoop.php(185): React\EventLoop\Timer\Timers->tick()
#15 /var/www/vendor/cboden/ratchet/src/Ratchet/Server/IoServer.php(74): React\EventLoop\StreamSelectLoop->run()
#16 /var/www/vendor/beyondcode/laravel-websockets/src/Console/StartWebSocketServer.php(155): Ratchet\Server\IoServer->run()
#17 /var/www/vendor/beyondcode/laravel-websockets/src/Console/StartWebSocketServer.php(52): BeyondCode\LaravelWebSockets\Console\StartWebSocketServer->startWebSocketServer()
#18 /var/www/vendor/laravel/framework/src/Illuminate/Container/BoundMethod.php(36): BeyondCode\LaravelWebSockets\Console\StartWebSocketServer->handle()
#19 /var/www/vendor/laravel/framework/src/Illuminate/Container/Util.php(40): Illuminate\Container\BoundMethod::Illuminate\Container\{closure}()
#20 /var/www/vendor/laravel/framework/src/Illuminate/Container/BoundMethod.php(93): Illuminate\Container\Util::unwrapIfClosure(Object(Closure))
#21 /var/www/vendor/laravel/framework/src/Illuminate/Container/BoundMethod.php(35): Illuminate\Container\BoundMethod::callBoundMethod(Object(Illuminate\Foundation\Application), Array, Object(Closure))
#22 /var/www/vendor/laravel/framework/src/Illuminate/Container/Container.php(653): Illuminate\Container\BoundMethod::call(Object(Illuminate\Foundation\Application), Array, Array, NULL)
#23 /var/www/vendor/laravel/framework/src/Illuminate/Console/Command.php(136): Illuminate\Container\Container->call(Array)
#24 /var/www/vendor/symfony/console/Command/Command.php(298): Illuminate\Console\Command->execute(Object(Symfony\Component\Console\Input\ArgvInput), Object(Illuminate\Console\OutputStyle))
#25 /var/www/vendor/laravel/framework/src/Illuminate/Console/Command.php(120): Symfony\Component\Console\Command\Command->run(Object(Symfony\Component\Console\Input\ArgvInput), Object(Illuminate\Console\OutputStyle))
#26 /var/www/vendor/symfony/console/Application.php(1040): Illuminate\Console\Command->run(Object(Symfony\Component\Console\Input\ArgvInput), Object(Symfony\Component\Console\Output\ConsoleOutput))
#27 /var/www/vendor/symfony/console/Application.php(301): Symfony\Component\Console\Application->doRunCommand(Object(BeyondCode\LaravelWebSockets\Console\StartWebSocketServer), Object(Symfony\Component\Console\Input\ArgvInput), Object(Symfony\Component\Console\Output\ConsoleOutput))
#28 /var/www/vendor/symfony/console/Application.php(171): Symfony\Component\Console\Application->doRun(Object(Symfony\Component\Console\Input\ArgvInput), Object(Symfony\Component\Console\Output\ConsoleOutput))
#29 /var/www/vendor/laravel/framework/src/Illuminate/Console/Application.php(94): Symfony\Component\Console\Application->run(Object(Symfony\Component\Console\Input\ArgvInput), Object(Symfony\Component\Console\Output\ConsoleOutput))
#30 /var/www/vendor/laravel/framework/src/Illuminate/Foundation/Console/Kernel.php(129): Illuminate\Console\Application->run(Object(Symfony\Component\Console\Input\ArgvInput), Object(Symfony\Component\Console\Output\ConsoleOutput))
#31 /var/www/artisan(35): Illuminate\Foundation\Console\Kernel->handle(Object(Symfony\Component\Console\Input\ArgvInput), Object(Symfony\Component\Console\Output\ConsoleOutput))
#32 {main}
simrs: connection id 648950635.679113029 received message: {"event":"pusher:ping","data":{}}.
Connection id 648950635.679113029 sending message {"event":"pusher:pong"}
simrs: connection id 228043571.634714734 received message: {"event":"pusher:ping","data":{}}.
Connection id 228043571.634714734 sending message {"event":"pusher:pong"}
simrs: connection id 648950635.679113029 received message: {"event":"pusher:ping","data":{}}.
Connection id 648950635.679113029 sending message {"event":"pusher:pong"}
simrs: connection id 228043571.634714734 received message: {"event":"pusher:ping","data":{}}.
Connection id 228043571.634714734 sending message {"event":"pusher:pong"}
Unhandled promise rejection with TypeError: React\Http\Io\ClientRequestStream::closeError(): Argument #1 ($error) must be of type Exception, Error given, called in /var/www/vendor/react/promise/src/Internal/RejectedPromise.php on line 73 and defined in /var/www/vendor/react/http/src/Io/ClientRequestStream.php:254
Stack trace:
#0 /var/www/vendor/react/promise/src/Internal/RejectedPromise.php(73): React\Http\Io\ClientRequestStream->closeError(Object(Error))
#1 /var/www/vendor/react/promise/src/Promise.php(47): React\Promise\Internal\RejectedPromise->then(Object(Closure), Array)
#2 /var/www/vendor/react/http/src/Io/ClientRequestStream.php(84): React\Promise\Promise->then(Object(Closure), Array)
#3 /var/www/vendor/react/http/src/Io/ClientRequestStream.php(131): React\Http\Io\ClientRequestStream->writeHead()
#4 /var/www/vendor/react/http/src/Io/ClientRequestStream.php(144): React\Http\Io\ClientRequestStream->write('{"app_id":"simr...')
#5 /var/www/vendor/react/http/src/Io/Sender.php(147): React\Http\Io\ClientRequestStream->end('{"app_id":"simr...')
#6 /var/www/vendor/react/http/src/Io/Transaction.php(146): React\Http\Io\Sender->send(Object(React\Http\Message\Request))
#7 /var/www/vendor/react/http/src/Io/Transaction.php(83): React\Http\Io\Transaction->next(Object(React\Http\Message\Request), Object(React\Promise\Deferred), Object(React\Http\Io\ClientRequestState))
#8 /var/www/vendor/react/http/src/Browser.php(854): React\Http\Io\Transaction->send(Object(React\Http\Message\Request))
#9 /var/www/vendor/react/http/src/Browser.php(177): React\Http\Browser->requestMayBeStreaming('POST', 'http://localhos...', Array, Object(GuzzleHttp\Psr7\Stream))
#10 /var/www/vendor/beyondcode/laravel-websockets/src/Statistics/Logger/HttpStatisticsLogger.php(81): React\Http\Browser->post('http://localhos...', Array, Object(GuzzleHttp\Psr7\Stream))
#11 /var/www/vendor/laravel/framework/src/Illuminate/Support/Facades/Facade.php(261): BeyondCode\LaravelWebSockets\Statistics\Logger\HttpStatisticsLogger->save()
#12 /var/www/vendor/beyondcode/laravel-websockets/src/Console/StartWebSocketServer.php(75): Illuminate\Support\Facades\Facade::__callStatic('save', Array)
#13 /var/www/vendor/react/event-loop/src/Timer/Timers.php(102): BeyondCode\LaravelWebSockets\Console\StartWebSocketServer->BeyondCode\LaravelWebSockets\Console\{closure}(Object(React\EventLoop\Timer\Timer))
#14 /var/www/vendor/react/event-loop/src/StreamSelectLoop.php(185): React\EventLoop\Timer\Timers->tick()
#15 /var/www/vendor/cboden/ratchet/src/Ratchet/Server/IoServer.php(74): React\EventLoop\StreamSelectLoop->run()
#16 /var/www/vendor/beyondcode/laravel-websockets/src/Console/StartWebSocketServer.php(155): Ratchet\Server\IoServer->run()
#17 /var/www/vendor/beyondcode/laravel-websockets/src/Console/StartWebSocketServer.php(52): BeyondCode\LaravelWebSockets\Console\StartWebSocketServer->startWebSocketServer()
#18 /var/www/vendor/laravel/framework/src/Illuminate/Container/BoundMethod.php(36): BeyondCode\LaravelWebSockets\Console\StartWebSocketServer->handle()
#19 /var/www/vendor/laravel/framework/src/Illuminate/Container/Util.php(40): Illuminate\Container\BoundMethod::Illuminate\Container\{closure}()
#20 /var/www/vendor/laravel/framework/src/Illuminate/Container/BoundMethod.php(93): Illuminate\Container\Util::unwrapIfClosure(Object(Closure))
#21 /var/www/vendor/laravel/framework/src/Illuminate/Container/BoundMethod.php(35): Illuminate\Container\BoundMethod::callBoundMethod(Object(Illuminate\Foundation\Application), Array, Object(Closure))
#22 /var/www/vendor/laravel/framework/src/Illuminate/Container/Container.php(653): Illuminate\Container\BoundMethod::call(Object(Illuminate\Foundation\Application), Array, Array, NULL)
#23 /var/www/vendor/laravel/framework/src/Illuminate/Console/Command.php(136): Illuminate\Container\Container->call(Array)
#24 /var/www/vendor/symfony/console/Command/Command.php(298): Illuminate\Console\Command->execute(Object(Symfony\Component\Console\Input\ArgvInput), Object(Illuminate\Console\OutputStyle))
#25 /var/www/vendor/laravel/framework/src/Illuminate/Console/Command.php(120): Symfony\Component\Console\Command\Command->run(Object(Symfony\Component\Console\Input\ArgvInput), Object(Illuminate\Console\OutputStyle))
#26 /var/www/vendor/symfony/console/Application.php(1040): Illuminate\Console\Command->run(Object(Symfony\Component\Console\Input\ArgvInput), Object(Symfony\Component\Console\Output\ConsoleOutput))
#27 /var/www/vendor/symfony/console/Application.php(301): Symfony\Component\Console\Application->doRunCommand(Object(BeyondCode\LaravelWebSockets\Console\StartWebSocketServer), Object(Symfony\Component\Console\Input\ArgvInput), Object(Symfony\Component\Console\Output\ConsoleOutput))
#28 /var/www/vendor/symfony/console/Application.php(171): Symfony\Component\Console\Application->doRun(Object(Symfony\Component\Console\Input\ArgvInput), Object(Symfony\Component\Console\Output\ConsoleOutput))
#29 /var/www/vendor/laravel/framework/src/Illuminate/Console/Application.php(94): Symfony\Component\Console\Application->run(Object(Symfony\Component\Console\Input\ArgvInput), Object(Symfony\Component\Console\Output\ConsoleOutput))
#30 /var/www/vendor/laravel/framework/src/Illuminate/Foundation/Console/Kernel.php(129): Illuminate\Console\Application->run(Object(Symfony\Component\Console\Input\ArgvInput), Object(Symfony\Component\Console\Output\ConsoleOutput))
#31 /var/www/artisan(35): Illuminate\Foundation\Console\Kernel->handle(Object(Symfony\Component\Console\Input\ArgvInput), Object(Symfony\Component\Console\Output\ConsoleOutput))
#32 {main}
Connection id 648950635.679113029 closed.
Connection id 648950635.679113029 sending message {"event":"log-message","channel":"private-websockets-dashboard-vacated","data":{"type":"vacated","time":"13:38:35","details":"Channel: private-websockets-dashboard-client-message"}}
Connection id 648950635.679113029 sending message {"event":"log-message","channel":"private-websockets-dashboard-vacated","data":{"type":"vacated","time":"13:38:35","details":"Channel: private-websockets-dashboard-connection"}}
Connection id 648950635.679113029 sending message {"event":"log-message","channel":"private-websockets-dashboard-vacated","data":{"type":"vacated","time":"13:38:35","details":"Channel: private-websockets-dashboard-disconnection"}}
simrs: connection id 228043571.634714734 received message: {"event":"pusher:ping","data":{}}.
Connection id 228043571.634714734 sending message {"event":"pusher:pong"}
simrs: connection id 228043571.634714734 received message: {"event":"pusher:ping","data":{}}.
Connection id 228043571.634714734 sending message {"event":"pusher:pong"}
Unhandled promise rejection with TypeError: React\Http\Io\ClientRequestStream::closeError(): Argument #1 ($error) must be of type Exception, Error given, called in /var/www/vendor/react/promise/src/Internal/RejectedPromise.php on line 73 and defined in /var/www/vendor/react/http/src/Io/ClientRequestStream.php:254
Stack trace:
#0 /var/www/vendor/react/promise/src/Internal/RejectedPromise.php(73): React\Http\Io\ClientRequestStream->closeError(Object(Error))
#1 /var/www/vendor/react/promise/src/Promise.php(47): React\Promise\Internal\RejectedPromise->then(Object(Closure), Array)
#2 /var/www/vendor/react/http/src/Io/ClientRequestStream.php(84): React\Promise\Promise->then(Object(Closure), Array)
#3 /var/www/vendor/react/http/src/Io/ClientRequestStream.php(131): React\Http\Io\ClientRequestStream->writeHead()
#4 /var/www/vendor/react/http/src/Io/ClientRequestStream.php(144): React\Http\Io\ClientRequestStream->write('{"app_id":"simr...')
#5 /var/www/vendor/react/http/src/Io/Sender.php(147): React\Http\Io\ClientRequestStream->end('{"app_id":"simr...')
#6 /var/www/vendor/react/http/src/Io/Transaction.php(146): React\Http\Io\Sender->send(Object(React\Http\Message\Request))
#7 /var/www/vendor/react/http/src/Io/Transaction.php(83): React\Http\Io\Transaction->next(Object(React\Http\Message\Request), Object(React\Promise\Deferred), Object(React\Http\Io\ClientRequestState))
#8 /var/www/vendor/react/http/src/Browser.php(854): React\Http\Io\Transaction->send(Object(React\Http\Message\Request))
#9 /var/www/vendor/react/http/src/Browser.php(177): React\Http\Browser->requestMayBeStreaming('POST', 'http://localhos...', Array, Object(GuzzleHttp\Psr7\Stream))
#10 /var/www/vendor/beyondcode/laravel-websockets/src/Statistics/Logger/HttpStatisticsLogger.php(81): React\Http\Browser->post('http://localhos...', Array, Object(GuzzleHttp\Psr7\Stream))
#11 /var/www/vendor/laravel/framework/src/Illuminate/Support/Facades/Facade.php(261): BeyondCode\LaravelWebSockets\Statistics\Logger\HttpStatisticsLogger->save()
#12 /var/www/vendor/beyondcode/laravel-websockets/src/Console/StartWebSocketServer.php(75): Illuminate\Support\Facades\Facade::__callStatic('save', Array)
#13 /var/www/vendor/react/event-loop/src/Timer/Timers.php(102): BeyondCode\LaravelWebSockets\Console\StartWebSocketServer->BeyondCode\LaravelWebSockets\Console\{closure}(Object(React\EventLoop\Timer\Timer))
#14 /var/www/vendor/react/event-loop/src/StreamSelectLoop.php(185): React\EventLoop\Timer\Timers->tick()
#15 /var/www/vendor/cboden/ratchet/src/Ratchet/Server/IoServer.php(74): React\EventLoop\StreamSelectLoop->run()
#16 /var/www/vendor/beyondcode/laravel-websockets/src/Console/StartWebSocketServer.php(155): Ratchet\Server\IoServer->run()
#17 /var/www/vendor/beyondcode/laravel-websockets/src/Console/StartWebSocketServer.php(52): BeyondCode\LaravelWebSockets\Console\StartWebSocketServer->startWebSocketServer()
#18 /var/www/vendor/laravel/framework/src/Illuminate/Container/BoundMethod.php(36): BeyondCode\LaravelWebSockets\Console\StartWebSocketServer->handle()
#19 /var/www/vendor/laravel/framework/src/Illuminate/Container/Util.php(40): Illuminate\Container\BoundMethod::Illuminate\Container\{closure}()
#20 /var/www/vendor/laravel/framework/src/Illuminate/Container/BoundMethod.php(93): Illuminate\Container\Util::unwrapIfClosure(Object(Closure))
#21 /var/www/vendor/laravel/framework/src/Illuminate/Container/BoundMethod.php(35): Illuminate\Container\BoundMethod::callBoundMethod(Object(Illuminate\Foundation\Application), Array, Object(Closure))
#22 /var/www/vendor/laravel/framework/src/Illuminate/Container/Container.php(653): Illuminate\Container\BoundMethod::call(Object(Illuminate\Foundation\Application), Array, Array, NULL)
#23 /var/www/vendor/laravel/framework/src/Illuminate/Console/Command.php(136): Illuminate\Container\Container->call(Array)
#24 /var/www/vendor/symfony/console/Command/Command.php(298): Illuminate\Console\Command->execute(Object(Symfony\Component\Console\Input\ArgvInput), Object(Illuminate\Console\OutputStyle))
#25 /var/www/vendor/laravel/framework/src/Illuminate/Console/Command.php(120): Symfony\Component\Console\Command\Command->run(Object(Symfony\Component\Console\Input\ArgvInput), Object(Illuminate\Console\OutputStyle))
#26 /var/www/vendor/symfony/console/Application.php(1040): Illuminate\Console\Command->run(Object(Symfony\Component\Console\Input\ArgvInput), Object(Symfony\Component\Console\Output\ConsoleOutput))
#27 /var/www/vendor/symfony/console/Application.php(301): Symfony\Component\Console\Application->doRunCommand(Object(BeyondCode\LaravelWebSockets\Console\StartWebSocketServer), Object(Symfony\Component\Console\Input\ArgvInput), Object(Symfony\Component\Console\Output\ConsoleOutput))
#28 /var/www/vendor/symfony/console/Application.php(171): Symfony\Component\Console\Application->doRun(Object(Symfony\Component\Console\Input\ArgvInput), Object(Symfony\Component\Console\Output\ConsoleOutput))
#29 /var/www/vendor/laravel/framework/src/Illuminate/Console/Application.php(94): Symfony\Component\Console\Application->run(Object(Symfony\Component\Console\Input\ArgvInput), Object(Symfony\Component\Console\Output\ConsoleOutput))
#30 /var/www/vendor/laravel/framework/src/Illuminate/Foundation/Console/Kernel.php(129): Illuminate\Console\Application->run(Object(Symfony\Component\Console\Input\ArgvInput), Object(Symfony\Component\Console\Output\ConsoleOutput))
#31 /var/www/artisan(35): Illuminate\Foundation\Console\Kernel->handle(Object(Symfony\Component\Console\Input\ArgvInput), Object(Symfony\Component\Console\Output\ConsoleOutput))
#32 {main}
simrs: connection id 228043571.634714734 received message: {"event":"pusher:ping","data":{}}.
Connection id 228043571.634714734 sending message {"event":"pusher:pong"}
simrs: connection id 228043571.634714734 received message: {"event":"pusher:ping","data":{}}.
Connection id 228043571.634714734 sending message {"event":"pusher:pong"}
Unhandled promise rejection with TypeError: React\Http\Io\ClientRequestStream::closeError(): Argument #1 ($error) must be of type Exception, Error given, called in /var/www/vendor/react/promise/src/Internal/RejectedPromise.php on line 73 and defined in /var/www/vendor/react/http/src/Io/ClientRequestStream.php:254
Stack trace:
#0 /var/www/vendor/react/promise/src/Internal/RejectedPromise.php(73): React\Http\Io\ClientRequestStream->closeError(Object(Error))
#1 /var/www/vendor/react/promise/src/Promise.php(47): React\Promise\Internal\RejectedPromise->then(Object(Closure), Array)
#2 /var/www/vendor/react/http/src/Io/ClientRequestStream.php(84): React\Promise\Promise->then(Object(Closure), Array)
#3 /var/www/vendor/react/http/src/Io/ClientRequestStream.php(131): React\Http\Io\ClientRequestStream->writeHead()
#4 /var/www/vendor/react/http/src/Io/ClientRequestStream.php(144): React\Http\Io\ClientRequestStream->write('{"app_id":"simr...')
#5 /var/www/vendor/react/http/src/Io/Sender.php(147): React\Http\Io\ClientRequestStream->end('{"app_id":"simr...')
#6 /var/www/vendor/react/http/src/Io/Transaction.php(146): React\Http\Io\Sender->send(Object(React\Http\Message\Request))
#7 /var/www/vendor/react/http/src/Io/Transaction.php(83): React\Http\Io\Transaction->next(Object(React\Http\Message\Request), Object(React\Promise\Deferred), Object(React\Http\Io\ClientRequestState))
#8 /var/www/vendor/react/http/src/Browser.php(854): React\Http\Io\Transaction->send(Object(React\Http\Message\Request))
#9 /var/www/vendor/react/http/src/Browser.php(177): React\Http\Browser->requestMayBeStreaming('POST', 'http://localhos...', Array, Object(GuzzleHttp\Psr7\Stream))
#10 /var/www/vendor/beyondcode/laravel-websockets/src/Statistics/Logger/HttpStatisticsLogger.php(81): React\Http\Browser->post('http://localhos...', Array, Object(GuzzleHttp\Psr7\Stream))
#11 /var/www/vendor/laravel/framework/src/Illuminate/Support/Facades/Facade.php(261): BeyondCode\LaravelWebSockets\Statistics\Logger\HttpStatisticsLogger->save()
#12 /var/www/vendor/beyondcode/laravel-websockets/src/Console/StartWebSocketServer.php(75): Illuminate\Support\Facades\Facade::__callStatic('save', Array)
#13 /var/www/vendor/react/event-loop/src/Timer/Timers.php(102): BeyondCode\LaravelWebSockets\Console\StartWebSocketServer->BeyondCode\LaravelWebSockets\Console\{closure}(Object(React\EventLoop\Timer\Timer))
#14 /var/www/vendor/react/event-loop/src/StreamSelectLoop.php(185): React\EventLoop\Timer\Timers->tick()
#15 /var/www/vendor/cboden/ratchet/src/Ratchet/Server/IoServer.php(74): React\EventLoop\StreamSelectLoop->run()
#16 /var/www/vendor/beyondcode/laravel-websockets/src/Console/StartWebSocketServer.php(155): Ratchet\Server\IoServer->run()
#17 /var/www/vendor/beyondcode/laravel-websockets/src/Console/StartWebSocketServer.php(52): BeyondCode\LaravelWebSockets\Console\StartWebSocketServer->startWebSocketServer()
#18 /var/www/vendor/laravel/framework/src/Illuminate/Container/BoundMethod.php(36): BeyondCode\LaravelWebSockets\Console\StartWebSocketServer->handle()
#19 /var/www/vendor/laravel/framework/src/Illuminate/Container/Util.php(40): Illuminate\Container\BoundMethod::Illuminate\Container\{closure}()
#20 /var/www/vendor/laravel/framework/src/Illuminate/Container/BoundMethod.php(93): Illuminate\Container\Util::unwrapIfClosure(Object(Closure))
#21 /var/www/vendor/laravel/framework/src/Illuminate/Container/BoundMethod.php(35): Illuminate\Container\BoundMethod::callBoundMethod(Object(Illuminate\Foundation\Application), Array, Object(Closure))
#22 /var/www/vendor/laravel/framework/src/Illuminate/Container/Container.php(653): Illuminate\Container\BoundMethod::call(Object(Illuminate\Foundation\Application), Array, Array, NULL)
#23 /var/www/vendor/laravel/framework/src/Illuminate/Console/Command.php(136): Illuminate\Container\Container->call(Array)
#24 /var/www/vendor/symfony/console/Command/Command.php(298): Illuminate\Console\Command->execute(Object(Symfony\Component\Console\Input\ArgvInput), Object(Illuminate\Console\OutputStyle))
#25 /var/www/vendor/laravel/framework/src/Illuminate/Console/Command.php(120): Symfony\Component\Console\Command\Command->run(Object(Symfony\Component\Console\Input\ArgvInput), Object(Illuminate\Console\OutputStyle))
#26 /var/www/vendor/symfony/console/Application.php(1040): Illuminate\Console\Command->run(Object(Symfony\Component\Console\Input\ArgvInput), Object(Symfony\Component\Console\Output\ConsoleOutput))
#27 /var/www/vendor/symfony/console/Application.php(301): Symfony\Component\Console\Application->doRunCommand(Object(BeyondCode\LaravelWebSockets\Console\StartWebSocketServer), Object(Symfony\Component\Console\Input\ArgvInput), Object(Symfony\Component\Console\Output\ConsoleOutput))
#28 /var/www/vendor/symfony/console/Application.php(171): Symfony\Component\Console\Application->doRun(Object(Symfony\Component\Console\Input\ArgvInput), Object(Symfony\Component\Console\Output\ConsoleOutput))
#29 /var/www/vendor/laravel/framework/src/Illuminate/Console/Application.php(94): Symfony\Component\Console\Application->run(Object(Symfony\Component\Console\Input\ArgvInput), Object(Symfony\Component\Console\Output\ConsoleOutput))
#30 /var/www/vendor/laravel/framework/src/Illuminate/Foundation/Console/Kernel.php(129): Illuminate\Console\Application->run(Object(Symfony\Component\Console\Input\ArgvInput), Object(Symfony\Component\Console\Output\ConsoleOutput))
#31 /var/www/artisan(35): Illuminate\Foundation\Console\Kernel->handle(Object(Symfony\Component\Console\Input\ArgvInput), Object(Symfony\Component\Console\Output\ConsoleOutput))
#32 {main}
simrs: connection id 228043571.634714734 received message: {"event":"pusher:ping","data":{}}.
Connection id 228043571.634714734 sending message {"event":"pusher:pong"}
simrs: connection id 228043571.634714734 received message: {"event":"pusher:ping","data":{}}.
Connection id 228043571.634714734 sending message {"event":"pusher:pong"}
Unhandled promise rejection with TypeError: React\Http\Io\ClientRequestStream::closeError(): Argument #1 ($error) must be of type Exception, Error given, called in /var/www/vendor/react/promise/src/Internal/RejectedPromise.php on line 73 and defined in /var/www/vendor/react/http/src/Io/ClientRequestStream.php:254
Stack trace:
#0 /var/www/vendor/react/promise/src/Internal/RejectedPromise.php(73): React\Http\Io\ClientRequestStream->closeError(Object(Error))
#1 /var/www/vendor/react/promise/src/Promise.php(47): React\Promise\Internal\RejectedPromise->then(Object(Closure), Array)
#2 /var/www/vendor/react/http/src/Io/ClientRequestStream.php(84): React\Promise\Promise->then(Object(Closure), Array)
#3 /var/www/vendor/react/http/src/Io/ClientRequestStream.php(131): React\Http\Io\ClientRequestStream->writeHead()
#4 /var/www/vendor/react/http/src/Io/ClientRequestStream.php(144): React\Http\Io\ClientRequestStream->write('{"app_id":"simr...')
#5 /var/www/vendor/react/http/src/Io/Sender.php(147): React\Http\Io\ClientRequestStream->end('{"app_id":"simr...')
#6 /var/www/vendor/react/http/src/Io/Transaction.php(146): React\Http\Io\Sender->send(Object(React\Http\Message\Request))
#7 /var/www/vendor/react/http/src/Io/Transaction.php(83): React\Http\Io\Transaction->next(Object(React\Http\Message\Request), Object(React\Promise\Deferred), Object(React\Http\Io\ClientRequestState))
#8 /var/www/vendor/react/http/src/Browser.php(854): React\Http\Io\Transaction->send(Object(React\Http\Message\Request))
#9 /var/www/vendor/react/http/src/Browser.php(177): React\Http\Browser->requestMayBeStreaming('POST', 'http://localhos...', Array, Object(GuzzleHttp\Psr7\Stream))
#10 /var/www/vendor/beyondcode/laravel-websockets/src/Statistics/Logger/HttpStatisticsLogger.php(81): React\Http\Browser->post('http://localhos...', Array, Object(GuzzleHttp\Psr7\Stream))
#11 /var/www/vendor/laravel/framework/src/Illuminate/Support/Facades/Facade.php(261): BeyondCode\LaravelWebSockets\Statistics\Logger\HttpStatisticsLogger->save()
#12 /var/www/vendor/beyondcode/laravel-websockets/src/Console/StartWebSocketServer.php(75): Illuminate\Support\Facades\Facade::__callStatic('save', Array)
#13 /var/www/vendor/react/event-loop/src/Timer/Timers.php(102): BeyondCode\LaravelWebSockets\Console\StartWebSocketServer->BeyondCode\LaravelWebSockets\Console\{closure}(Object(React\EventLoop\Timer\Timer))
#14 /var/www/vendor/react/event-loop/src/StreamSelectLoop.php(185): React\EventLoop\Timer\Timers->tick()
#15 /var/www/vendor/cboden/ratchet/src/Ratchet/Server/IoServer.php(74): React\EventLoop\StreamSelectLoop->run()
#16 /var/www/vendor/beyondcode/laravel-websockets/src/Console/StartWebSocketServer.php(155): Ratchet\Server\IoServer->run()
#17 /var/www/vendor/beyondcode/laravel-websockets/src/Console/StartWebSocketServer.php(52): BeyondCode\LaravelWebSockets\Console\StartWebSocketServer->startWebSocketServer()
#18 /var/www/vendor/laravel/framework/src/Illuminate/Container/BoundMethod.php(36): BeyondCode\LaravelWebSockets\Console\StartWebSocketServer->handle()
#19 /var/www/vendor/laravel/framework/src/Illuminate/Container/Util.php(40): Illuminate\Container\BoundMethod::Illuminate\Container\{closure}()
#20 /var/www/vendor/laravel/framework/src/Illuminate/Container/BoundMethod.php(93): Illuminate\Container\Util::unwrapIfClosure(Object(Closure))
#21 /var/www/vendor/laravel/framework/src/Illuminate/Container/BoundMethod.php(35): Illuminate\Container\BoundMethod::callBoundMethod(Object(Illuminate\Foundation\Application), Array, Object(Closure))
#22 /var/www/vendor/laravel/framework/src/Illuminate/Container/Container.php(653): Illuminate\Container\BoundMethod::call(Object(Illuminate\Foundation\Application), Array, Array, NULL)
#23 /var/www/vendor/laravel/framework/src/Illuminate/Console/Command.php(136): Illuminate\Container\Container->call(Array)
#24 /var/www/vendor/symfony/console/Command/Command.php(298): Illuminate\Console\Command->execute(Object(Symfony\Component\Console\Input\ArgvInput), Object(Illuminate\Console\OutputStyle))
#25 /var/www/vendor/laravel/framework/src/Illuminate/Console/Command.php(120): Symfony\Component\Console\Command\Command->run(Object(Symfony\Component\Console\Input\ArgvInput), Object(Illuminate\Console\OutputStyle))
#26 /var/www/vendor/symfony/console/Application.php(1040): Illuminate\Console\Command->run(Object(Symfony\Component\Console\Input\ArgvInput), Object(Symfony\Component\Console\Output\ConsoleOutput))
#27 /var/www/vendor/symfony/console/Application.php(301): Symfony\Component\Console\Application->doRunCommand(Object(BeyondCode\LaravelWebSockets\Console\StartWebSocketServer), Object(Symfony\Component\Console\Input\ArgvInput), Object(Symfony\Component\Console\Output\ConsoleOutput))
#28 /var/www/vendor/symfony/console/Application.php(171): Symfony\Component\Console\Application->doRun(Object(Symfony\Component\Console\Input\ArgvInput), Object(Symfony\Component\Console\Output\ConsoleOutput))
#29 /var/www/vendor/laravel/framework/src/Illuminate/Console/Application.php(94): Symfony\Component\Console\Application->run(Object(Symfony\Component\Console\Input\ArgvInput), Object(Symfony\Component\Console\Output\ConsoleOutput))
#30 /var/www/vendor/laravel/framework/src/Illuminate/Foundation/Console/Kernel.php(129): Illuminate\Console\Application->run(Object(Symfony\Component\Console\Input\ArgvInput), Object(Symfony\Component\Console\Output\ConsoleOutput))
#31 /var/www/artisan(35): Illuminate\Foundation\Console\Kernel->handle(Object(Symfony\Component\Console\Input\ArgvInput), Object(Symfony\Component\Console\Output\ConsoleOutput))
#32 {main}
simrs: connection id 228043571.634714734 received message: {"event":"pusher:ping","data":{}}.
Connection id 228043571.634714734 sending message {"event":"pusher:pong"}
simrs: connection id 228043571.634714734 received message: {"event":"pusher:ping","data":{}}.
Connection id 228043571.634714734 sending message {"event":"pusher:pong"}
Unhandled promise rejection with TypeError: React\Http\Io\ClientRequestStream::closeError(): Argument #1 ($error) must be of type Exception, Error given, called in /var/www/vendor/react/promise/src/Internal/RejectedPromise.php on line 73 and defined in /var/www/vendor/react/http/src/Io/ClientRequestStream.php:254
Stack trace:
#0 /var/www/vendor/react/promise/src/Internal/RejectedPromise.php(73): React\Http\Io\ClientRequestStream->closeError(Object(Error))
#1 /var/www/vendor/react/promise/src/Promise.php(47): React\Promise\Internal\RejectedPromise->then(Object(Closure), Array)
#2 /var/www/vendor/react/http/src/Io/ClientRequestStream.php(84): React\Promise\Promise->then(Object(Closure), Array)
#3 /var/www/vendor/react/http/src/Io/ClientRequestStream.php(131): React\Http\Io\ClientRequestStream->writeHead()
#4 /var/www/vendor/react/http/src/Io/ClientRequestStream.php(144): React\Http\Io\ClientRequestStream->write('{"app_id":"simr...')
#5 /var/www/vendor/react/http/src/Io/Sender.php(147): React\Http\Io\ClientRequestStream->end('{"app_id":"simr...')
#6 /var/www/vendor/react/http/src/Io/Transaction.php(146): React\Http\Io\Sender->send(Object(React\Http\Message\Request))
#7 /var/www/vendor/react/http/src/Io/Transaction.php(83): React\Http\Io\Transaction->next(Object(React\Http\Message\Request), Object(React\Promise\Deferred), Object(React\Http\Io\ClientRequestState))
#8 /var/www/vendor/react/http/src/Browser.php(854): React\Http\Io\Transaction->send(Object(React\Http\Message\Request))
#9 /var/www/vendor/react/http/src/Browser.php(177): React\Http\Browser->requestMayBeStreaming('POST', 'http://localhos...', Array, Object(GuzzleHttp\Psr7\Stream))
#10 /var/www/vendor/beyondcode/laravel-websockets/src/Statistics/Logger/HttpStatisticsLogger.php(81): React\Http\Browser->post('http://localhos...', Array, Object(GuzzleHttp\Psr7\Stream))
#11 /var/www/vendor/laravel/framework/src/Illuminate/Support/Facades/Facade.php(261): BeyondCode\LaravelWebSockets\Statistics\Logger\HttpStatisticsLogger->save()
#12 /var/www/vendor/beyondcode/laravel-websockets/src/Console/StartWebSocketServer.php(75): Illuminate\Support\Facades\Facade::__callStatic('save', Array)
#13 /var/www/vendor/react/event-loop/src/Timer/Timers.php(102): BeyondCode\LaravelWebSockets\Console\StartWebSocketServer->BeyondCode\LaravelWebSockets\Console\{closure}(Object(React\EventLoop\Timer\Timer))
#14 /var/www/vendor/react/event-loop/src/StreamSelectLoop.php(185): React\EventLoop\Timer\Timers->tick()
#15 /var/www/vendor/cboden/ratchet/src/Ratchet/Server/IoServer.php(74): React\EventLoop\StreamSelectLoop->run()
#16 /var/www/vendor/beyondcode/laravel-websockets/src/Console/StartWebSocketServer.php(155): Ratchet\Server\IoServer->run()
#17 /var/www/vendor/beyondcode/laravel-websockets/src/Console/StartWebSocketServer.php(52): BeyondCode\LaravelWebSockets\Console\StartWebSocketServer->startWebSocketServer()
#18 /var/www/vendor/laravel/framework/src/Illuminate/Container/BoundMethod.php(36): BeyondCode\LaravelWebSockets\Console\StartWebSocketServer->handle()
#19 /var/www/vendor/laravel/framework/src/Illuminate/Container/Util.php(40): Illuminate\Container\BoundMethod::Illuminate\Container\{closure}()
#20 /var/www/vendor/laravel/framework/src/Illuminate/Container/BoundMethod.php(93): Illuminate\Container\Util::unwrapIfClosure(Object(Closure))
#21 /var/www/vendor/laravel/framework/src/Illuminate/Container/BoundMethod.php(35): Illuminate\Container\BoundMethod::callBoundMethod(Object(Illuminate\Foundation\Application), Array, Object(Closure))
#22 /var/www/vendor/laravel/framework/src/Illuminate/Container/Container.php(653): Illuminate\Container\BoundMethod::call(Object(Illuminate\Foundation\Application), Array, Array, NULL)
#23 /var/www/vendor/laravel/framework/src/Illuminate/Console/Command.php(136): Illuminate\Container\Container->call(Array)
#24 /var/www/vendor/symfony/console/Command/Command.php(298): Illuminate\Console\Command->execute(Object(Symfony\Component\Console\Input\ArgvInput), Object(Illuminate\Console\OutputStyle))
#25 /var/www/vendor/laravel/framework/src/Illuminate/Console/Command.php(120): Symfony\Component\Console\Command\Command->run(Object(Symfony\Component\Console\Input\ArgvInput), Object(Illuminate\Console\OutputStyle))
#26 /var/www/vendor/symfony/console/Application.php(1040): Illuminate\Console\Command->run(Object(Symfony\Component\Console\Input\ArgvInput), Object(Symfony\Component\Console\Output\ConsoleOutput))
#27 /var/www/vendor/symfony/console/Application.php(301): Symfony\Component\Console\Application->doRunCommand(Object(BeyondCode\LaravelWebSockets\Console\StartWebSocketServer), Object(Symfony\Component\Console\Input\ArgvInput), Object(Symfony\Component\Console\Output\ConsoleOutput))
#28 /var/www/vendor/symfony/console/Application.php(171): Symfony\Component\Console\Application->doRun(Object(Symfony\Component\Console\Input\ArgvInput), Object(Symfony\Component\Console\Output\ConsoleOutput))
#29 /var/www/vendor/laravel/framework/src/Illuminate/Console/Application.php(94): Symfony\Component\Console\Application->run(Object(Symfony\Component\Console\Input\ArgvInput), Object(Symfony\Component\Console\Output\ConsoleOutput))
#30 /var/www/vendor/laravel/framework/src/Illuminate/Foundation/Console/Kernel.php(129): Illuminate\Console\Application->run(Object(Symfony\Component\Console\Input\ArgvInput), Object(Symfony\Component\Console\Output\ConsoleOutput))
#31 /var/www/artisan(35): Illuminate\Foundation\Console\Kernel->handle(Object(Symfony\Component\Console\Input\ArgvInput), Object(Symfony\Component\Console\Output\ConsoleOutput))
#32 {main}
simrs: connection id 228043571.634714734 received message: {"event":"pusher:ping","data":{}}.
Connection id 228043571.634714734 sending message {"event":"pusher:pong"}
simrs: connection id 228043571.634714734 received message: {"event":"pusher:ping","data":{}}.
Connection id 228043571.634714734 sending message {"event":"pusher:pong"}
Unhandled promise rejection with TypeError: React\Http\Io\ClientRequestStream::closeError(): Argument #1 ($error) must be of type Exception, Error given, called in /var/www/vendor/react/promise/src/Internal/RejectedPromise.php on line 73 and defined in /var/www/vendor/react/http/src/Io/ClientRequestStream.php:254
Stack trace:
#0 /var/www/vendor/react/promise/src/Internal/RejectedPromise.php(73): React\Http\Io\ClientRequestStream->closeError(Object(Error))
#1 /var/www/vendor/react/promise/src/Promise.php(47): React\Promise\Internal\RejectedPromise->then(Object(Closure), Array)
#2 /var/www/vendor/react/http/src/Io/ClientRequestStream.php(84): React\Promise\Promise->then(Object(Closure), Array)
#3 /var/www/vendor/react/http/src/Io/ClientRequestStream.php(131): React\Http\Io\ClientRequestStream->writeHead()
#4 /var/www/vendor/react/http/src/Io/ClientRequestStream.php(144): React\Http\Io\ClientRequestStream->write('{"app_id":"simr...')
#5 /var/www/vendor/react/http/src/Io/Sender.php(147): React\Http\Io\ClientRequestStream->end('{"app_id":"simr...')
#6 /var/www/vendor/react/http/src/Io/Transaction.php(146): React\Http\Io\Sender->send(Object(React\Http\Message\Request))
#7 /var/www/vendor/react/http/src/Io/Transaction.php(83): React\Http\Io\Transaction->next(Object(React\Http\Message\Request), Object(React\Promise\Deferred), Object(React\Http\Io\ClientRequestState))
#8 /var/www/vendor/react/http/src/Browser.php(854): React\Http\Io\Transaction->send(Object(React\Http\Message\Request))
#9 /var/www/vendor/react/http/src/Browser.php(177): React\Http\Browser->requestMayBeStreaming('POST', 'http://localhos...', Array, Object(GuzzleHttp\Psr7\Stream))
#10 /var/www/vendor/beyondcode/laravel-websockets/src/Statistics/Logger/HttpStatisticsLogger.php(81): React\Http\Browser->post('http://localhos...', Array, Object(GuzzleHttp\Psr7\Stream))
#11 /var/www/vendor/laravel/framework/src/Illuminate/Support/Facades/Facade.php(261): BeyondCode\LaravelWebSockets\Statistics\Logger\HttpStatisticsLogger->save()
#12 /var/www/vendor/beyondcode/laravel-websockets/src/Console/StartWebSocketServer.php(75): Illuminate\Support\Facades\Facade::__callStatic('save', Array)
#13 /var/www/vendor/react/event-loop/src/Timer/Timers.php(102): BeyondCode\LaravelWebSockets\Console\StartWebSocketServer->BeyondCode\LaravelWebSockets\Console\{closure}(Object(React\EventLoop\Timer\Timer))
#14 /var/www/vendor/react/event-loop/src/StreamSelectLoop.php(185): React\EventLoop\Timer\Timers->tick()
#15 /var/www/vendor/cboden/ratchet/src/Ratchet/Server/IoServer.php(74): React\EventLoop\StreamSelectLoop->run()
#16 /var/www/vendor/beyondcode/laravel-websockets/src/Console/StartWebSocketServer.php(155): Ratchet\Server\IoServer->run()
#17 /var/www/vendor/beyondcode/laravel-websockets/src/Console/StartWebSocketServer.php(52): BeyondCode\LaravelWebSockets\Console\StartWebSocketServer->startWebSocketServer()
#18 /var/www/vendor/laravel/framework/src/Illuminate/Container/BoundMethod.php(36): BeyondCode\LaravelWebSockets\Console\StartWebSocketServer->handle()
#19 /var/www/vendor/laravel/framework/src/Illuminate/Container/Util.php(40): Illuminate\Container\BoundMethod::Illuminate\Container\{closure}()
#20 /var/www/vendor/laravel/framework/src/Illuminate/Container/BoundMethod.php(93): Illuminate\Container\Util::unwrapIfClosure(Object(Closure))
#21 /var/www/vendor/laravel/framework/src/Illuminate/Container/BoundMethod.php(35): Illuminate\Container\BoundMethod::callBoundMethod(Object(Illuminate\Foundation\Application), Array, Object(Closure))
#22 /var/www/vendor/laravel/framework/src/Illuminate/Container/Container.php(653): Illuminate\Container\BoundMethod::call(Object(Illuminate\Foundation\Application), Array, Array, NULL)
#23 /var/www/vendor/laravel/framework/src/Illuminate/Console/Command.php(136): Illuminate\Container\Container->call(Array)
#24 /var/www/vendor/symfony/console/Command/Command.php(298): Illuminate\Console\Command->execute(Object(Symfony\Component\Console\Input\ArgvInput), Object(Illuminate\Console\OutputStyle))
#25 /var/www/vendor/laravel/framework/src/Illuminate/Console/Command.php(120): Symfony\Component\Console\Command\Command->run(Object(Symfony\Component\Console\Input\ArgvInput), Object(Illuminate\Console\OutputStyle))
#26 /var/www/vendor/symfony/console/Application.php(1040): Illuminate\Console\Command->run(Object(Symfony\Component\Console\Input\ArgvInput), Object(Symfony\Component\Console\Output\ConsoleOutput))
#27 /var/www/vendor/symfony/console/Application.php(301): Symfony\Component\Console\Application->doRunCommand(Object(BeyondCode\LaravelWebSockets\Console\StartWebSocketServer), Object(Symfony\Component\Console\Input\ArgvInput), Object(Symfony\Component\Console\Output\ConsoleOutput))
#28 /var/www/vendor/symfony/console/Application.php(171): Symfony\Component\Console\Application->doRun(Object(Symfony\Component\Console\Input\ArgvInput), Object(Symfony\Component\Console\Output\ConsoleOutput))
#29 /var/www/vendor/laravel/framework/src/Illuminate/Console/Application.php(94): Symfony\Component\Console\Application->run(Object(Symfony\Component\Console\Input\ArgvInput), Object(Symfony\Component\Console\Output\ConsoleOutput))
#30 /var/www/vendor/laravel/framework/src/Illuminate/Foundation/Console/Kernel.php(129): Illuminate\Console\Application->run(Object(Symfony\Component\Console\Input\ArgvInput), Object(Symfony\Component\Console\Output\ConsoleOutput))
#31 /var/www/artisan(35): Illuminate\Foundation\Console\Kernel->handle(Object(Symfony\Component\Console\Input\ArgvInput), Object(Symfony\Component\Console\Output\ConsoleOutput))
#32 {main}
simrs: connection id 228043571.634714734 received message: {"event":"pusher:ping","data":{}}.
Connection id 228043571.634714734 sending message {"event":"pusher:pong"}
simrs: connection id 228043571.634714734 received message: {"event":"pusher:ping","data":{}}.
Connection id 228043571.634714734 sending message {"event":"pusher:pong"}
Unhandled promise rejection with TypeError: React\Http\Io\ClientRequestStream::closeError(): Argument #1 ($error) must be of type Exception, Error given, called in /var/www/vendor/react/promise/src/Internal/RejectedPromise.php on line 73 and defined in /var/www/vendor/react/http/src/Io/ClientRequestStream.php:254
Stack trace:
#0 /var/www/vendor/react/promise/src/Internal/RejectedPromise.php(73): React\Http\Io\ClientRequestStream->closeError(Object(Error))
#1 /var/www/vendor/react/promise/src/Promise.php(47): React\Promise\Internal\RejectedPromise->then(Object(Closure), Array)
#2 /var/www/vendor/react/http/src/Io/ClientRequestStream.php(84): React\Promise\Promise->then(Object(Closure), Array)
#3 /var/www/vendor/react/http/src/Io/ClientRequestStream.php(131): React\Http\Io\ClientRequestStream->writeHead()
#4 /var/www/vendor/react/http/src/Io/ClientRequestStream.php(144): React\Http\Io\ClientRequestStream->write('{"app_id":"simr...')
#5 /var/www/vendor/react/http/src/Io/Sender.php(147): React\Http\Io\ClientRequestStream->end('{"app_id":"simr...')
#6 /var/www/vendor/react/http/src/Io/Transaction.php(146): React\Http\Io\Sender->send(Object(React\Http\Message\Request))
#7 /var/www/vendor/react/http/src/Io/Transaction.php(83): React\Http\Io\Transaction->next(Object(React\Http\Message\Request), Object(React\Promise\Deferred), Object(React\Http\Io\ClientRequestState))
#8 /var/www/vendor/react/http/src/Browser.php(854): React\Http\Io\Transaction->send(Object(React\Http\Message\Request))
#9 /var/www/vendor/react/http/src/Browser.php(177): React\Http\Browser->requestMayBeStreaming('POST', 'http://localhos...', Array, Object(GuzzleHttp\Psr7\Stream))
#10 /var/www/vendor/beyondcode/laravel-websockets/src/Statistics/Logger/HttpStatisticsLogger.php(81): React\Http\Browser->post('http://localhos...', Array, Object(GuzzleHttp\Psr7\Stream))
#11 /var/www/vendor/laravel/framework/src/Illuminate/Support/Facades/Facade.php(261): BeyondCode\LaravelWebSockets\Statistics\Logger\HttpStatisticsLogger->save()
#12 /var/www/vendor/beyondcode/laravel-websockets/src/Console/StartWebSocketServer.php(75): Illuminate\Support\Facades\Facade::__callStatic('save', Array)
#13 /var/www/vendor/react/event-loop/src/Timer/Timers.php(102): BeyondCode\LaravelWebSockets\Console\StartWebSocketServer->BeyondCode\LaravelWebSockets\Console\{closure}(Object(React\EventLoop\Timer\Timer))
#14 /var/www/vendor/react/event-loop/src/StreamSelectLoop.php(185): React\EventLoop\Timer\Timers->tick()
#15 /var/www/vendor/cboden/ratchet/src/Ratchet/Server/IoServer.php(74): React\EventLoop\StreamSelectLoop->run()
#16 /var/www/vendor/beyondcode/laravel-websockets/src/Console/StartWebSocketServer.php(155): Ratchet\Server\IoServer->run()
#17 /var/www/vendor/beyondcode/laravel-websockets/src/Console/StartWebSocketServer.php(52): BeyondCode\LaravelWebSockets\Console\StartWebSocketServer->startWebSocketServer()
#18 /var/www/vendor/laravel/framework/src/Illuminate/Container/BoundMethod.php(36): BeyondCode\LaravelWebSockets\Console\StartWebSocketServer->handle()
#19 /var/www/vendor/laravel/framework/src/Illuminate/Container/Util.php(40): Illuminate\Container\BoundMethod::Illuminate\Container\{closure}()
#20 /var/www/vendor/laravel/framework/src/Illuminate/Container/BoundMethod.php(93): Illuminate\Container\Util::unwrapIfClosure(Object(Closure))
#21 /var/www/vendor/laravel/framework/src/Illuminate/Container/BoundMethod.php(35): Illuminate\Container\BoundMethod::callBoundMethod(Object(Illuminate\Foundation\Application), Array, Object(Closure))
#22 /var/www/vendor/laravel/framework/src/Illuminate/Container/Container.php(653): Illuminate\Container\BoundMethod::call(Object(Illuminate\Foundation\Application), Array, Array, NULL)
#23 /var/www/vendor/laravel/framework/src/Illuminate/Console/Command.php(136): Illuminate\Container\Container->call(Array)
#24 /var/www/vendor/symfony/console/Command/Command.php(298): Illuminate\Console\Command->execute(Object(Symfony\Component\Console\Input\ArgvInput), Object(Illuminate\Console\OutputStyle))
#25 /var/www/vendor/laravel/framework/src/Illuminate/Console/Command.php(120): Symfony\Component\Console\Command\Command->run(Object(Symfony\Component\Console\Input\ArgvInput), Object(Illuminate\Console\OutputStyle))
#26 /var/www/vendor/symfony/console/Application.php(1040): Illuminate\Console\Command->run(Object(Symfony\Component\Console\Input\ArgvInput), Object(Symfony\Component\Console\Output\ConsoleOutput))
#27 /var/www/vendor/symfony/console/Application.php(301): Symfony\Component\Console\Application->doRunCommand(Object(BeyondCode\LaravelWebSockets\Console\StartWebSocketServer), Object(Symfony\Component\Console\Input\ArgvInput), Object(Symfony\Component\Console\Output\ConsoleOutput))
#28 /var/www/vendor/symfony/console/Application.php(171): Symfony\Component\Console\Application->doRun(Object(Symfony\Component\Console\Input\ArgvInput), Object(Symfony\Component\Console\Output\ConsoleOutput))
#29 /var/www/vendor/laravel/framework/src/Illuminate/Console/Application.php(94): Symfony\Component\Console\Application->run(Object(Symfony\Component\Console\Input\ArgvInput), Object(Symfony\Component\Console\Output\ConsoleOutput))
#30 /var/www/vendor/laravel/framework/src/Illuminate/Foundation/Console/Kernel.php(129): Illuminate\Console\Application->run(Object(Symfony\Component\Console\Input\ArgvInput), Object(Symfony\Component\Console\Output\ConsoleOutput))
#31 /var/www/artisan(35): Illuminate\Foundation\Console\Kernel->handle(Object(Symfony\Component\Console\Input\ArgvInput), Object(Symfony\Component\Console\Output\ConsoleOutput))
#32 {main}
simrs: connection id 228043571.634714734 received message: {"event":"pusher:ping","data":{}}.
Connection id 228043571.634714734 sending message {"event":"pusher:pong"}
simrs: connection id 228043571.634714734 received message: {"event":"pusher:ping","data":{}}.
Connection id 228043571.634714734 sending message {"event":"pusher:pong"}
Unhandled promise rejection with TypeError: React\Http\Io\ClientRequestStream::closeError(): Argument #1 ($error) must be of type Exception, Error given, called in /var/www/vendor/react/promise/src/Internal/RejectedPromise.php on line 73 and defined in /var/www/vendor/react/http/src/Io/ClientRequestStream.php:254
Stack trace:
#0 /var/www/vendor/react/promise/src/Internal/RejectedPromise.php(73): React\Http\Io\ClientRequestStream->closeError(Object(Error))
#1 /var/www/vendor/react/promise/src/Promise.php(47): React\Promise\Internal\RejectedPromise->then(Object(Closure), Array)
#2 /var/www/vendor/react/http/src/Io/ClientRequestStream.php(84): React\Promise\Promise->then(Object(Closure), Array)
#3 /var/www/vendor/react/http/src/Io/ClientRequestStream.php(131): React\Http\Io\ClientRequestStream->writeHead()
#4 /var/www/vendor/react/http/src/Io/ClientRequestStream.php(144): React\Http\Io\ClientRequestStream->write('{"app_id":"simr...')
#5 /var/www/vendor/react/http/src/Io/Sender.php(147): React\Http\Io\ClientRequestStream->end('{"app_id":"simr...')
#6 /var/www/vendor/react/http/src/Io/Transaction.php(146): React\Http\Io\Sender->send(Object(React\Http\Message\Request))
#7 /var/www/vendor/react/http/src/Io/Transaction.php(83): React\Http\Io\Transaction->next(Object(React\Http\Message\Request), Object(React\Promise\Deferred), Object(React\Http\Io\ClientRequestState))
#8 /var/www/vendor/react/http/src/Browser.php(854): React\Http\Io\Transaction->send(Object(React\Http\Message\Request))
#9 /var/www/vendor/react/http/src/Browser.php(177): React\Http\Browser->requestMayBeStreaming('POST', 'http://localhos...', Array, Object(GuzzleHttp\Psr7\Stream))
#10 /var/www/vendor/beyondcode/laravel-websockets/src/Statistics/Logger/HttpStatisticsLogger.php(81): React\Http\Browser->post('http://localhos...', Array, Object(GuzzleHttp\Psr7\Stream))
#11 /var/www/vendor/laravel/framework/src/Illuminate/Support/Facades/Facade.php(261): BeyondCode\LaravelWebSockets\Statistics\Logger\HttpStatisticsLogger->save()
#12 /var/www/vendor/beyondcode/laravel-websockets/src/Console/StartWebSocketServer.php(75): Illuminate\Support\Facades\Facade::__callStatic('save', Array)
#13 /var/www/vendor/react/event-loop/src/Timer/Timers.php(102): BeyondCode\LaravelWebSockets\Console\StartWebSocketServer->BeyondCode\LaravelWebSockets\Console\{closure}(Object(React\EventLoop\Timer\Timer))
#14 /var/www/vendor/react/event-loop/src/StreamSelectLoop.php(185): React\EventLoop\Timer\Timers->tick()
#15 /var/www/vendor/cboden/ratchet/src/Ratchet/Server/IoServer.php(74): React\EventLoop\StreamSelectLoop->run()
#16 /var/www/vendor/beyondcode/laravel-websockets/src/Console/StartWebSocketServer.php(155): Ratchet\Server\IoServer->run()
#17 /var/www/vendor/beyondcode/laravel-websockets/src/Console/StartWebSocketServer.php(52): BeyondCode\LaravelWebSockets\Console\StartWebSocketServer->startWebSocketServer()
#18 /var/www/vendor/laravel/framework/src/Illuminate/Container/BoundMethod.php(36): BeyondCode\LaravelWebSockets\Console\StartWebSocketServer->handle()
#19 /var/www/vendor/laravel/framework/src/Illuminate/Container/Util.php(40): Illuminate\Container\BoundMethod::Illuminate\Container\{closure}()
#20 /var/www/vendor/laravel/framework/src/Illuminate/Container/BoundMethod.php(93): Illuminate\Container\Util::unwrapIfClosure(Object(Closure))
#21 /var/www/vendor/laravel/framework/src/Illuminate/Container/BoundMethod.php(35): Illuminate\Container\BoundMethod::callBoundMethod(Object(Illuminate\Foundation\Application), Array, Object(Closure))
#22 /var/www/vendor/laravel/framework/src/Illuminate/Container/Container.php(653): Illuminate\Container\BoundMethod::call(Object(Illuminate\Foundation\Application), Array, Array, NULL)
#23 /var/www/vendor/laravel/framework/src/Illuminate/Console/Command.php(136): Illuminate\Container\Container->call(Array)
#24 /var/www/vendor/symfony/console/Command/Command.php(298): Illuminate\Console\Command->execute(Object(Symfony\Component\Console\Input\ArgvInput), Object(Illuminate\Console\OutputStyle))
#25 /var/www/vendor/laravel/framework/src/Illuminate/Console/Command.php(120): Symfony\Component\Console\Command\Command->run(Object(Symfony\Component\Console\Input\ArgvInput), Object(Illuminate\Console\OutputStyle))
#26 /var/www/vendor/symfony/console/Application.php(1040): Illuminate\Console\Command->run(Object(Symfony\Component\Console\Input\ArgvInput), Object(Symfony\Component\Console\Output\ConsoleOutput))
#27 /var/www/vendor/symfony/console/Application.php(301): Symfony\Component\Console\Application->doRunCommand(Object(BeyondCode\LaravelWebSockets\Console\StartWebSocketServer), Object(Symfony\Component\Console\Input\ArgvInput), Object(Symfony\Component\Console\Output\ConsoleOutput))
#28 /var/www/vendor/symfony/console/Application.php(171): Symfony\Component\Console\Application->doRun(Object(Symfony\Component\Console\Input\ArgvInput), Object(Symfony\Component\Console\Output\ConsoleOutput))
#29 /var/www/vendor/laravel/framework/src/Illuminate/Console/Application.php(94): Symfony\Component\Console\Application->run(Object(Symfony\Component\Console\Input\ArgvInput), Object(Symfony\Component\Console\Output\ConsoleOutput))
#30 /var/www/vendor/laravel/framework/src/Illuminate/Foundation/Console/Kernel.php(129): Illuminate\Console\Application->run(Object(Symfony\Component\Console\Input\ArgvInput), Object(Symfony\Component\Console\Output\ConsoleOutput))
#31 /var/www/artisan(35): Illuminate\Foundation\Console\Kernel->handle(Object(Symfony\Component\Console\Input\ArgvInput), Object(Symfony\Component\Console\Output\ConsoleOutput))
#32 {main}
simrs: connection id 228043571.634714734 received message: {"event":"pusher:ping","data":{}}.
Connection id 228043571.634714734 sending message {"event":"pusher:pong"}
simrs: connection id 228043571.634714734 received message: {"event":"pusher:ping","data":{}}.
Connection id 228043571.634714734 sending message {"event":"pusher:pong"}
Unhandled promise rejection with TypeError: React\Http\Io\ClientRequestStream::closeError(): Argument #1 ($error) must be of type Exception, Error given, called in /var/www/vendor/react/promise/src/Internal/RejectedPromise.php on line 73 and defined in /var/www/vendor/react/http/src/Io/ClientRequestStream.php:254
Stack trace:
#0 /var/www/vendor/react/promise/src/Internal/RejectedPromise.php(73): React\Http\Io\ClientRequestStream->closeError(Object(Error))
#1 /var/www/vendor/react/promise/src/Promise.php(47): React\Promise\Internal\RejectedPromise->then(Object(Closure), Array)
#2 /var/www/vendor/react/http/src/Io/ClientRequestStream.php(84): React\Promise\Promise->then(Object(Closure), Array)
#3 /var/www/vendor/react/http/src/Io/ClientRequestStream.php(131): React\Http\Io\ClientRequestStream->writeHead()
#4 /var/www/vendor/react/http/src/Io/ClientRequestStream.php(144): React\Http\Io\ClientRequestStream->write('{"app_id":"simr...')
#5 /var/www/vendor/react/http/src/Io/Sender.php(147): React\Http\Io\ClientRequestStream->end('{"app_id":"simr...')
#6 /var/www/vendor/react/http/src/Io/Transaction.php(146): React\Http\Io\Sender->send(Object(React\Http\Message\Request))
#7 /var/www/vendor/react/http/src/Io/Transaction.php(83): React\Http\Io\Transaction->next(Object(React\Http\Message\Request), Object(React\Promise\Deferred), Object(React\Http\Io\ClientRequestState))
#8 /var/www/vendor/react/http/src/Browser.php(854): React\Http\Io\Transaction->send(Object(React\Http\Message\Request))
#9 /var/www/vendor/react/http/src/Browser.php(177): React\Http\Browser->requestMayBeStreaming('POST', 'http://localhos...', Array, Object(GuzzleHttp\Psr7\Stream))
#10 /var/www/vendor/beyondcode/laravel-websockets/src/Statistics/Logger/HttpStatisticsLogger.php(81): React\Http\Browser->post('http://localhos...', Array, Object(GuzzleHttp\Psr7\Stream))
#11 /var/www/vendor/laravel/framework/src/Illuminate/Support/Facades/Facade.php(261): BeyondCode\LaravelWebSockets\Statistics\Logger\HttpStatisticsLogger->save()
#12 /var/www/vendor/beyondcode/laravel-websockets/src/Console/StartWebSocketServer.php(75): Illuminate\Support\Facades\Facade::__callStatic('save', Array)
#13 /var/www/vendor/react/event-loop/src/Timer/Timers.php(102): BeyondCode\LaravelWebSockets\Console\StartWebSocketServer->BeyondCode\LaravelWebSockets\Console\{closure}(Object(React\EventLoop\Timer\Timer))
#14 /var/www/vendor/react/event-loop/src/StreamSelectLoop.php(185): React\EventLoop\Timer\Timers->tick()
#15 /var/www/vendor/cboden/ratchet/src/Ratchet/Server/IoServer.php(74): React\EventLoop\StreamSelectLoop->run()
#16 /var/www/vendor/beyondcode/laravel-websockets/src/Console/StartWebSocketServer.php(155): Ratchet\Server\IoServer->run()
#17 /var/www/vendor/beyondcode/laravel-websockets/src/Console/StartWebSocketServer.php(52): BeyondCode\LaravelWebSockets\Console\StartWebSocketServer->startWebSocketServer()
#18 /var/www/vendor/laravel/framework/src/Illuminate/Container/BoundMethod.php(36): BeyondCode\LaravelWebSockets\Console\StartWebSocketServer->handle()
#19 /var/www/vendor/laravel/framework/src/Illuminate/Container/Util.php(40): Illuminate\Container\BoundMethod::Illuminate\Container\{closure}()
#20 /var/www/vendor/laravel/framework/src/Illuminate/Container/BoundMethod.php(93): Illuminate\Container\Util::unwrapIfClosure(Object(Closure))
#21 /var/www/vendor/laravel/framework/src/Illuminate/Container/BoundMethod.php(35): Illuminate\Container\BoundMethod::callBoundMethod(Object(Illuminate\Foundation\Application), Array, Object(Closure))
#22 /var/www/vendor/laravel/framework/src/Illuminate/Container/Container.php(653): Illuminate\Container\BoundMethod::call(Object(Illuminate\Foundation\Application), Array, Array, NULL)
#23 /var/www/vendor/laravel/framework/src/Illuminate/Console/Command.php(136): Illuminate\Container\Container->call(Array)
#24 /var/www/vendor/symfony/console/Command/Command.php(298): Illuminate\Console\Command->execute(Object(Symfony\Component\Console\Input\ArgvInput), Object(Illuminate\Console\OutputStyle))
#25 /var/www/vendor/laravel/framework/src/Illuminate/Console/Command.php(120): Symfony\Component\Console\Command\Command->run(Object(Symfony\Component\Console\Input\ArgvInput), Object(Illuminate\Console\OutputStyle))
#26 /var/www/vendor/symfony/console/Application.php(1040): Illuminate\Console\Command->run(Object(Symfony\Component\Console\Input\ArgvInput), Object(Symfony\Component\Console\Output\ConsoleOutput))
#27 /var/www/vendor/symfony/console/Application.php(301): Symfony\Component\Console\Application->doRunCommand(Object(BeyondCode\LaravelWebSockets\Console\StartWebSocketServer), Object(Symfony\Component\Console\Input\ArgvInput), Object(Symfony\Component\Console\Output\ConsoleOutput))
#28 /var/www/vendor/symfony/console/Application.php(171): Symfony\Component\Console\Application->doRun(Object(Symfony\Component\Console\Input\ArgvInput), Object(Symfony\Component\Console\Output\ConsoleOutput))
#29 /var/www/vendor/laravel/framework/src/Illuminate/Console/Application.php(94): Symfony\Component\Console\Application->run(Object(Symfony\Component\Console\Input\ArgvInput), Object(Symfony\Component\Console\Output\ConsoleOutput))
#30 /var/www/vendor/laravel/framework/src/Illuminate/Foundation/Console/Kernel.php(129): Illuminate\Console\Application->run(Object(Symfony\Component\Console\Input\ArgvInput), Object(Symfony\Component\Console\Output\ConsoleOutput))
#31 /var/www/artisan(35): Illuminate\Foundation\Console\Kernel->handle(Object(Symfony\Component\Console\Input\ArgvInput), Object(Symfony\Component\Console\Output\ConsoleOutput))
#32 {main}
simrs: connection id 228043571.634714734 received message: {"event":"pusher:ping","data":{}}.
Connection id 228043571.634714734 sending message {"event":"pusher:pong"}
Unhandled promise rejection with TypeError: React\Http\Io\ClientRequestStream::closeError(): Argument #1 ($error) must be of type Exception, Error given, called in /var/www/vendor/react/promise/src/Internal/RejectedPromise.php on line 73 and defined in /var/www/vendor/react/http/src/Io/ClientRequestStream.php:254
Stack trace:
#0 /var/www/vendor/react/promise/src/Internal/RejectedPromise.php(73): React\Http\Io\ClientRequestStream->closeError(Object(Error))
#1 /var/www/vendor/react/promise/src/Promise.php(47): React\Promise\Internal\RejectedPromise->then(Object(Closure), Array)
#2 /var/www/vendor/react/http/src/Io/ClientRequestStream.php(84): React\Promise\Promise->then(Object(Closure), Array)
#3 /var/www/vendor/react/http/src/Io/ClientRequestStream.php(131): React\Http\Io\ClientRequestStream->writeHead()
#4 /var/www/vendor/react/http/src/Io/ClientRequestStream.php(144): React\Http\Io\ClientRequestStream->write('{"app_id":"simr...')
#5 /var/www/vendor/react/http/src/Io/Sender.php(147): React\Http\Io\ClientRequestStream->end('{"app_id":"simr...')
#6 /var/www/vendor/react/http/src/Io/Transaction.php(146): React\Http\Io\Sender->send(Object(React\Http\Message\Request))
#7 /var/www/vendor/react/http/src/Io/Transaction.php(83): React\Http\Io\Transaction->next(Object(React\Http\Message\Request), Object(React\Promise\Deferred), Object(React\Http\Io\ClientRequestState))
#8 /var/www/vendor/react/http/src/Browser.php(854): React\Http\Io\Transaction->send(Object(React\Http\Message\Request))
#9 /var/www/vendor/react/http/src/Browser.php(177): React\Http\Browser->requestMayBeStreaming('POST', 'http://localhos...', Array, Object(GuzzleHttp\Psr7\Stream))
#10 /var/www/vendor/beyondcode/laravel-websockets/src/Statistics/Logger/HttpStatisticsLogger.php(81): React\Http\Browser->post('http://localhos...', Array, Object(GuzzleHttp\Psr7\Stream))
#11 /var/www/vendor/laravel/framework/src/Illuminate/Support/Facades/Facade.php(261): BeyondCode\LaravelWebSockets\Statistics\Logger\HttpStatisticsLogger->save()
#12 /var/www/vendor/beyondcode/laravel-websockets/src/Console/StartWebSocketServer.php(75): Illuminate\Support\Facades\Facade::__callStatic('save', Array)
#13 /var/www/vendor/react/event-loop/src/Timer/Timers.php(102): BeyondCode\LaravelWebSockets\Console\StartWebSocketServer->BeyondCode\LaravelWebSockets\Console\{closure}(Object(React\EventLoop\Timer\Timer))
#14 /var/www/vendor/react/event-loop/src/StreamSelectLoop.php(185): React\EventLoop\Timer\Timers->tick()
#15 /var/www/vendor/cboden/ratchet/src/Ratchet/Server/IoServer.php(74): React\EventLoop\StreamSelectLoop->run()
#16 /var/www/vendor/beyondcode/laravel-websockets/src/Console/StartWebSocketServer.php(155): Ratchet\Server\IoServer->run()
#17 /var/www/vendor/beyondcode/laravel-websockets/src/Console/StartWebSocketServer.php(52): BeyondCode\LaravelWebSockets\Console\StartWebSocketServer->startWebSocketServer()
#18 /var/www/vendor/laravel/framework/src/Illuminate/Container/BoundMethod.php(36): BeyondCode\LaravelWebSockets\Console\StartWebSocketServer->handle()
#19 /var/www/vendor/laravel/framework/src/Illuminate/Container/Util.php(40): Illuminate\Container\BoundMethod::Illuminate\Container\{closure}()
#20 /var/www/vendor/laravel/framework/src/Illuminate/Container/BoundMethod.php(93): Illuminate\Container\Util::unwrapIfClosure(Object(Closure))
#21 /var/www/vendor/laravel/framework/src/Illuminate/Container/BoundMethod.php(35): Illuminate\Container\BoundMethod::callBoundMethod(Object(Illuminate\Foundation\Application), Array, Object(Closure))
#22 /var/www/vendor/laravel/framework/src/Illuminate/Container/Container.php(653): Illuminate\Container\BoundMethod::call(Object(Illuminate\Foundation\Application), Array, Array, NULL)
#23 /var/www/vendor/laravel/framework/src/Illuminate/Console/Command.php(136): Illuminate\Container\Container->call(Array)
#24 /var/www/vendor/symfony/console/Command/Command.php(298): Illuminate\Console\Command->execute(Object(Symfony\Component\Console\Input\ArgvInput), Object(Illuminate\Console\OutputStyle))
#25 /var/www/vendor/laravel/framework/src/Illuminate/Console/Command.php(120): Symfony\Component\Console\Command\Command->run(Object(Symfony\Component\Console\Input\ArgvInput), Object(Illuminate\Console\OutputStyle))
#26 /var/www/vendor/symfony/console/Application.php(1040): Illuminate\Console\Command->run(Object(Symfony\Component\Console\Input\ArgvInput), Object(Symfony\Component\Console\Output\ConsoleOutput))
#27 /var/www/vendor/symfony/console/Application.php(301): Symfony\Component\Console\Application->doRunCommand(Object(BeyondCode\LaravelWebSockets\Console\StartWebSocketServer), Object(Symfony\Component\Console\Input\ArgvInput), Object(Symfony\Component\Console\Output\ConsoleOutput))
#28 /var/www/vendor/symfony/console/Application.php(171): Symfony\Component\Console\Application->doRun(Object(Symfony\Component\Console\Input\ArgvInput), Object(Symfony\Component\Console\Output\ConsoleOutput))
#29 /var/www/vendor/laravel/framework/src/Illuminate/Console/Application.php(94): Symfony\Component\Console\Application->run(Object(Symfony\Component\Console\Input\ArgvInput), Object(Symfony\Component\Console\Output\ConsoleOutput))
#30 /var/www/vendor/laravel/framework/src/Illuminate/Foundation/Console/Kernel.php(129): Illuminate\Console\Application->run(Object(Symfony\Component\Console\Input\ArgvInput), Object(Symfony\Component\Console\Output\ConsoleOutput))
#31 /var/www/artisan(35): Illuminate\Foundation\Console\Kernel->handle(Object(Symfony\Component\Console\Input\ArgvInput), Object(Symfony\Component\Console\Output\ConsoleOutput))
#32 {main}
simrs: connection id 228043571.634714734 received message: {"event":"pusher:ping","data":{}}.
Connection id 228043571.634714734 sending message {"event":"pusher:pong"}
simrs: connection id 228043571.634714734 received message: {"event":"pusher:ping","data":{}}.
Connection id 228043571.634714734 sending message {"event":"pusher:pong"}
Unhandled promise rejection with TypeError: React\Http\Io\ClientRequestStream::closeError(): Argument #1 ($error) must be of type Exception, Error given, called in /var/www/vendor/react/promise/src/Internal/RejectedPromise.php on line 73 and defined in /var/www/vendor/react/http/src/Io/ClientRequestStream.php:254
Stack trace:
#0 /var/www/vendor/react/promise/src/Internal/RejectedPromise.php(73): React\Http\Io\ClientRequestStream->closeError(Object(Error))
#1 /var/www/vendor/react/promise/src/Promise.php(47): React\Promise\Internal\RejectedPromise->then(Object(Closure), Array)
#2 /var/www/vendor/react/http/src/Io/ClientRequestStream.php(84): React\Promise\Promise->then(Object(Closure), Array)
#3 /var/www/vendor/react/http/src/Io/ClientRequestStream.php(131): React\Http\Io\ClientRequestStream->writeHead()
#4 /var/www/vendor/react/http/src/Io/ClientRequestStream.php(144): React\Http\Io\ClientRequestStream->write('{"app_id":"simr...')
#5 /var/www/vendor/react/http/src/Io/Sender.php(147): React\Http\Io\ClientRequestStream->end('{"app_id":"simr...')
#6 /var/www/vendor/react/http/src/Io/Transaction.php(146): React\Http\Io\Sender->send(Object(React\Http\Message\Request))
#7 /var/www/vendor/react/http/src/Io/Transaction.php(83): React\Http\Io\Transaction->next(Object(React\Http\Message\Request), Object(React\Promise\Deferred), Object(React\Http\Io\ClientRequestState))
#8 /var/www/vendor/react/http/src/Browser.php(854): React\Http\Io\Transaction->send(Object(React\Http\Message\Request))
#9 /var/www/vendor/react/http/src/Browser.php(177): React\Http\Browser->requestMayBeStreaming('POST', 'http://localhos...', Array, Object(GuzzleHttp\Psr7\Stream))
#10 /var/www/vendor/beyondcode/laravel-websockets/src/Statistics/Logger/HttpStatisticsLogger.php(81): React\Http\Browser->post('http://localhos...', Array, Object(GuzzleHttp\Psr7\Stream))
#11 /var/www/vendor/laravel/framework/src/Illuminate/Support/Facades/Facade.php(261): BeyondCode\LaravelWebSockets\Statistics\Logger\HttpStatisticsLogger->save()
#12 /var/www/vendor/beyondcode/laravel-websockets/src/Console/StartWebSocketServer.php(75): Illuminate\Support\Facades\Facade::__callStatic('save', Array)
#13 /var/www/vendor/react/event-loop/src/Timer/Timers.php(102): BeyondCode\LaravelWebSockets\Console\StartWebSocketServer->BeyondCode\LaravelWebSockets\Console\{closure}(Object(React\EventLoop\Timer\Timer))
#14 /var/www/vendor/react/event-loop/src/StreamSelectLoop.php(185): React\EventLoop\Timer\Timers->tick()
#15 /var/www/vendor/cboden/ratchet/src/Ratchet/Server/IoServer.php(74): React\EventLoop\StreamSelectLoop->run()
#16 /var/www/vendor/beyondcode/laravel-websockets/src/Console/StartWebSocketServer.php(155): Ratchet\Server\IoServer->run()
#17 /var/www/vendor/beyondcode/laravel-websockets/src/Console/StartWebSocketServer.php(52): BeyondCode\LaravelWebSockets\Console\StartWebSocketServer->startWebSocketServer()
#18 /var/www/vendor/laravel/framework/src/Illuminate/Container/BoundMethod.php(36): BeyondCode\LaravelWebSockets\Console\StartWebSocketServer->handle()
#19 /var/www/vendor/laravel/framework/src/Illuminate/Container/Util.php(40): Illuminate\Container\BoundMethod::Illuminate\Container\{closure}()
#20 /var/www/vendor/laravel/framework/src/Illuminate/Container/BoundMethod.php(93): Illuminate\Container\Util::unwrapIfClosure(Object(Closure))
#21 /var/www/vendor/laravel/framework/src/Illuminate/Container/BoundMethod.php(35): Illuminate\Container\BoundMethod::callBoundMethod(Object(Illuminate\Foundation\Application), Array, Object(Closure))
#22 /var/www/vendor/laravel/framework/src/Illuminate/Container/Container.php(653): Illuminate\Container\BoundMethod::call(Object(Illuminate\Foundation\Application), Array, Array, NULL)
#23 /var/www/vendor/laravel/framework/src/Illuminate/Console/Command.php(136): Illuminate\Container\Container->call(Array)
#24 /var/www/vendor/symfony/console/Command/Command.php(298): Illuminate\Console\Command->execute(Object(Symfony\Component\Console\Input\ArgvInput), Object(Illuminate\Console\OutputStyle))
#25 /var/www/vendor/laravel/framework/src/Illuminate/Console/Command.php(120): Symfony\Component\Console\Command\Command->run(Object(Symfony\Component\Console\Input\ArgvInput), Object(Illuminate\Console\OutputStyle))
#26 /var/www/vendor/symfony/console/Application.php(1040): Illuminate\Console\Command->run(Object(Symfony\Component\Console\Input\ArgvInput), Object(Symfony\Component\Console\Output\ConsoleOutput))
#27 /var/www/vendor/symfony/console/Application.php(301): Symfony\Component\Console\Application->doRunCommand(Object(BeyondCode\LaravelWebSockets\Console\StartWebSocketServer), Object(Symfony\Component\Console\Input\ArgvInput), Object(Symfony\Component\Console\Output\ConsoleOutput))
#28 /var/www/vendor/symfony/console/Application.php(171): Symfony\Component\Console\Application->doRun(Object(Symfony\Component\Console\Input\ArgvInput), Object(Symfony\Component\Console\Output\ConsoleOutput))
#29 /var/www/vendor/laravel/framework/src/Illuminate/Console/Application.php(94): Symfony\Component\Console\Application->run(Object(Symfony\Component\Console\Input\ArgvInput), Object(Symfony\Component\Console\Output\ConsoleOutput))
#30 /var/www/vendor/laravel/framework/src/Illuminate/Foundation/Console/Kernel.php(129): Illuminate\Console\Application->run(Object(Symfony\Component\Console\Input\ArgvInput), Object(Symfony\Component\Console\Output\ConsoleOutput))
#31 /var/www/artisan(35): Illuminate\Foundation\Console\Kernel->handle(Object(Symfony\Component\Console\Input\ArgvInput), Object(Symfony\Component\Console\Output\ConsoleOutput))
#32 {main}
simrs: connection id 228043571.634714734 received message: {"event":"pusher:ping","data":{}}.
Connection id 228043571.634714734 sending message {"event":"pusher:pong"}
simrs: connection id 228043571.634714734 received message: {"event":"pusher:ping","data":{}}.
Connection id 228043571.634714734 sending message {"event":"pusher:pong"}
Unhandled promise rejection with TypeError: React\Http\Io\ClientRequestStream::closeError(): Argument #1 ($error) must be of type Exception, Error given, called in /var/www/vendor/react/promise/src/Internal/RejectedPromise.php on line 73 and defined in /var/www/vendor/react/http/src/Io/ClientRequestStream.php:254
Stack trace:
#0 /var/www/vendor/react/promise/src/Internal/RejectedPromise.php(73): React\Http\Io\ClientRequestStream->closeError(Object(Error))
#1 /var/www/vendor/react/promise/src/Promise.php(47): React\Promise\Internal\RejectedPromise->then(Object(Closure), Array)
#2 /var/www/vendor/react/http/src/Io/ClientRequestStream.php(84): React\Promise\Promise->then(Object(Closure), Array)
#3 /var/www/vendor/react/http/src/Io/ClientRequestStream.php(131): React\Http\Io\ClientRequestStream->writeHead()
#4 /var/www/vendor/react/http/src/Io/ClientRequestStream.php(144): React\Http\Io\ClientRequestStream->write('{"app_id":"simr...')
#5 /var/www/vendor/react/http/src/Io/Sender.php(147): React\Http\Io\ClientRequestStream->end('{"app_id":"simr...')
#6 /var/www/vendor/react/http/src/Io/Transaction.php(146): React\Http\Io\Sender->send(Object(React\Http\Message\Request))
#7 /var/www/vendor/react/http/src/Io/Transaction.php(83): React\Http\Io\Transaction->next(Object(React\Http\Message\Request), Object(React\Promise\Deferred), Object(React\Http\Io\ClientRequestState))
#8 /var/www/vendor/react/http/src/Browser.php(854): React\Http\Io\Transaction->send(Object(React\Http\Message\Request))
#9 /var/www/vendor/react/http/src/Browser.php(177): React\Http\Browser->requestMayBeStreaming('POST', 'http://localhos...', Array, Object(GuzzleHttp\Psr7\Stream))
#10 /var/www/vendor/beyondcode/laravel-websockets/src/Statistics/Logger/HttpStatisticsLogger.php(81): React\Http\Browser->post('http://localhos...', Array, Object(GuzzleHttp\Psr7\Stream))
#11 /var/www/vendor/laravel/framework/src/Illuminate/Support/Facades/Facade.php(261): BeyondCode\LaravelWebSockets\Statistics\Logger\HttpStatisticsLogger->save()
#12 /var/www/vendor/beyondcode/laravel-websockets/src/Console/StartWebSocketServer.php(75): Illuminate\Support\Facades\Facade::__callStatic('save', Array)
#13 /var/www/vendor/react/event-loop/src/Timer/Timers.php(102): BeyondCode\LaravelWebSockets\Console\StartWebSocketServer->BeyondCode\LaravelWebSockets\Console\{closure}(Object(React\EventLoop\Timer\Timer))
#14 /var/www/vendor/react/event-loop/src/StreamSelectLoop.php(185): React\EventLoop\Timer\Timers->tick()
#15 /var/www/vendor/cboden/ratchet/src/Ratchet/Server/IoServer.php(74): React\EventLoop\StreamSelectLoop->run()
#16 /var/www/vendor/beyondcode/laravel-websockets/src/Console/StartWebSocketServer.php(155): Ratchet\Server\IoServer->run()
#17 /var/www/vendor/beyondcode/laravel-websockets/src/Console/StartWebSocketServer.php(52): BeyondCode\LaravelWebSockets\Console\StartWebSocketServer->startWebSocketServer()
#18 /var/www/vendor/laravel/framework/src/Illuminate/Container/BoundMethod.php(36): BeyondCode\LaravelWebSockets\Console\StartWebSocketServer->handle()
#19 /var/www/vendor/laravel/framework/src/Illuminate/Container/Util.php(40): Illuminate\Container\BoundMethod::Illuminate\Container\{closure}()
#20 /var/www/vendor/laravel/framework/src/Illuminate/Container/BoundMethod.php(93): Illuminate\Container\Util::unwrapIfClosure(Object(Closure))
#21 /var/www/vendor/laravel/framework/src/Illuminate/Container/BoundMethod.php(35): Illuminate\Container\BoundMethod::callBoundMethod(Object(Illuminate\Foundation\Application), Array, Object(Closure))
#22 /var/www/vendor/laravel/framework/src/Illuminate/Container/Container.php(653): Illuminate\Container\BoundMethod::call(Object(Illuminate\Foundation\Application), Array, Array, NULL)
#23 /var/www/vendor/laravel/framework/src/Illuminate/Console/Command.php(136): Illuminate\Container\Container->call(Array)
#24 /var/www/vendor/symfony/console/Command/Command.php(298): Illuminate\Console\Command->execute(Object(Symfony\Component\Console\Input\ArgvInput), Object(Illuminate\Console\OutputStyle))
#25 /var/www/vendor/laravel/framework/src/Illuminate/Console/Command.php(120): Symfony\Component\Console\Command\Command->run(Object(Symfony\Component\Console\Input\ArgvInput), Object(Illuminate\Console\OutputStyle))
#26 /var/www/vendor/symfony/console/Application.php(1040): Illuminate\Console\Command->run(Object(Symfony\Component\Console\Input\ArgvInput), Object(Symfony\Component\Console\Output\ConsoleOutput))
#27 /var/www/vendor/symfony/console/Application.php(301): Symfony\Component\Console\Application->doRunCommand(Object(BeyondCode\LaravelWebSockets\Console\StartWebSocketServer), Object(Symfony\Component\Console\Input\ArgvInput), Object(Symfony\Component\Console\Output\ConsoleOutput))
#28 /var/www/vendor/symfony/console/Application.php(171): Symfony\Component\Console\Application->doRun(Object(Symfony\Component\Console\Input\ArgvInput), Object(Symfony\Component\Console\Output\ConsoleOutput))
#29 /var/www/vendor/laravel/framework/src/Illuminate/Console/Application.php(94): Symfony\Component\Console\Application->run(Object(Symfony\Component\Console\Input\ArgvInput), Object(Symfony\Component\Console\Output\ConsoleOutput))
#30 /var/www/vendor/laravel/framework/src/Illuminate/Foundation/Console/Kernel.php(129): Illuminate\Console\Application->run(Object(Symfony\Component\Console\Input\ArgvInput), Object(Symfony\Component\Console\Output\ConsoleOutput))
#31 /var/www/artisan(35): Illuminate\Foundation\Console\Kernel->handle(Object(Symfony\Component\Console\Input\ArgvInput), Object(Symfony\Component\Console\Output\ConsoleOutput))
#32 {main}
simrs: connection id 228043571.634714734 received message: {"event":"pusher:ping","data":{}}.
Connection id 228043571.634714734 sending message {"event":"pusher:pong"}
simrs: connection id 228043571.634714734 received message: {"event":"pusher:ping","data":{}}.
Connection id 228043571.634714734 sending message {"event":"pusher:pong"}
Unhandled promise rejection with TypeError: React\Http\Io\ClientRequestStream::closeError(): Argument #1 ($error) must be of type Exception, Error given, called in /var/www/vendor/react/promise/src/Internal/RejectedPromise.php on line 73 and defined in /var/www/vendor/react/http/src/Io/ClientRequestStream.php:254
Stack trace:
#0 /var/www/vendor/react/promise/src/Internal/RejectedPromise.php(73): React\Http\Io\ClientRequestStream->closeError(Object(Error))
#1 /var/www/vendor/react/promise/src/Promise.php(47): React\Promise\Internal\RejectedPromise->then(Object(Closure), Array)
#2 /var/www/vendor/react/http/src/Io/ClientRequestStream.php(84): React\Promise\Promise->then(Object(Closure), Array)
#3 /var/www/vendor/react/http/src/Io/ClientRequestStream.php(131): React\Http\Io\ClientRequestStream->writeHead()
#4 /var/www/vendor/react/http/src/Io/ClientRequestStream.php(144): React\Http\Io\ClientRequestStream->write('{"app_id":"simr...')
#5 /var/www/vendor/react/http/src/Io/Sender.php(147): React\Http\Io\ClientRequestStream->end('{"app_id":"simr...')
#6 /var/www/vendor/react/http/src/Io/Transaction.php(146): React\Http\Io\Sender->send(Object(React\Http\Message\Request))
#7 /var/www/vendor/react/http/src/Io/Transaction.php(83): React\Http\Io\Transaction->next(Object(React\Http\Message\Request), Object(React\Promise\Deferred), Object(React\Http\Io\ClientRequestState))
#8 /var/www/vendor/react/http/src/Browser.php(854): React\Http\Io\Transaction->send(Object(React\Http\Message\Request))
#9 /var/www/vendor/react/http/src/Browser.php(177): React\Http\Browser->requestMayBeStreaming('POST', 'http://localhos...', Array, Object(GuzzleHttp\Psr7\Stream))
#10 /var/www/vendor/beyondcode/laravel-websockets/src/Statistics/Logger/HttpStatisticsLogger.php(81): React\Http\Browser->post('http://localhos...', Array, Object(GuzzleHttp\Psr7\Stream))
#11 /var/www/vendor/laravel/framework/src/Illuminate/Support/Facades/Facade.php(261): BeyondCode\LaravelWebSockets\Statistics\Logger\HttpStatisticsLogger->save()
#12 /var/www/vendor/beyondcode/laravel-websockets/src/Console/StartWebSocketServer.php(75): Illuminate\Support\Facades\Facade::__callStatic('save', Array)
#13 /var/www/vendor/react/event-loop/src/Timer/Timers.php(102): BeyondCode\LaravelWebSockets\Console\StartWebSocketServer->BeyondCode\LaravelWebSockets\Console\{closure}(Object(React\EventLoop\Timer\Timer))
#14 /var/www/vendor/react/event-loop/src/StreamSelectLoop.php(185): React\EventLoop\Timer\Timers->tick()
#15 /var/www/vendor/cboden/ratchet/src/Ratchet/Server/IoServer.php(74): React\EventLoop\StreamSelectLoop->run()
#16 /var/www/vendor/beyondcode/laravel-websockets/src/Console/StartWebSocketServer.php(155): Ratchet\Server\IoServer->run()
#17 /var/www/vendor/beyondcode/laravel-websockets/src/Console/StartWebSocketServer.php(52): BeyondCode\LaravelWebSockets\Console\StartWebSocketServer->startWebSocketServer()
#18 /var/www/vendor/laravel/framework/src/Illuminate/Container/BoundMethod.php(36): BeyondCode\LaravelWebSockets\Console\StartWebSocketServer->handle()
#19 /var/www/vendor/laravel/framework/src/Illuminate/Container/Util.php(40): Illuminate\Container\BoundMethod::Illuminate\Container\{closure}()
#20 /var/www/vendor/laravel/framework/src/Illuminate/Container/BoundMethod.php(93): Illuminate\Container\Util::unwrapIfClosure(Object(Closure))
#21 /var/www/vendor/laravel/framework/src/Illuminate/Container/BoundMethod.php(35): Illuminate\Container\BoundMethod::callBoundMethod(Object(Illuminate\Foundation\Application), Array, Object(Closure))
#22 /var/www/vendor/laravel/framework/src/Illuminate/Container/Container.php(653): Illuminate\Container\BoundMethod::call(Object(Illuminate\Foundation\Application), Array, Array, NULL)
#23 /var/www/vendor/laravel/framework/src/Illuminate/Console/Command.php(136): Illuminate\Container\Container->call(Array)
#24 /var/www/vendor/symfony/console/Command/Command.php(298): Illuminate\Console\Command->execute(Object(Symfony\Component\Console\Input\ArgvInput), Object(Illuminate\Console\OutputStyle))
#25 /var/www/vendor/laravel/framework/src/Illuminate/Console/Command.php(120): Symfony\Component\Console\Command\Command->run(Object(Symfony\Component\Console\Input\ArgvInput), Object(Illuminate\Console\OutputStyle))
#26 /var/www/vendor/symfony/console/Application.php(1040): Illuminate\Console\Command->run(Object(Symfony\Component\Console\Input\ArgvInput), Object(Symfony\Component\Console\Output\ConsoleOutput))
#27 /var/www/vendor/symfony/console/Application.php(301): Symfony\Component\Console\Application->doRunCommand(Object(BeyondCode\LaravelWebSockets\Console\StartWebSocketServer), Object(Symfony\Component\Console\Input\ArgvInput), Object(Symfony\Component\Console\Output\ConsoleOutput))
#28 /var/www/vendor/symfony/console/Application.php(171): Symfony\Component\Console\Application->doRun(Object(Symfony\Component\Console\Input\ArgvInput), Object(Symfony\Component\Console\Output\ConsoleOutput))
#29 /var/www/vendor/laravel/framework/src/Illuminate/Console/Application.php(94): Symfony\Component\Console\Application->run(Object(Symfony\Component\Console\Input\ArgvInput), Object(Symfony\Component\Console\Output\ConsoleOutput))
#30 /var/www/vendor/laravel/framework/src/Illuminate/Foundation/Console/Kernel.php(129): Illuminate\Console\Application->run(Object(Symfony\Component\Console\Input\ArgvInput), Object(Symfony\Component\Console\Output\ConsoleOutput))
#31 /var/www/artisan(35): Illuminate\Foundation\Console\Kernel->handle(Object(Symfony\Component\Console\Input\ArgvInput), Object(Symfony\Component\Console\Output\ConsoleOutput))
#32 {main}
simrs: connection id 228043571.634714734 received message: {"event":"pusher:ping","data":{}}.
Connection id 228043571.634714734 sending message {"event":"pusher:pong"}
simrs: connection id 228043571.634714734 received message: {"event":"pusher:ping","data":{}}.
Connection id 228043571.634714734 sending message {"event":"pusher:pong"}
Unhandled promise rejection with TypeError: React\Http\Io\ClientRequestStream::closeError(): Argument #1 ($error) must be of type Exception, Error given, called in /var/www/vendor/react/promise/src/Internal/RejectedPromise.php on line 73 and defined in /var/www/vendor/react/http/src/Io/ClientRequestStream.php:254
Stack trace:
#0 /var/www/vendor/react/promise/src/Internal/RejectedPromise.php(73): React\Http\Io\ClientRequestStream->closeError(Object(Error))
#1 /var/www/vendor/react/promise/src/Promise.php(47): React\Promise\Internal\RejectedPromise->then(Object(Closure), Array)
#2 /var/www/vendor/react/http/src/Io/ClientRequestStream.php(84): React\Promise\Promise->then(Object(Closure), Array)
#3 /var/www/vendor/react/http/src/Io/ClientRequestStream.php(131): React\Http\Io\ClientRequestStream->writeHead()
#4 /var/www/vendor/react/http/src/Io/ClientRequestStream.php(144): React\Http\Io\ClientRequestStream->write('{"app_id":"simr...')
#5 /var/www/vendor/react/http/src/Io/Sender.php(147): React\Http\Io\ClientRequestStream->end('{"app_id":"simr...')
#6 /var/www/vendor/react/http/src/Io/Transaction.php(146): React\Http\Io\Sender->send(Object(React\Http\Message\Request))
#7 /var/www/vendor/react/http/src/Io/Transaction.php(83): React\Http\Io\Transaction->next(Object(React\Http\Message\Request), Object(React\Promise\Deferred), Object(React\Http\Io\ClientRequestState))
#8 /var/www/vendor/react/http/src/Browser.php(854): React\Http\Io\Transaction->send(Object(React\Http\Message\Request))
#9 /var/www/vendor/react/http/src/Browser.php(177): React\Http\Browser->requestMayBeStreaming('POST', 'http://localhos...', Array, Object(GuzzleHttp\Psr7\Stream))
#10 /var/www/vendor/beyondcode/laravel-websockets/src/Statistics/Logger/HttpStatisticsLogger.php(81): React\Http\Browser->post('http://localhos...', Array, Object(GuzzleHttp\Psr7\Stream))
#11 /var/www/vendor/laravel/framework/src/Illuminate/Support/Facades/Facade.php(261): BeyondCode\LaravelWebSockets\Statistics\Logger\HttpStatisticsLogger->save()
#12 /var/www/vendor/beyondcode/laravel-websockets/src/Console/StartWebSocketServer.php(75): Illuminate\Support\Facades\Facade::__callStatic('save', Array)
#13 /var/www/vendor/react/event-loop/src/Timer/Timers.php(102): BeyondCode\LaravelWebSockets\Console\StartWebSocketServer->BeyondCode\LaravelWebSockets\Console\{closure}(Object(React\EventLoop\Timer\Timer))
#14 /var/www/vendor/react/event-loop/src/StreamSelectLoop.php(185): React\EventLoop\Timer\Timers->tick()
#15 /var/www/vendor/cboden/ratchet/src/Ratchet/Server/IoServer.php(74): React\EventLoop\StreamSelectLoop->run()
#16 /var/www/vendor/beyondcode/laravel-websockets/src/Console/StartWebSocketServer.php(155): Ratchet\Server\IoServer->run()
#17 /var/www/vendor/beyondcode/laravel-websockets/src/Console/StartWebSocketServer.php(52): BeyondCode\LaravelWebSockets\Console\StartWebSocketServer->startWebSocketServer()
#18 /var/www/vendor/laravel/framework/src/Illuminate/Container/BoundMethod.php(36): BeyondCode\LaravelWebSockets\Console\StartWebSocketServer->handle()
#19 /var/www/vendor/laravel/framework/src/Illuminate/Container/Util.php(40): Illuminate\Container\BoundMethod::Illuminate\Container\{closure}()
#20 /var/www/vendor/laravel/framework/src/Illuminate/Container/BoundMethod.php(93): Illuminate\Container\Util::unwrapIfClosure(Object(Closure))
#21 /var/www/vendor/laravel/framework/src/Illuminate/Container/BoundMethod.php(35): Illuminate\Container\BoundMethod::callBoundMethod(Object(Illuminate\Foundation\Application), Array, Object(Closure))
#22 /var/www/vendor/laravel/framework/src/Illuminate/Container/Container.php(653): Illuminate\Container\BoundMethod::call(Object(Illuminate\Foundation\Application), Array, Array, NULL)
#23 /var/www/vendor/laravel/framework/src/Illuminate/Console/Command.php(136): Illuminate\Container\Container->call(Array)
#24 /var/www/vendor/symfony/console/Command/Command.php(298): Illuminate\Console\Command->execute(Object(Symfony\Component\Console\Input\ArgvInput), Object(Illuminate\Console\OutputStyle))
#25 /var/www/vendor/laravel/framework/src/Illuminate/Console/Command.php(120): Symfony\Component\Console\Command\Command->run(Object(Symfony\Component\Console\Input\ArgvInput), Object(Illuminate\Console\OutputStyle))
#26 /var/www/vendor/symfony/console/Application.php(1040): Illuminate\Console\Command->run(Object(Symfony\Component\Console\Input\ArgvInput), Object(Symfony\Component\Console\Output\ConsoleOutput))
#27 /var/www/vendor/symfony/console/Application.php(301): Symfony\Component\Console\Application->doRunCommand(Object(BeyondCode\LaravelWebSockets\Console\StartWebSocketServer), Object(Symfony\Component\Console\Input\ArgvInput), Object(Symfony\Component\Console\Output\ConsoleOutput))
#28 /var/www/vendor/symfony/console/Application.php(171): Symfony\Component\Console\Application->doRun(Object(Symfony\Component\Console\Input\ArgvInput), Object(Symfony\Component\Console\Output\ConsoleOutput))
#29 /var/www/vendor/laravel/framework/src/Illuminate/Console/Application.php(94): Symfony\Component\Console\Application->run(Object(Symfony\Component\Console\Input\ArgvInput), Object(Symfony\Component\Console\Output\ConsoleOutput))
#30 /var/www/vendor/laravel/framework/src/Illuminate/Foundation/Console/Kernel.php(129): Illuminate\Console\Application->run(Object(Symfony\Component\Console\Input\ArgvInput), Object(Symfony\Component\Console\Output\ConsoleOutput))
#31 /var/www/artisan(35): Illuminate\Foundation\Console\Kernel->handle(Object(Symfony\Component\Console\Input\ArgvInput), Object(Symfony\Component\Console\Output\ConsoleOutput))
#32 {main}
simrs: connection id 228043571.634714734 received message: {"event":"pusher:ping","data":{}}.
Connection id 228043571.634714734 sending message {"event":"pusher:pong"}
simrs: connection id 228043571.634714734 received message: {"event":"pusher:ping","data":{}}.
Connection id 228043571.634714734 sending message {"event":"pusher:pong"}
Unhandled promise rejection with TypeError: React\Http\Io\ClientRequestStream::closeError(): Argument #1 ($error) must be of type Exception, Error given, called in /var/www/vendor/react/promise/src/Internal/RejectedPromise.php on line 73 and defined in /var/www/vendor/react/http/src/Io/ClientRequestStream.php:254
Stack trace:
#0 /var/www/vendor/react/promise/src/Internal/RejectedPromise.php(73): React\Http\Io\ClientRequestStream->closeError(Object(Error))
#1 /var/www/vendor/react/promise/src/Promise.php(47): React\Promise\Internal\RejectedPromise->then(Object(Closure), Array)
#2 /var/www/vendor/react/http/src/Io/ClientRequestStream.php(84): React\Promise\Promise->then(Object(Closure), Array)
#3 /var/www/vendor/react/http/src/Io/ClientRequestStream.php(131): React\Http\Io\ClientRequestStream->writeHead()
#4 /var/www/vendor/react/http/src/Io/ClientRequestStream.php(144): React\Http\Io\ClientRequestStream->write('{"app_id":"simr...')
#5 /var/www/vendor/react/http/src/Io/Sender.php(147): React\Http\Io\ClientRequestStream->end('{"app_id":"simr...')
#6 /var/www/vendor/react/http/src/Io/Transaction.php(146): React\Http\Io\Sender->send(Object(React\Http\Message\Request))
#7 /var/www/vendor/react/http/src/Io/Transaction.php(83): React\Http\Io\Transaction->next(Object(React\Http\Message\Request), Object(React\Promise\Deferred), Object(React\Http\Io\ClientRequestState))
#8 /var/www/vendor/react/http/src/Browser.php(854): React\Http\Io\Transaction->send(Object(React\Http\Message\Request))
#9 /var/www/vendor/react/http/src/Browser.php(177): React\Http\Browser->requestMayBeStreaming('POST', 'http://localhos...', Array, Object(GuzzleHttp\Psr7\Stream))
#10 /var/www/vendor/beyondcode/laravel-websockets/src/Statistics/Logger/HttpStatisticsLogger.php(81): React\Http\Browser->post('http://localhos...', Array, Object(GuzzleHttp\Psr7\Stream))
#11 /var/www/vendor/laravel/framework/src/Illuminate/Support/Facades/Facade.php(261): BeyondCode\LaravelWebSockets\Statistics\Logger\HttpStatisticsLogger->save()
#12 /var/www/vendor/beyondcode/laravel-websockets/src/Console/StartWebSocketServer.php(75): Illuminate\Support\Facades\Facade::__callStatic('save', Array)
#13 /var/www/vendor/react/event-loop/src/Timer/Timers.php(102): BeyondCode\LaravelWebSockets\Console\StartWebSocketServer->BeyondCode\LaravelWebSockets\Console\{closure}(Object(React\EventLoop\Timer\Timer))
#14 /var/www/vendor/react/event-loop/src/StreamSelectLoop.php(185): React\EventLoop\Timer\Timers->tick()
#15 /var/www/vendor/cboden/ratchet/src/Ratchet/Server/IoServer.php(74): React\EventLoop\StreamSelectLoop->run()
#16 /var/www/vendor/beyondcode/laravel-websockets/src/Console/StartWebSocketServer.php(155): Ratchet\Server\IoServer->run()
#17 /var/www/vendor/beyondcode/laravel-websockets/src/Console/StartWebSocketServer.php(52): BeyondCode\LaravelWebSockets\Console\StartWebSocketServer->startWebSocketServer()
#18 /var/www/vendor/laravel/framework/src/Illuminate/Container/BoundMethod.php(36): BeyondCode\LaravelWebSockets\Console\StartWebSocketServer->handle()
#19 /var/www/vendor/laravel/framework/src/Illuminate/Container/Util.php(40): Illuminate\Container\BoundMethod::Illuminate\Container\{closure}()
#20 /var/www/vendor/laravel/framework/src/Illuminate/Container/BoundMethod.php(93): Illuminate\Container\Util::unwrapIfClosure(Object(Closure))
#21 /var/www/vendor/laravel/framework/src/Illuminate/Container/BoundMethod.php(35): Illuminate\Container\BoundMethod::callBoundMethod(Object(Illuminate\Foundation\Application), Array, Object(Closure))
#22 /var/www/vendor/laravel/framework/src/Illuminate/Container/Container.php(653): Illuminate\Container\BoundMethod::call(Object(Illuminate\Foundation\Application), Array, Array, NULL)
#23 /var/www/vendor/laravel/framework/src/Illuminate/Console/Command.php(136): Illuminate\Container\Container->call(Array)
#24 /var/www/vendor/symfony/console/Command/Command.php(298): Illuminate\Console\Command->execute(Object(Symfony\Component\Console\Input\ArgvInput), Object(Illuminate\Console\OutputStyle))
#25 /var/www/vendor/laravel/framework/src/Illuminate/Console/Command.php(120): Symfony\Component\Console\Command\Command->run(Object(Symfony\Component\Console\Input\ArgvInput), Object(Illuminate\Console\OutputStyle))
#26 /var/www/vendor/symfony/console/Application.php(1040): Illuminate\Console\Command->run(Object(Symfony\Component\Console\Input\ArgvInput), Object(Symfony\Component\Console\Output\ConsoleOutput))
#27 /var/www/vendor/symfony/console/Application.php(301): Symfony\Component\Console\Application->doRunCommand(Object(BeyondCode\LaravelWebSockets\Console\StartWebSocketServer), Object(Symfony\Component\Console\Input\ArgvInput), Object(Symfony\Component\Console\Output\ConsoleOutput))
#28 /var/www/vendor/symfony/console/Application.php(171): Symfony\Component\Console\Application->doRun(Object(Symfony\Component\Console\Input\ArgvInput), Object(Symfony\Component\Console\Output\ConsoleOutput))
#29 /var/www/vendor/laravel/framework/src/Illuminate/Console/Application.php(94): Symfony\Component\Console\Application->run(Object(Symfony\Component\Console\Input\ArgvInput), Object(Symfony\Component\Console\Output\ConsoleOutput))
#30 /var/www/vendor/laravel/framework/src/Illuminate/Foundation/Console/Kernel.php(129): Illuminate\Console\Application->run(Object(Symfony\Component\Console\Input\ArgvInput), Object(Symfony\Component\Console\Output\ConsoleOutput))
#31 /var/www/artisan(35): Illuminate\Foundation\Console\Kernel->handle(Object(Symfony\Component\Console\Input\ArgvInput), Object(Symfony\Component\Console\Output\ConsoleOutput))
#32 {main}
simrs: connection id 228043571.634714734 received message: {"event":"pusher:ping","data":{}}.
Connection id 228043571.634714734 sending message {"event":"pusher:pong"}
simrs: connection id 228043571.634714734 received message: {"event":"pusher:ping","data":{}}.
Connection id 228043571.634714734 sending message {"event":"pusher:pong"}
Unhandled promise rejection with TypeError: React\Http\Io\ClientRequestStream::closeError(): Argument #1 ($error) must be of type Exception, Error given, called in /var/www/vendor/react/promise/src/Internal/RejectedPromise.php on line 73 and defined in /var/www/vendor/react/http/src/Io/ClientRequestStream.php:254
Stack trace:
#0 /var/www/vendor/react/promise/src/Internal/RejectedPromise.php(73): React\Http\Io\ClientRequestStream->closeError(Object(Error))
#1 /var/www/vendor/react/promise/src/Promise.php(47): React\Promise\Internal\RejectedPromise->then(Object(Closure), Array)
#2 /var/www/vendor/react/http/src/Io/ClientRequestStream.php(84): React\Promise\Promise->then(Object(Closure), Array)
#3 /var/www/vendor/react/http/src/Io/ClientRequestStream.php(131): React\Http\Io\ClientRequestStream->writeHead()
#4 /var/www/vendor/react/http/src/Io/ClientRequestStream.php(144): React\Http\Io\ClientRequestStream->write('{"app_id":"simr...')
#5 /var/www/vendor/react/http/src/Io/Sender.php(147): React\Http\Io\ClientRequestStream->end('{"app_id":"simr...')
#6 /var/www/vendor/react/http/src/Io/Transaction.php(146): React\Http\Io\Sender->send(Object(React\Http\Message\Request))
#7 /var/www/vendor/react/http/src/Io/Transaction.php(83): React\Http\Io\Transaction->next(Object(React\Http\Message\Request), Object(React\Promise\Deferred), Object(React\Http\Io\ClientRequestState))
#8 /var/www/vendor/react/http/src/Browser.php(854): React\Http\Io\Transaction->send(Object(React\Http\Message\Request))
#9 /var/www/vendor/react/http/src/Browser.php(177): React\Http\Browser->requestMayBeStreaming('POST', 'http://localhos...', Array, Object(GuzzleHttp\Psr7\Stream))
#10 /var/www/vendor/beyondcode/laravel-websockets/src/Statistics/Logger/HttpStatisticsLogger.php(81): React\Http\Browser->post('http://localhos...', Array, Object(GuzzleHttp\Psr7\Stream))
#11 /var/www/vendor/laravel/framework/src/Illuminate/Support/Facades/Facade.php(261): BeyondCode\LaravelWebSockets\Statistics\Logger\HttpStatisticsLogger->save()
#12 /var/www/vendor/beyondcode/laravel-websockets/src/Console/StartWebSocketServer.php(75): Illuminate\Support\Facades\Facade::__callStatic('save', Array)
#13 /var/www/vendor/react/event-loop/src/Timer/Timers.php(102): BeyondCode\LaravelWebSockets\Console\StartWebSocketServer->BeyondCode\LaravelWebSockets\Console\{closure}(Object(React\EventLoop\Timer\Timer))
#14 /var/www/vendor/react/event-loop/src/StreamSelectLoop.php(185): React\EventLoop\Timer\Timers->tick()
#15 /var/www/vendor/cboden/ratchet/src/Ratchet/Server/IoServer.php(74): React\EventLoop\StreamSelectLoop->run()
#16 /var/www/vendor/beyondcode/laravel-websockets/src/Console/StartWebSocketServer.php(155): Ratchet\Server\IoServer->run()
#17 /var/www/vendor/beyondcode/laravel-websockets/src/Console/StartWebSocketServer.php(52): BeyondCode\LaravelWebSockets\Console\StartWebSocketServer->startWebSocketServer()
#18 /var/www/vendor/laravel/framework/src/Illuminate/Container/BoundMethod.php(36): BeyondCode\LaravelWebSockets\Console\StartWebSocketServer->handle()
#19 /var/www/vendor/laravel/framework/src/Illuminate/Container/Util.php(40): Illuminate\Container\BoundMethod::Illuminate\Container\{closure}()
#20 /var/www/vendor/laravel/framework/src/Illuminate/Container/BoundMethod.php(93): Illuminate\Container\Util::unwrapIfClosure(Object(Closure))
#21 /var/www/vendor/laravel/framework/src/Illuminate/Container/BoundMethod.php(35): Illuminate\Container\BoundMethod::callBoundMethod(Object(Illuminate\Foundation\Application), Array, Object(Closure))
#22 /var/www/vendor/laravel/framework/src/Illuminate/Container/Container.php(653): Illuminate\Container\BoundMethod::call(Object(Illuminate\Foundation\Application), Array, Array, NULL)
#23 /var/www/vendor/laravel/framework/src/Illuminate/Console/Command.php(136): Illuminate\Container\Container->call(Array)
#24 /var/www/vendor/symfony/console/Command/Command.php(298): Illuminate\Console\Command->execute(Object(Symfony\Component\Console\Input\ArgvInput), Object(Illuminate\Console\OutputStyle))
#25 /var/www/vendor/laravel/framework/src/Illuminate/Console/Command.php(120): Symfony\Component\Console\Command\Command->run(Object(Symfony\Component\Console\Input\ArgvInput), Object(Illuminate\Console\OutputStyle))
#26 /var/www/vendor/symfony/console/Application.php(1040): Illuminate\Console\Command->run(Object(Symfony\Component\Console\Input\ArgvInput), Object(Symfony\Component\Console\Output\ConsoleOutput))
#27 /var/www/vendor/symfony/console/Application.php(301): Symfony\Component\Console\Application->doRunCommand(Object(BeyondCode\LaravelWebSockets\Console\StartWebSocketServer), Object(Symfony\Component\Console\Input\ArgvInput), Object(Symfony\Component\Console\Output\ConsoleOutput))
#28 /var/www/vendor/symfony/console/Application.php(171): Symfony\Component\Console\Application->doRun(Object(Symfony\Component\Console\Input\ArgvInput), Object(Symfony\Component\Console\Output\ConsoleOutput))
#29 /var/www/vendor/laravel/framework/src/Illuminate/Console/Application.php(94): Symfony\Component\Console\Application->run(Object(Symfony\Component\Console\Input\ArgvInput), Object(Symfony\Component\Console\Output\ConsoleOutput))
#30 /var/www/vendor/laravel/framework/src/Illuminate/Foundation/Console/Kernel.php(129): Illuminate\Console\Application->run(Object(Symfony\Component\Console\Input\ArgvInput), Object(Symfony\Component\Console\Output\ConsoleOutput))
#31 /var/www/artisan(35): Illuminate\Foundation\Console\Kernel->handle(Object(Symfony\Component\Console\Input\ArgvInput), Object(Symfony\Component\Console\Output\ConsoleOutput))
#32 {main}
simrs: connection id 228043571.634714734 received message: {"event":"pusher:ping","data":{}}.
Connection id 228043571.634714734 sending message {"event":"pusher:pong"}
simrs: connection id 228043571.634714734 received message: {"event":"pusher:ping","data":{}}.
Connection id 228043571.634714734 sending message {"event":"pusher:pong"}
Unhandled promise rejection with TypeError: React\Http\Io\ClientRequestStream::closeError(): Argument #1 ($error) must be of type Exception, Error given, called in /var/www/vendor/react/promise/src/Internal/RejectedPromise.php on line 73 and defined in /var/www/vendor/react/http/src/Io/ClientRequestStream.php:254
Stack trace:
#0 /var/www/vendor/react/promise/src/Internal/RejectedPromise.php(73): React\Http\Io\ClientRequestStream->closeError(Object(Error))
#1 /var/www/vendor/react/promise/src/Promise.php(47): React\Promise\Internal\RejectedPromise->then(Object(Closure), Array)
#2 /var/www/vendor/react/http/src/Io/ClientRequestStream.php(84): React\Promise\Promise->then(Object(Closure), Array)
#3 /var/www/vendor/react/http/src/Io/ClientRequestStream.php(131): React\Http\Io\ClientRequestStream->writeHead()
#4 /var/www/vendor/react/http/src/Io/ClientRequestStream.php(144): React\Http\Io\ClientRequestStream->write('{"app_id":"simr...')
#5 /var/www/vendor/react/http/src/Io/Sender.php(147): React\Http\Io\ClientRequestStream->end('{"app_id":"simr...')
#6 /var/www/vendor/react/http/src/Io/Transaction.php(146): React\Http\Io\Sender->send(Object(React\Http\Message\Request))
#7 /var/www/vendor/react/http/src/Io/Transaction.php(83): React\Http\Io\Transaction->next(Object(React\Http\Message\Request), Object(React\Promise\Deferred), Object(React\Http\Io\ClientRequestState))
#8 /var/www/vendor/react/http/src/Browser.php(854): React\Http\Io\Transaction->send(Object(React\Http\Message\Request))
#9 /var/www/vendor/react/http/src/Browser.php(177): React\Http\Browser->requestMayBeStreaming('POST', 'http://localhos...', Array, Object(GuzzleHttp\Psr7\Stream))
#10 /var/www/vendor/beyondcode/laravel-websockets/src/Statistics/Logger/HttpStatisticsLogger.php(81): React\Http\Browser->post('http://localhos...', Array, Object(GuzzleHttp\Psr7\Stream))
#11 /var/www/vendor/laravel/framework/src/Illuminate/Support/Facades/Facade.php(261): BeyondCode\LaravelWebSockets\Statistics\Logger\HttpStatisticsLogger->save()
#12 /var/www/vendor/beyondcode/laravel-websockets/src/Console/StartWebSocketServer.php(75): Illuminate\Support\Facades\Facade::__callStatic('save', Array)
#13 /var/www/vendor/react/event-loop/src/Timer/Timers.php(102): BeyondCode\LaravelWebSockets\Console\StartWebSocketServer->BeyondCode\LaravelWebSockets\Console\{closure}(Object(React\EventLoop\Timer\Timer))
#14 /var/www/vendor/react/event-loop/src/StreamSelectLoop.php(185): React\EventLoop\Timer\Timers->tick()
#15 /var/www/vendor/cboden/ratchet/src/Ratchet/Server/IoServer.php(74): React\EventLoop\StreamSelectLoop->run()
#16 /var/www/vendor/beyondcode/laravel-websockets/src/Console/StartWebSocketServer.php(155): Ratchet\Server\IoServer->run()
#17 /var/www/vendor/beyondcode/laravel-websockets/src/Console/StartWebSocketServer.php(52): BeyondCode\LaravelWebSockets\Console\StartWebSocketServer->startWebSocketServer()
#18 /var/www/vendor/laravel/framework/src/Illuminate/Container/BoundMethod.php(36): BeyondCode\LaravelWebSockets\Console\StartWebSocketServer->handle()
#19 /var/www/vendor/laravel/framework/src/Illuminate/Container/Util.php(40): Illuminate\Container\BoundMethod::Illuminate\Container\{closure}()
#20 /var/www/vendor/laravel/framework/src/Illuminate/Container/BoundMethod.php(93): Illuminate\Container\Util::unwrapIfClosure(Object(Closure))
#21 /var/www/vendor/laravel/framework/src/Illuminate/Container/BoundMethod.php(35): Illuminate\Container\BoundMethod::callBoundMethod(Object(Illuminate\Foundation\Application), Array, Object(Closure))
#22 /var/www/vendor/laravel/framework/src/Illuminate/Container/Container.php(653): Illuminate\Container\BoundMethod::call(Object(Illuminate\Foundation\Application), Array, Array, NULL)
#23 /var/www/vendor/laravel/framework/src/Illuminate/Console/Command.php(136): Illuminate\Container\Container->call(Array)
#24 /var/www/vendor/symfony/console/Command/Command.php(298): Illuminate\Console\Command->execute(Object(Symfony\Component\Console\Input\ArgvInput), Object(Illuminate\Console\OutputStyle))
#25 /var/www/vendor/laravel/framework/src/Illuminate/Console/Command.php(120): Symfony\Component\Console\Command\Command->run(Object(Symfony\Component\Console\Input\ArgvInput), Object(Illuminate\Console\OutputStyle))
#26 /var/www/vendor/symfony/console/Application.php(1040): Illuminate\Console\Command->run(Object(Symfony\Component\Console\Input\ArgvInput), Object(Symfony\Component\Console\Output\ConsoleOutput))
#27 /var/www/vendor/symfony/console/Application.php(301): Symfony\Component\Console\Application->doRunCommand(Object(BeyondCode\LaravelWebSockets\Console\StartWebSocketServer), Object(Symfony\Component\Console\Input\ArgvInput), Object(Symfony\Component\Console\Output\ConsoleOutput))
#28 /var/www/vendor/symfony/console/Application.php(171): Symfony\Component\Console\Application->doRun(Object(Symfony\Component\Console\Input\ArgvInput), Object(Symfony\Component\Console\Output\ConsoleOutput))
#29 /var/www/vendor/laravel/framework/src/Illuminate/Console/Application.php(94): Symfony\Component\Console\Application->run(Object(Symfony\Component\Console\Input\ArgvInput), Object(Symfony\Component\Console\Output\ConsoleOutput))
#30 /var/www/vendor/laravel/framework/src/Illuminate/Foundation/Console/Kernel.php(129): Illuminate\Console\Application->run(Object(Symfony\Component\Console\Input\ArgvInput), Object(Symfony\Component\Console\Output\ConsoleOutput))
#31 /var/www/artisan(35): Illuminate\Foundation\Console\Kernel->handle(Object(Symfony\Component\Console\Input\ArgvInput), Object(Symfony\Component\Console\Output\ConsoleOutput))
#32 {main}
simrs: connection id 228043571.634714734 received message: {"event":"pusher:ping","data":{}}.
Connection id 228043571.634714734 sending message {"event":"pusher:pong"}
simrs: connection id 228043571.634714734 received message: {"event":"pusher:ping","data":{}}.
Connection id 228043571.634714734 sending message {"event":"pusher:pong"}
Unhandled promise rejection with TypeError: React\Http\Io\ClientRequestStream::closeError(): Argument #1 ($error) must be of type Exception, Error given, called in /var/www/vendor/react/promise/src/Internal/RejectedPromise.php on line 73 and defined in /var/www/vendor/react/http/src/Io/ClientRequestStream.php:254
Stack trace:
#0 /var/www/vendor/react/promise/src/Internal/RejectedPromise.php(73): React\Http\Io\ClientRequestStream->closeError(Object(Error))
#1 /var/www/vendor/react/promise/src/Promise.php(47): React\Promise\Internal\RejectedPromise->then(Object(Closure), Array)
#2 /var/www/vendor/react/http/src/Io/ClientRequestStream.php(84): React\Promise\Promise->then(Object(Closure), Array)
#3 /var/www/vendor/react/http/src/Io/ClientRequestStream.php(131): React\Http\Io\ClientRequestStream->writeHead()
#4 /var/www/vendor/react/http/src/Io/ClientRequestStream.php(144): React\Http\Io\ClientRequestStream->write('{"app_id":"simr...')
#5 /var/www/vendor/react/http/src/Io/Sender.php(147): React\Http\Io\ClientRequestStream->end('{"app_id":"simr...')
#6 /var/www/vendor/react/http/src/Io/Transaction.php(146): React\Http\Io\Sender->send(Object(React\Http\Message\Request))
#7 /var/www/vendor/react/http/src/Io/Transaction.php(83): React\Http\Io\Transaction->next(Object(React\Http\Message\Request), Object(React\Promise\Deferred), Object(React\Http\Io\ClientRequestState))
#8 /var/www/vendor/react/http/src/Browser.php(854): React\Http\Io\Transaction->send(Object(React\Http\Message\Request))
#9 /var/www/vendor/react/http/src/Browser.php(177): React\Http\Browser->requestMayBeStreaming('POST', 'http://localhos...', Array, Object(GuzzleHttp\Psr7\Stream))
#10 /var/www/vendor/beyondcode/laravel-websockets/src/Statistics/Logger/HttpStatisticsLogger.php(81): React\Http\Browser->post('http://localhos...', Array, Object(GuzzleHttp\Psr7\Stream))
#11 /var/www/vendor/laravel/framework/src/Illuminate/Support/Facades/Facade.php(261): BeyondCode\LaravelWebSockets\Statistics\Logger\HttpStatisticsLogger->save()
#12 /var/www/vendor/beyondcode/laravel-websockets/src/Console/StartWebSocketServer.php(75): Illuminate\Support\Facades\Facade::__callStatic('save', Array)
#13 /var/www/vendor/react/event-loop/src/Timer/Timers.php(102): BeyondCode\LaravelWebSockets\Console\StartWebSocketServer->BeyondCode\LaravelWebSockets\Console\{closure}(Object(React\EventLoop\Timer\Timer))
#14 /var/www/vendor/react/event-loop/src/StreamSelectLoop.php(185): React\EventLoop\Timer\Timers->tick()
#15 /var/www/vendor/cboden/ratchet/src/Ratchet/Server/IoServer.php(74): React\EventLoop\StreamSelectLoop->run()
#16 /var/www/vendor/beyondcode/laravel-websockets/src/Console/StartWebSocketServer.php(155): Ratchet\Server\IoServer->run()
#17 /var/www/vendor/beyondcode/laravel-websockets/src/Console/StartWebSocketServer.php(52): BeyondCode\LaravelWebSockets\Console\StartWebSocketServer->startWebSocketServer()
#18 /var/www/vendor/laravel/framework/src/Illuminate/Container/BoundMethod.php(36): BeyondCode\LaravelWebSockets\Console\StartWebSocketServer->handle()
#19 /var/www/vendor/laravel/framework/src/Illuminate/Container/Util.php(40): Illuminate\Container\BoundMethod::Illuminate\Container\{closure}()
#20 /var/www/vendor/laravel/framework/src/Illuminate/Container/BoundMethod.php(93): Illuminate\Container\Util::unwrapIfClosure(Object(Closure))
#21 /var/www/vendor/laravel/framework/src/Illuminate/Container/BoundMethod.php(35): Illuminate\Container\BoundMethod::callBoundMethod(Object(Illuminate\Foundation\Application), Array, Object(Closure))
#22 /var/www/vendor/laravel/framework/src/Illuminate/Container/Container.php(653): Illuminate\Container\BoundMethod::call(Object(Illuminate\Foundation\Application), Array, Array, NULL)
#23 /var/www/vendor/laravel/framework/src/Illuminate/Console/Command.php(136): Illuminate\Container\Container->call(Array)
#24 /var/www/vendor/symfony/console/Command/Command.php(298): Illuminate\Console\Command->execute(Object(Symfony\Component\Console\Input\ArgvInput), Object(Illuminate\Console\OutputStyle))
#25 /var/www/vendor/laravel/framework/src/Illuminate/Console/Command.php(120): Symfony\Component\Console\Command\Command->run(Object(Symfony\Component\Console\Input\ArgvInput), Object(Illuminate\Console\OutputStyle))
#26 /var/www/vendor/symfony/console/Application.php(1040): Illuminate\Console\Command->run(Object(Symfony\Component\Console\Input\ArgvInput), Object(Symfony\Component\Console\Output\ConsoleOutput))
#27 /var/www/vendor/symfony/console/Application.php(301): Symfony\Component\Console\Application->doRunCommand(Object(BeyondCode\LaravelWebSockets\Console\StartWebSocketServer), Object(Symfony\Component\Console\Input\ArgvInput), Object(Symfony\Component\Console\Output\ConsoleOutput))
#28 /var/www/vendor/symfony/console/Application.php(171): Symfony\Component\Console\Application->doRun(Object(Symfony\Component\Console\Input\ArgvInput), Object(Symfony\Component\Console\Output\ConsoleOutput))
#29 /var/www/vendor/laravel/framework/src/Illuminate/Console/Application.php(94): Symfony\Component\Console\Application->run(Object(Symfony\Component\Console\Input\ArgvInput), Object(Symfony\Component\Console\Output\ConsoleOutput))
#30 /var/www/vendor/laravel/framework/src/Illuminate/Foundation/Console/Kernel.php(129): Illuminate\Console\Application->run(Object(Symfony\Component\Console\Input\ArgvInput), Object(Symfony\Component\Console\Output\ConsoleOutput))
#31 /var/www/artisan(35): Illuminate\Foundation\Console\Kernel->handle(Object(Symfony\Component\Console\Input\ArgvInput), Object(Symfony\Component\Console\Output\ConsoleOutput))
#32 {main}
simrs: connection id 228043571.634714734 received message: {"event":"pusher:ping","data":{}}.
Connection id 228043571.634714734 sending message {"event":"pusher:pong"}
simrs: connection id 228043571.634714734 received message: {"event":"pusher:ping","data":{}}.
Connection id 228043571.634714734 sending message {"event":"pusher:pong"}
Unhandled promise rejection with TypeError: React\Http\Io\ClientRequestStream::closeError(): Argument #1 ($error) must be of type Exception, Error given, called in /var/www/vendor/react/promise/src/Internal/RejectedPromise.php on line 73 and defined in /var/www/vendor/react/http/src/Io/ClientRequestStream.php:254
Stack trace:
#0 /var/www/vendor/react/promise/src/Internal/RejectedPromise.php(73): React\Http\Io\ClientRequestStream->closeError(Object(Error))
#1 /var/www/vendor/react/promise/src/Promise.php(47): React\Promise\Internal\RejectedPromise->then(Object(Closure), Array)
#2 /var/www/vendor/react/http/src/Io/ClientRequestStream.php(84): React\Promise\Promise->then(Object(Closure), Array)
#3 /var/www/vendor/react/http/src/Io/ClientRequestStream.php(131): React\Http\Io\ClientRequestStream->writeHead()
#4 /var/www/vendor/react/http/src/Io/ClientRequestStream.php(144): React\Http\Io\ClientRequestStream->write('{"app_id":"simr...')
#5 /var/www/vendor/react/http/src/Io/Sender.php(147): React\Http\Io\ClientRequestStream->end('{"app_id":"simr...')
#6 /var/www/vendor/react/http/src/Io/Transaction.php(146): React\Http\Io\Sender->send(Object(React\Http\Message\Request))
#7 /var/www/vendor/react/http/src/Io/Transaction.php(83): React\Http\Io\Transaction->next(Object(React\Http\Message\Request), Object(React\Promise\Deferred), Object(React\Http\Io\ClientRequestState))
#8 /var/www/vendor/react/http/src/Browser.php(854): React\Http\Io\Transaction->send(Object(React\Http\Message\Request))
#9 /var/www/vendor/react/http/src/Browser.php(177): React\Http\Browser->requestMayBeStreaming('POST', 'http://localhos...', Array, Object(GuzzleHttp\Psr7\Stream))
#10 /var/www/vendor/beyondcode/laravel-websockets/src/Statistics/Logger/HttpStatisticsLogger.php(81): React\Http\Browser->post('http://localhos...', Array, Object(GuzzleHttp\Psr7\Stream))
#11 /var/www/vendor/laravel/framework/src/Illuminate/Support/Facades/Facade.php(261): BeyondCode\LaravelWebSockets\Statistics\Logger\HttpStatisticsLogger->save()
#12 /var/www/vendor/beyondcode/laravel-websockets/src/Console/StartWebSocketServer.php(75): Illuminate\Support\Facades\Facade::__callStatic('save', Array)
#13 /var/www/vendor/react/event-loop/src/Timer/Timers.php(102): BeyondCode\LaravelWebSockets\Console\StartWebSocketServer->BeyondCode\LaravelWebSockets\Console\{closure}(Object(React\EventLoop\Timer\Timer))
#14 /var/www/vendor/react/event-loop/src/StreamSelectLoop.php(185): React\EventLoop\Timer\Timers->tick()
#15 /var/www/vendor/cboden/ratchet/src/Ratchet/Server/IoServer.php(74): React\EventLoop\StreamSelectLoop->run()
#16 /var/www/vendor/beyondcode/laravel-websockets/src/Console/StartWebSocketServer.php(155): Ratchet\Server\IoServer->run()
#17 /var/www/vendor/beyondcode/laravel-websockets/src/Console/StartWebSocketServer.php(52): BeyondCode\LaravelWebSockets\Console\StartWebSocketServer->startWebSocketServer()
#18 /var/www/vendor/laravel/framework/src/Illuminate/Container/BoundMethod.php(36): BeyondCode\LaravelWebSockets\Console\StartWebSocketServer->handle()
#19 /var/www/vendor/laravel/framework/src/Illuminate/Container/Util.php(40): Illuminate\Container\BoundMethod::Illuminate\Container\{closure}()
#20 /var/www/vendor/laravel/framework/src/Illuminate/Container/BoundMethod.php(93): Illuminate\Container\Util::unwrapIfClosure(Object(Closure))
#21 /var/www/vendor/laravel/framework/src/Illuminate/Container/BoundMethod.php(35): Illuminate\Container\BoundMethod::callBoundMethod(Object(Illuminate\Foundation\Application), Array, Object(Closure))
#22 /var/www/vendor/laravel/framework/src/Illuminate/Container/Container.php(653): Illuminate\Container\BoundMethod::call(Object(Illuminate\Foundation\Application), Array, Array, NULL)
#23 /var/www/vendor/laravel/framework/src/Illuminate/Console/Command.php(136): Illuminate\Container\Container->call(Array)
#24 /var/www/vendor/symfony/console/Command/Command.php(298): Illuminate\Console\Command->execute(Object(Symfony\Component\Console\Input\ArgvInput), Object(Illuminate\Console\OutputStyle))
#25 /var/www/vendor/laravel/framework/src/Illuminate/Console/Command.php(120): Symfony\Component\Console\Command\Command->run(Object(Symfony\Component\Console\Input\ArgvInput), Object(Illuminate\Console\OutputStyle))
#26 /var/www/vendor/symfony/console/Application.php(1040): Illuminate\Console\Command->run(Object(Symfony\Component\Console\Input\ArgvInput), Object(Symfony\Component\Console\Output\ConsoleOutput))
#27 /var/www/vendor/symfony/console/Application.php(301): Symfony\Component\Console\Application->doRunCommand(Object(BeyondCode\LaravelWebSockets\Console\StartWebSocketServer), Object(Symfony\Component\Console\Input\ArgvInput), Object(Symfony\Component\Console\Output\ConsoleOutput))
#28 /var/www/vendor/symfony/console/Application.php(171): Symfony\Component\Console\Application->doRun(Object(Symfony\Component\Console\Input\ArgvInput), Object(Symfony\Component\Console\Output\ConsoleOutput))
#29 /var/www/vendor/laravel/framework/src/Illuminate/Console/Application.php(94): Symfony\Component\Console\Application->run(Object(Symfony\Component\Console\Input\ArgvInput), Object(Symfony\Component\Console\Output\ConsoleOutput))
#30 /var/www/vendor/laravel/framework/src/Illuminate/Foundation/Console/Kernel.php(129): Illuminate\Console\Application->run(Object(Symfony\Component\Console\Input\ArgvInput), Object(Symfony\Component\Console\Output\ConsoleOutput))
#31 /var/www/artisan(35): Illuminate\Foundation\Console\Kernel->handle(Object(Symfony\Component\Console\Input\ArgvInput), Object(Symfony\Component\Console\Output\ConsoleOutput))
#32 {main}
simrs: connection id 228043571.634714734 received message: {"event":"pusher:ping","data":{}}.
Connection id 228043571.634714734 sending message {"event":"pusher:pong"}
simrs: connection id 228043571.634714734 received message: {"event":"pusher:ping","data":{}}.
Connection id 228043571.634714734 sending message {"event":"pusher:pong"}
Unhandled promise rejection with TypeError: React\Http\Io\ClientRequestStream::closeError(): Argument #1 ($error) must be of type Exception, Error given, called in /var/www/vendor/react/promise/src/Internal/RejectedPromise.php on line 73 and defined in /var/www/vendor/react/http/src/Io/ClientRequestStream.php:254
Stack trace:
#0 /var/www/vendor/react/promise/src/Internal/RejectedPromise.php(73): React\Http\Io\ClientRequestStream->closeError(Object(Error))
#1 /var/www/vendor/react/promise/src/Promise.php(47): React\Promise\Internal\RejectedPromise->then(Object(Closure), Array)
#2 /var/www/vendor/react/http/src/Io/ClientRequestStream.php(84): React\Promise\Promise->then(Object(Closure), Array)
#3 /var/www/vendor/react/http/src/Io/ClientRequestStream.php(131): React\Http\Io\ClientRequestStream->writeHead()
#4 /var/www/vendor/react/http/src/Io/ClientRequestStream.php(144): React\Http\Io\ClientRequestStream->write('{"app_id":"simr...')
#5 /var/www/vendor/react/http/src/Io/Sender.php(147): React\Http\Io\ClientRequestStream->end('{"app_id":"simr...')
#6 /var/www/vendor/react/http/src/Io/Transaction.php(146): React\Http\Io\Sender->send(Object(React\Http\Message\Request))
#7 /var/www/vendor/react/http/src/Io/Transaction.php(83): React\Http\Io\Transaction->next(Object(React\Http\Message\Request), Object(React\Promise\Deferred), Object(React\Http\Io\ClientRequestState))
#8 /var/www/vendor/react/http/src/Browser.php(854): React\Http\Io\Transaction->send(Object(React\Http\Message\Request))
#9 /var/www/vendor/react/http/src/Browser.php(177): React\Http\Browser->requestMayBeStreaming('POST', 'http://localhos...', Array, Object(GuzzleHttp\Psr7\Stream))
#10 /var/www/vendor/beyondcode/laravel-websockets/src/Statistics/Logger/HttpStatisticsLogger.php(81): React\Http\Browser->post('http://localhos...', Array, Object(GuzzleHttp\Psr7\Stream))
#11 /var/www/vendor/laravel/framework/src/Illuminate/Support/Facades/Facade.php(261): BeyondCode\LaravelWebSockets\Statistics\Logger\HttpStatisticsLogger->save()
#12 /var/www/vendor/beyondcode/laravel-websockets/src/Console/StartWebSocketServer.php(75): Illuminate\Support\Facades\Facade::__callStatic('save', Array)
#13 /var/www/vendor/react/event-loop/src/Timer/Timers.php(102): BeyondCode\LaravelWebSockets\Console\StartWebSocketServer->BeyondCode\LaravelWebSockets\Console\{closure}(Object(React\EventLoop\Timer\Timer))
#14 /var/www/vendor/react/event-loop/src/StreamSelectLoop.php(185): React\EventLoop\Timer\Timers->tick()
#15 /var/www/vendor/cboden/ratchet/src/Ratchet/Server/IoServer.php(74): React\EventLoop\StreamSelectLoop->run()
#16 /var/www/vendor/beyondcode/laravel-websockets/src/Console/StartWebSocketServer.php(155): Ratchet\Server\IoServer->run()
#17 /var/www/vendor/beyondcode/laravel-websockets/src/Console/StartWebSocketServer.php(52): BeyondCode\LaravelWebSockets\Console\StartWebSocketServer->startWebSocketServer()
#18 /var/www/vendor/laravel/framework/src/Illuminate/Container/BoundMethod.php(36): BeyondCode\LaravelWebSockets\Console\StartWebSocketServer->handle()
#19 /var/www/vendor/laravel/framework/src/Illuminate/Container/Util.php(40): Illuminate\Container\BoundMethod::Illuminate\Container\{closure}()
#20 /var/www/vendor/laravel/framework/src/Illuminate/Container/BoundMethod.php(93): Illuminate\Container\Util::unwrapIfClosure(Object(Closure))
#21 /var/www/vendor/laravel/framework/src/Illuminate/Container/BoundMethod.php(35): Illuminate\Container\BoundMethod::callBoundMethod(Object(Illuminate\Foundation\Application), Array, Object(Closure))
#22 /var/www/vendor/laravel/framework/src/Illuminate/Container/Container.php(653): Illuminate\Container\BoundMethod::call(Object(Illuminate\Foundation\Application), Array, Array, NULL)
#23 /var/www/vendor/laravel/framework/src/Illuminate/Console/Command.php(136): Illuminate\Container\Container->call(Array)
#24 /var/www/vendor/symfony/console/Command/Command.php(298): Illuminate\Console\Command->execute(Object(Symfony\Component\Console\Input\ArgvInput), Object(Illuminate\Console\OutputStyle))
#25 /var/www/vendor/laravel/framework/src/Illuminate/Console/Command.php(120): Symfony\Component\Console\Command\Command->run(Object(Symfony\Component\Console\Input\ArgvInput), Object(Illuminate\Console\OutputStyle))
#26 /var/www/vendor/symfony/console/Application.php(1040): Illuminate\Console\Command->run(Object(Symfony\Component\Console\Input\ArgvInput), Object(Symfony\Component\Console\Output\ConsoleOutput))
#27 /var/www/vendor/symfony/console/Application.php(301): Symfony\Component\Console\Application->doRunCommand(Object(BeyondCode\LaravelWebSockets\Console\StartWebSocketServer), Object(Symfony\Component\Console\Input\ArgvInput), Object(Symfony\Component\Console\Output\ConsoleOutput))
#28 /var/www/vendor/symfony/console/Application.php(171): Symfony\Component\Console\Application->doRun(Object(Symfony\Component\Console\Input\ArgvInput), Object(Symfony\Component\Console\Output\ConsoleOutput))
#29 /var/www/vendor/laravel/framework/src/Illuminate/Console/Application.php(94): Symfony\Component\Console\Application->run(Object(Symfony\Component\Console\Input\ArgvInput), Object(Symfony\Component\Console\Output\ConsoleOutput))
#30 /var/www/vendor/laravel/framework/src/Illuminate/Foundation/Console/Kernel.php(129): Illuminate\Console\Application->run(Object(Symfony\Component\Console\Input\ArgvInput), Object(Symfony\Component\Console\Output\ConsoleOutput))
#31 /var/www/artisan(35): Illuminate\Foundation\Console\Kernel->handle(Object(Symfony\Component\Console\Input\ArgvInput), Object(Symfony\Component\Console\Output\ConsoleOutput))
#32 {main}
simrs: connection id 228043571.634714734 received message: {"event":"pusher:ping","data":{}}.
Connection id 228043571.634714734 sending message {"event":"pusher:pong"}
simrs: connection id 228043571.634714734 received message: {"event":"pusher:ping","data":{}}.
Connection id 228043571.634714734 sending message {"event":"pusher:pong"}
Unhandled promise rejection with TypeError: React\Http\Io\ClientRequestStream::closeError(): Argument #1 ($error) must be of type Exception, Error given, called in /var/www/vendor/react/promise/src/Internal/RejectedPromise.php on line 73 and defined in /var/www/vendor/react/http/src/Io/ClientRequestStream.php:254
Stack trace:
#0 /var/www/vendor/react/promise/src/Internal/RejectedPromise.php(73): React\Http\Io\ClientRequestStream->closeError(Object(Error))
#1 /var/www/vendor/react/promise/src/Promise.php(47): React\Promise\Internal\RejectedPromise->then(Object(Closure), Array)
#2 /var/www/vendor/react/http/src/Io/ClientRequestStream.php(84): React\Promise\Promise->then(Object(Closure), Array)
#3 /var/www/vendor/react/http/src/Io/ClientRequestStream.php(131): React\Http\Io\ClientRequestStream->writeHead()
#4 /var/www/vendor/react/http/src/Io/ClientRequestStream.php(144): React\Http\Io\ClientRequestStream->write('{"app_id":"simr...')
#5 /var/www/vendor/react/http/src/Io/Sender.php(147): React\Http\Io\ClientRequestStream->end('{"app_id":"simr...')
#6 /var/www/vendor/react/http/src/Io/Transaction.php(146): React\Http\Io\Sender->send(Object(React\Http\Message\Request))
#7 /var/www/vendor/react/http/src/Io/Transaction.php(83): React\Http\Io\Transaction->next(Object(React\Http\Message\Request), Object(React\Promise\Deferred), Object(React\Http\Io\ClientRequestState))
#8 /var/www/vendor/react/http/src/Browser.php(854): React\Http\Io\Transaction->send(Object(React\Http\Message\Request))
#9 /var/www/vendor/react/http/src/Browser.php(177): React\Http\Browser->requestMayBeStreaming('POST', 'http://localhos...', Array, Object(GuzzleHttp\Psr7\Stream))
#10 /var/www/vendor/beyondcode/laravel-websockets/src/Statistics/Logger/HttpStatisticsLogger.php(81): React\Http\Browser->post('http://localhos...', Array, Object(GuzzleHttp\Psr7\Stream))
#11 /var/www/vendor/laravel/framework/src/Illuminate/Support/Facades/Facade.php(261): BeyondCode\LaravelWebSockets\Statistics\Logger\HttpStatisticsLogger->save()
#12 /var/www/vendor/beyondcode/laravel-websockets/src/Console/StartWebSocketServer.php(75): Illuminate\Support\Facades\Facade::__callStatic('save', Array)
#13 /var/www/vendor/react/event-loop/src/Timer/Timers.php(102): BeyondCode\LaravelWebSockets\Console\StartWebSocketServer->BeyondCode\LaravelWebSockets\Console\{closure}(Object(React\EventLoop\Timer\Timer))
#14 /var/www/vendor/react/event-loop/src/StreamSelectLoop.php(185): React\EventLoop\Timer\Timers->tick()
#15 /var/www/vendor/cboden/ratchet/src/Ratchet/Server/IoServer.php(74): React\EventLoop\StreamSelectLoop->run()
#16 /var/www/vendor/beyondcode/laravel-websockets/src/Console/StartWebSocketServer.php(155): Ratchet\Server\IoServer->run()
#17 /var/www/vendor/beyondcode/laravel-websockets/src/Console/StartWebSocketServer.php(52): BeyondCode\LaravelWebSockets\Console\StartWebSocketServer->startWebSocketServer()
#18 /var/www/vendor/laravel/framework/src/Illuminate/Container/BoundMethod.php(36): BeyondCode\LaravelWebSockets\Console\StartWebSocketServer->handle()
#19 /var/www/vendor/laravel/framework/src/Illuminate/Container/Util.php(40): Illuminate\Container\BoundMethod::Illuminate\Container\{closure}()
#20 /var/www/vendor/laravel/framework/src/Illuminate/Container/BoundMethod.php(93): Illuminate\Container\Util::unwrapIfClosure(Object(Closure))
#21 /var/www/vendor/laravel/framework/src/Illuminate/Container/BoundMethod.php(35): Illuminate\Container\BoundMethod::callBoundMethod(Object(Illuminate\Foundation\Application), Array, Object(Closure))
#22 /var/www/vendor/laravel/framework/src/Illuminate/Container/Container.php(653): Illuminate\Container\BoundMethod::call(Object(Illuminate\Foundation\Application), Array, Array, NULL)
#23 /var/www/vendor/laravel/framework/src/Illuminate/Console/Command.php(136): Illuminate\Container\Container->call(Array)
#24 /var/www/vendor/symfony/console/Command/Command.php(298): Illuminate\Console\Command->execute(Object(Symfony\Component\Console\Input\ArgvInput), Object(Illuminate\Console\OutputStyle))
#25 /var/www/vendor/laravel/framework/src/Illuminate/Console/Command.php(120): Symfony\Component\Console\Command\Command->run(Object(Symfony\Component\Console\Input\ArgvInput), Object(Illuminate\Console\OutputStyle))
#26 /var/www/vendor/symfony/console/Application.php(1040): Illuminate\Console\Command->run(Object(Symfony\Component\Console\Input\ArgvInput), Object(Symfony\Component\Console\Output\ConsoleOutput))
#27 /var/www/vendor/symfony/console/Application.php(301): Symfony\Component\Console\Application->doRunCommand(Object(BeyondCode\LaravelWebSockets\Console\StartWebSocketServer), Object(Symfony\Component\Console\Input\ArgvInput), Object(Symfony\Component\Console\Output\ConsoleOutput))
#28 /var/www/vendor/symfony/console/Application.php(171): Symfony\Component\Console\Application->doRun(Object(Symfony\Component\Console\Input\ArgvInput), Object(Symfony\Component\Console\Output\ConsoleOutput))
#29 /var/www/vendor/laravel/framework/src/Illuminate/Console/Application.php(94): Symfony\Component\Console\Application->run(Object(Symfony\Component\Console\Input\ArgvInput), Object(Symfony\Component\Console\Output\ConsoleOutput))
#30 /var/www/vendor/laravel/framework/src/Illuminate/Foundation/Console/Kernel.php(129): Illuminate\Console\Application->run(Object(Symfony\Component\Console\Input\ArgvInput), Object(Symfony\Component\Console\Output\ConsoleOutput))
#31 /var/www/artisan(35): Illuminate\Foundation\Console\Kernel->handle(Object(Symfony\Component\Console\Input\ArgvInput), Object(Symfony\Component\Console\Output\ConsoleOutput))
#32 {main}
simrs: connection id 228043571.634714734 received message: {"event":"pusher:ping","data":{}}.
Connection id 228043571.634714734 sending message {"event":"pusher:pong"}
simrs: connection id 228043571.634714734 received message: {"event":"pusher:ping","data":{}}.
Connection id 228043571.634714734 sending message {"event":"pusher:pong"}
Unhandled promise rejection with TypeError: React\Http\Io\ClientRequestStream::closeError(): Argument #1 ($error) must be of type Exception, Error given, called in /var/www/vendor/react/promise/src/Internal/RejectedPromise.php on line 73 and defined in /var/www/vendor/react/http/src/Io/ClientRequestStream.php:254
Stack trace:
#0 /var/www/vendor/react/promise/src/Internal/RejectedPromise.php(73): React\Http\Io\ClientRequestStream->closeError(Object(Error))
#1 /var/www/vendor/react/promise/src/Promise.php(47): React\Promise\Internal\RejectedPromise->then(Object(Closure), Array)
#2 /var/www/vendor/react/http/src/Io/ClientRequestStream.php(84): React\Promise\Promise->then(Object(Closure), Array)
#3 /var/www/vendor/react/http/src/Io/ClientRequestStream.php(131): React\Http\Io\ClientRequestStream->writeHead()
#4 /var/www/vendor/react/http/src/Io/ClientRequestStream.php(144): React\Http\Io\ClientRequestStream->write('{"app_id":"simr...')
#5 /var/www/vendor/react/http/src/Io/Sender.php(147): React\Http\Io\ClientRequestStream->end('{"app_id":"simr...')
#6 /var/www/vendor/react/http/src/Io/Transaction.php(146): React\Http\Io\Sender->send(Object(React\Http\Message\Request))
#7 /var/www/vendor/react/http/src/Io/Transaction.php(83): React\Http\Io\Transaction->next(Object(React\Http\Message\Request), Object(React\Promise\Deferred), Object(React\Http\Io\ClientRequestState))
#8 /var/www/vendor/react/http/src/Browser.php(854): React\Http\Io\Transaction->send(Object(React\Http\Message\Request))
#9 /var/www/vendor/react/http/src/Browser.php(177): React\Http\Browser->requestMayBeStreaming('POST', 'http://localhos...', Array, Object(GuzzleHttp\Psr7\Stream))
#10 /var/www/vendor/beyondcode/laravel-websockets/src/Statistics/Logger/HttpStatisticsLogger.php(81): React\Http\Browser->post('http://localhos...', Array, Object(GuzzleHttp\Psr7\Stream))
#11 /var/www/vendor/laravel/framework/src/Illuminate/Support/Facades/Facade.php(261): BeyondCode\LaravelWebSockets\Statistics\Logger\HttpStatisticsLogger->save()
#12 /var/www/vendor/beyondcode/laravel-websockets/src/Console/StartWebSocketServer.php(75): Illuminate\Support\Facades\Facade::__callStatic('save', Array)
#13 /var/www/vendor/react/event-loop/src/Timer/Timers.php(102): BeyondCode\LaravelWebSockets\Console\StartWebSocketServer->BeyondCode\LaravelWebSockets\Console\{closure}(Object(React\EventLoop\Timer\Timer))
#14 /var/www/vendor/react/event-loop/src/StreamSelectLoop.php(185): React\EventLoop\Timer\Timers->tick()
#15 /var/www/vendor/cboden/ratchet/src/Ratchet/Server/IoServer.php(74): React\EventLoop\StreamSelectLoop->run()
#16 /var/www/vendor/beyondcode/laravel-websockets/src/Console/StartWebSocketServer.php(155): Ratchet\Server\IoServer->run()
#17 /var/www/vendor/beyondcode/laravel-websockets/src/Console/StartWebSocketServer.php(52): BeyondCode\LaravelWebSockets\Console\StartWebSocketServer->startWebSocketServer()
#18 /var/www/vendor/laravel/framework/src/Illuminate/Container/BoundMethod.php(36): BeyondCode\LaravelWebSockets\Console\StartWebSocketServer->handle()
#19 /var/www/vendor/laravel/framework/src/Illuminate/Container/Util.php(40): Illuminate\Container\BoundMethod::Illuminate\Container\{closure}()
#20 /var/www/vendor/laravel/framework/src/Illuminate/Container/BoundMethod.php(93): Illuminate\Container\Util::unwrapIfClosure(Object(Closure))
#21 /var/www/vendor/laravel/framework/src/Illuminate/Container/BoundMethod.php(35): Illuminate\Container\BoundMethod::callBoundMethod(Object(Illuminate\Foundation\Application), Array, Object(Closure))
#22 /var/www/vendor/laravel/framework/src/Illuminate/Container/Container.php(653): Illuminate\Container\BoundMethod::call(Object(Illuminate\Foundation\Application), Array, Array, NULL)
#23 /var/www/vendor/laravel/framework/src/Illuminate/Console/Command.php(136): Illuminate\Container\Container->call(Array)
#24 /var/www/vendor/symfony/console/Command/Command.php(298): Illuminate\Console\Command->execute(Object(Symfony\Component\Console\Input\ArgvInput), Object(Illuminate\Console\OutputStyle))
#25 /var/www/vendor/laravel/framework/src/Illuminate/Console/Command.php(120): Symfony\Component\Console\Command\Command->run(Object(Symfony\Component\Console\Input\ArgvInput), Object(Illuminate\Console\OutputStyle))
#26 /var/www/vendor/symfony/console/Application.php(1040): Illuminate\Console\Command->run(Object(Symfony\Component\Console\Input\ArgvInput), Object(Symfony\Component\Console\Output\ConsoleOutput))
#27 /var/www/vendor/symfony/console/Application.php(301): Symfony\Component\Console\Application->doRunCommand(Object(BeyondCode\LaravelWebSockets\Console\StartWebSocketServer), Object(Symfony\Component\Console\Input\ArgvInput), Object(Symfony\Component\Console\Output\ConsoleOutput))
#28 /var/www/vendor/symfony/console/Application.php(171): Symfony\Component\Console\Application->doRun(Object(Symfony\Component\Console\Input\ArgvInput), Object(Symfony\Component\Console\Output\ConsoleOutput))
#29 /var/www/vendor/laravel/framework/src/Illuminate/Console/Application.php(94): Symfony\Component\Console\Application->run(Object(Symfony\Component\Console\Input\ArgvInput), Object(Symfony\Component\Console\Output\ConsoleOutput))
#30 /var/www/vendor/laravel/framework/src/Illuminate/Foundation/Console/Kernel.php(129): Illuminate\Console\Application->run(Object(Symfony\Component\Console\Input\ArgvInput), Object(Symfony\Component\Console\Output\ConsoleOutput))
#31 /var/www/artisan(35): Illuminate\Foundation\Console\Kernel->handle(Object(Symfony\Component\Console\Input\ArgvInput), Object(Symfony\Component\Console\Output\ConsoleOutput))
#32 {main}
simrs: connection id 228043571.634714734 received message: {"event":"pusher:ping","data":{}}.
Connection id 228043571.634714734 sending message {"event":"pusher:pong"}
simrs: connection id 228043571.634714734 received message: {"event":"pusher:ping","data":{}}.
Connection id 228043571.634714734 sending message {"event":"pusher:pong"}
Unhandled promise rejection with TypeError: React\Http\Io\ClientRequestStream::closeError(): Argument #1 ($error) must be of type Exception, Error given, called in /var/www/vendor/react/promise/src/Internal/RejectedPromise.php on line 73 and defined in /var/www/vendor/react/http/src/Io/ClientRequestStream.php:254
Stack trace:
#0 /var/www/vendor/react/promise/src/Internal/RejectedPromise.php(73): React\Http\Io\ClientRequestStream->closeError(Object(Error))
#1 /var/www/vendor/react/promise/src/Promise.php(47): React\Promise\Internal\RejectedPromise->then(Object(Closure), Array)
#2 /var/www/vendor/react/http/src/Io/ClientRequestStream.php(84): React\Promise\Promise->then(Object(Closure), Array)
#3 /var/www/vendor/react/http/src/Io/ClientRequestStream.php(131): React\Http\Io\ClientRequestStream->writeHead()
#4 /var/www/vendor/react/http/src/Io/ClientRequestStream.php(144): React\Http\Io\ClientRequestStream->write('{"app_id":"simr...')
#5 /var/www/vendor/react/http/src/Io/Sender.php(147): React\Http\Io\ClientRequestStream->end('{"app_id":"simr...')
#6 /var/www/vendor/react/http/src/Io/Transaction.php(146): React\Http\Io\Sender->send(Object(React\Http\Message\Request))
#7 /var/www/vendor/react/http/src/Io/Transaction.php(83): React\Http\Io\Transaction->next(Object(React\Http\Message\Request), Object(React\Promise\Deferred), Object(React\Http\Io\ClientRequestState))
#8 /var/www/vendor/react/http/src/Browser.php(854): React\Http\Io\Transaction->send(Object(React\Http\Message\Request))
#9 /var/www/vendor/react/http/src/Browser.php(177): React\Http\Browser->requestMayBeStreaming('POST', 'http://localhos...', Array, Object(GuzzleHttp\Psr7\Stream))
#10 /var/www/vendor/beyondcode/laravel-websockets/src/Statistics/Logger/HttpStatisticsLogger.php(81): React\Http\Browser->post('http://localhos...', Array, Object(GuzzleHttp\Psr7\Stream))
#11 /var/www/vendor/laravel/framework/src/Illuminate/Support/Facades/Facade.php(261): BeyondCode\LaravelWebSockets\Statistics\Logger\HttpStatisticsLogger->save()
#12 /var/www/vendor/beyondcode/laravel-websockets/src/Console/StartWebSocketServer.php(75): Illuminate\Support\Facades\Facade::__callStatic('save', Array)
#13 /var/www/vendor/react/event-loop/src/Timer/Timers.php(102): BeyondCode\LaravelWebSockets\Console\StartWebSocketServer->BeyondCode\LaravelWebSockets\Console\{closure}(Object(React\EventLoop\Timer\Timer))
#14 /var/www/vendor/react/event-loop/src/StreamSelectLoop.php(185): React\EventLoop\Timer\Timers->tick()
#15 /var/www/vendor/cboden/ratchet/src/Ratchet/Server/IoServer.php(74): React\EventLoop\StreamSelectLoop->run()
#16 /var/www/vendor/beyondcode/laravel-websockets/src/Console/StartWebSocketServer.php(155): Ratchet\Server\IoServer->run()
#17 /var/www/vendor/beyondcode/laravel-websockets/src/Console/StartWebSocketServer.php(52): BeyondCode\LaravelWebSockets\Console\StartWebSocketServer->startWebSocketServer()
#18 /var/www/vendor/laravel/framework/src/Illuminate/Container/BoundMethod.php(36): BeyondCode\LaravelWebSockets\Console\StartWebSocketServer->handle()
#19 /var/www/vendor/laravel/framework/src/Illuminate/Container/Util.php(40): Illuminate\Container\BoundMethod::Illuminate\Container\{closure}()
#20 /var/www/vendor/laravel/framework/src/Illuminate/Container/BoundMethod.php(93): Illuminate\Container\Util::unwrapIfClosure(Object(Closure))
#21 /var/www/vendor/laravel/framework/src/Illuminate/Container/BoundMethod.php(35): Illuminate\Container\BoundMethod::callBoundMethod(Object(Illuminate\Foundation\Application), Array, Object(Closure))
#22 /var/www/vendor/laravel/framework/src/Illuminate/Container/Container.php(653): Illuminate\Container\BoundMethod::call(Object(Illuminate\Foundation\Application), Array, Array, NULL)
#23 /var/www/vendor/laravel/framework/src/Illuminate/Console/Command.php(136): Illuminate\Container\Container->call(Array)
#24 /var/www/vendor/symfony/console/Command/Command.php(298): Illuminate\Console\Command->execute(Object(Symfony\Component\Console\Input\ArgvInput), Object(Illuminate\Console\OutputStyle))
#25 /var/www/vendor/laravel/framework/src/Illuminate/Console/Command.php(120): Symfony\Component\Console\Command\Command->run(Object(Symfony\Component\Console\Input\ArgvInput), Object(Illuminate\Console\OutputStyle))
#26 /var/www/vendor/symfony/console/Application.php(1040): Illuminate\Console\Command->run(Object(Symfony\Component\Console\Input\ArgvInput), Object(Symfony\Component\Console\Output\ConsoleOutput))
#27 /var/www/vendor/symfony/console/Application.php(301): Symfony\Component\Console\Application->doRunCommand(Object(BeyondCode\LaravelWebSockets\Console\StartWebSocketServer), Object(Symfony\Component\Console\Input\ArgvInput), Object(Symfony\Component\Console\Output\ConsoleOutput))
#28 /var/www/vendor/symfony/console/Application.php(171): Symfony\Component\Console\Application->doRun(Object(Symfony\Component\Console\Input\ArgvInput), Object(Symfony\Component\Console\Output\ConsoleOutput))
#29 /var/www/vendor/laravel/framework/src/Illuminate/Console/Application.php(94): Symfony\Component\Console\Application->run(Object(Symfony\Component\Console\Input\ArgvInput), Object(Symfony\Component\Console\Output\ConsoleOutput))
#30 /var/www/vendor/laravel/framework/src/Illuminate/Foundation/Console/Kernel.php(129): Illuminate\Console\Application->run(Object(Symfony\Component\Console\Input\ArgvInput), Object(Symfony\Component\Console\Output\ConsoleOutput))
#31 /var/www/artisan(35): Illuminate\Foundation\Console\Kernel->handle(Object(Symfony\Component\Console\Input\ArgvInput), Object(Symfony\Component\Console\Output\ConsoleOutput))
#32 {main}
simrs: connection id 228043571.634714734 received message: {"event":"pusher:ping","data":{}}.
Connection id 228043571.634714734 sending message {"event":"pusher:pong"}
simrs: connection id 228043571.634714734 received message: {"event":"pusher:ping","data":{}}.
Connection id 228043571.634714734 sending message {"event":"pusher:pong"}
Unhandled promise rejection with TypeError: React\Http\Io\ClientRequestStream::closeError(): Argument #1 ($error) must be of type Exception, Error given, called in /var/www/vendor/react/promise/src/Internal/RejectedPromise.php on line 73 and defined in /var/www/vendor/react/http/src/Io/ClientRequestStream.php:254
Stack trace:
#0 /var/www/vendor/react/promise/src/Internal/RejectedPromise.php(73): React\Http\Io\ClientRequestStream->closeError(Object(Error))
#1 /var/www/vendor/react/promise/src/Promise.php(47): React\Promise\Internal\RejectedPromise->then(Object(Closure), Array)
#2 /var/www/vendor/react/http/src/Io/ClientRequestStream.php(84): React\Promise\Promise->then(Object(Closure), Array)
#3 /var/www/vendor/react/http/src/Io/ClientRequestStream.php(131): React\Http\Io\ClientRequestStream->writeHead()
#4 /var/www/vendor/react/http/src/Io/ClientRequestStream.php(144): React\Http\Io\ClientRequestStream->write('{"app_id":"simr...')
#5 /var/www/vendor/react/http/src/Io/Sender.php(147): React\Http\Io\ClientRequestStream->end('{"app_id":"simr...')
#6 /var/www/vendor/react/http/src/Io/Transaction.php(146): React\Http\Io\Sender->send(Object(React\Http\Message\Request))
#7 /var/www/vendor/react/http/src/Io/Transaction.php(83): React\Http\Io\Transaction->next(Object(React\Http\Message\Request), Object(React\Promise\Deferred), Object(React\Http\Io\ClientRequestState))
#8 /var/www/vendor/react/http/src/Browser.php(854): React\Http\Io\Transaction->send(Object(React\Http\Message\Request))
#9 /var/www/vendor/react/http/src/Browser.php(177): React\Http\Browser->requestMayBeStreaming('POST', 'http://localhos...', Array, Object(GuzzleHttp\Psr7\Stream))
#10 /var/www/vendor/beyondcode/laravel-websockets/src/Statistics/Logger/HttpStatisticsLogger.php(81): React\Http\Browser->post('http://localhos...', Array, Object(GuzzleHttp\Psr7\Stream))
#11 /var/www/vendor/laravel/framework/src/Illuminate/Support/Facades/Facade.php(261): BeyondCode\LaravelWebSockets\Statistics\Logger\HttpStatisticsLogger->save()
#12 /var/www/vendor/beyondcode/laravel-websockets/src/Console/StartWebSocketServer.php(75): Illuminate\Support\Facades\Facade::__callStatic('save', Array)
#13 /var/www/vendor/react/event-loop/src/Timer/Timers.php(102): BeyondCode\LaravelWebSockets\Console\StartWebSocketServer->BeyondCode\LaravelWebSockets\Console\{closure}(Object(React\EventLoop\Timer\Timer))
#14 /var/www/vendor/react/event-loop/src/StreamSelectLoop.php(185): React\EventLoop\Timer\Timers->tick()
#15 /var/www/vendor/cboden/ratchet/src/Ratchet/Server/IoServer.php(74): React\EventLoop\StreamSelectLoop->run()
#16 /var/www/vendor/beyondcode/laravel-websockets/src/Console/StartWebSocketServer.php(155): Ratchet\Server\IoServer->run()
#17 /var/www/vendor/beyondcode/laravel-websockets/src/Console/StartWebSocketServer.php(52): BeyondCode\LaravelWebSockets\Console\StartWebSocketServer->startWebSocketServer()
#18 /var/www/vendor/laravel/framework/src/Illuminate/Container/BoundMethod.php(36): BeyondCode\LaravelWebSockets\Console\StartWebSocketServer->handle()
#19 /var/www/vendor/laravel/framework/src/Illuminate/Container/Util.php(40): Illuminate\Container\BoundMethod::Illuminate\Container\{closure}()
#20 /var/www/vendor/laravel/framework/src/Illuminate/Container/BoundMethod.php(93): Illuminate\Container\Util::unwrapIfClosure(Object(Closure))
#21 /var/www/vendor/laravel/framework/src/Illuminate/Container/BoundMethod.php(35): Illuminate\Container\BoundMethod::callBoundMethod(Object(Illuminate\Foundation\Application), Array, Object(Closure))
#22 /var/www/vendor/laravel/framework/src/Illuminate/Container/Container.php(653): Illuminate\Container\BoundMethod::call(Object(Illuminate\Foundation\Application), Array, Array, NULL)
#23 /var/www/vendor/laravel/framework/src/Illuminate/Console/Command.php(136): Illuminate\Container\Container->call(Array)
#24 /var/www/vendor/symfony/console/Command/Command.php(298): Illuminate\Console\Command->execute(Object(Symfony\Component\Console\Input\ArgvInput), Object(Illuminate\Console\OutputStyle))
#25 /var/www/vendor/laravel/framework/src/Illuminate/Console/Command.php(120): Symfony\Component\Console\Command\Command->run(Object(Symfony\Component\Console\Input\ArgvInput), Object(Illuminate\Console\OutputStyle))
#26 /var/www/vendor/symfony/console/Application.php(1040): Illuminate\Console\Command->run(Object(Symfony\Component\Console\Input\ArgvInput), Object(Symfony\Component\Console\Output\ConsoleOutput))
#27 /var/www/vendor/symfony/console/Application.php(301): Symfony\Component\Console\Application->doRunCommand(Object(BeyondCode\LaravelWebSockets\Console\StartWebSocketServer), Object(Symfony\Component\Console\Input\ArgvInput), Object(Symfony\Component\Console\Output\ConsoleOutput))
#28 /var/www/vendor/symfony/console/Application.php(171): Symfony\Component\Console\Application->doRun(Object(Symfony\Component\Console\Input\ArgvInput), Object(Symfony\Component\Console\Output\ConsoleOutput))
#29 /var/www/vendor/laravel/framework/src/Illuminate/Console/Application.php(94): Symfony\Component\Console\Application->run(Object(Symfony\Component\Console\Input\ArgvInput), Object(Symfony\Component\Console\Output\ConsoleOutput))
#30 /var/www/vendor/laravel/framework/src/Illuminate/Foundation/Console/Kernel.php(129): Illuminate\Console\Application->run(Object(Symfony\Component\Console\Input\ArgvInput), Object(Symfony\Component\Console\Output\ConsoleOutput))
#31 /var/www/artisan(35): Illuminate\Foundation\Console\Kernel->handle(Object(Symfony\Component\Console\Input\ArgvInput), Object(Symfony\Component\Console\Output\ConsoleOutput))
#32 {main}
simrs: connection id 228043571.634714734 received message: {"event":"pusher:ping","data":{}}.
Connection id 228043571.634714734 sending message {"event":"pusher:pong"}
simrs: connection id 228043571.634714734 received message: {"event":"pusher:ping","data":{}}.
Connection id 228043571.634714734 sending message {"event":"pusher:pong"}
Unhandled promise rejection with TypeError: React\Http\Io\ClientRequestStream::closeError(): Argument #1 ($error) must be of type Exception, Error given, called in /var/www/vendor/react/promise/src/Internal/RejectedPromise.php on line 73 and defined in /var/www/vendor/react/http/src/Io/ClientRequestStream.php:254
Stack trace:
#0 /var/www/vendor/react/promise/src/Internal/RejectedPromise.php(73): React\Http\Io\ClientRequestStream->closeError(Object(Error))
#1 /var/www/vendor/react/promise/src/Promise.php(47): React\Promise\Internal\RejectedPromise->then(Object(Closure), Array)
#2 /var/www/vendor/react/http/src/Io/ClientRequestStream.php(84): React\Promise\Promise->then(Object(Closure), Array)
#3 /var/www/vendor/react/http/src/Io/ClientRequestStream.php(131): React\Http\Io\ClientRequestStream->writeHead()
#4 /var/www/vendor/react/http/src/Io/ClientRequestStream.php(144): React\Http\Io\ClientRequestStream->write('{"app_id":"simr...')
#5 /var/www/vendor/react/http/src/Io/Sender.php(147): React\Http\Io\ClientRequestStream->end('{"app_id":"simr...')
#6 /var/www/vendor/react/http/src/Io/Transaction.php(146): React\Http\Io\Sender->send(Object(React\Http\Message\Request))
#7 /var/www/vendor/react/http/src/Io/Transaction.php(83): React\Http\Io\Transaction->next(Object(React\Http\Message\Request), Object(React\Promise\Deferred), Object(React\Http\Io\ClientRequestState))
#8 /var/www/vendor/react/http/src/Browser.php(854): React\Http\Io\Transaction->send(Object(React\Http\Message\Request))
#9 /var/www/vendor/react/http/src/Browser.php(177): React\Http\Browser->requestMayBeStreaming('POST', 'http://localhos...', Array, Object(GuzzleHttp\Psr7\Stream))
#10 /var/www/vendor/beyondcode/laravel-websockets/src/Statistics/Logger/HttpStatisticsLogger.php(81): React\Http\Browser->post('http://localhos...', Array, Object(GuzzleHttp\Psr7\Stream))
#11 /var/www/vendor/laravel/framework/src/Illuminate/Support/Facades/Facade.php(261): BeyondCode\LaravelWebSockets\Statistics\Logger\HttpStatisticsLogger->save()
#12 /var/www/vendor/beyondcode/laravel-websockets/src/Console/StartWebSocketServer.php(75): Illuminate\Support\Facades\Facade::__callStatic('save', Array)
#13 /var/www/vendor/react/event-loop/src/Timer/Timers.php(102): BeyondCode\LaravelWebSockets\Console\StartWebSocketServer->BeyondCode\LaravelWebSockets\Console\{closure}(Object(React\EventLoop\Timer\Timer))
#14 /var/www/vendor/react/event-loop/src/StreamSelectLoop.php(185): React\EventLoop\Timer\Timers->tick()
#15 /var/www/vendor/cboden/ratchet/src/Ratchet/Server/IoServer.php(74): React\EventLoop\StreamSelectLoop->run()
#16 /var/www/vendor/beyondcode/laravel-websockets/src/Console/StartWebSocketServer.php(155): Ratchet\Server\IoServer->run()
#17 /var/www/vendor/beyondcode/laravel-websockets/src/Console/StartWebSocketServer.php(52): BeyondCode\LaravelWebSockets\Console\StartWebSocketServer->startWebSocketServer()
#18 /var/www/vendor/laravel/framework/src/Illuminate/Container/BoundMethod.php(36): BeyondCode\LaravelWebSockets\Console\StartWebSocketServer->handle()
#19 /var/www/vendor/laravel/framework/src/Illuminate/Container/Util.php(40): Illuminate\Container\BoundMethod::Illuminate\Container\{closure}()
#20 /var/www/vendor/laravel/framework/src/Illuminate/Container/BoundMethod.php(93): Illuminate\Container\Util::unwrapIfClosure(Object(Closure))
#21 /var/www/vendor/laravel/framework/src/Illuminate/Container/BoundMethod.php(35): Illuminate\Container\BoundMethod::callBoundMethod(Object(Illuminate\Foundation\Application), Array, Object(Closure))
#22 /var/www/vendor/laravel/framework/src/Illuminate/Container/Container.php(653): Illuminate\Container\BoundMethod::call(Object(Illuminate\Foundation\Application), Array, Array, NULL)
#23 /var/www/vendor/laravel/framework/src/Illuminate/Console/Command.php(136): Illuminate\Container\Container->call(Array)
#24 /var/www/vendor/symfony/console/Command/Command.php(298): Illuminate\Console\Command->execute(Object(Symfony\Component\Console\Input\ArgvInput), Object(Illuminate\Console\OutputStyle))
#25 /var/www/vendor/laravel/framework/src/Illuminate/Console/Command.php(120): Symfony\Component\Console\Command\Command->run(Object(Symfony\Component\Console\Input\ArgvInput), Object(Illuminate\Console\OutputStyle))
#26 /var/www/vendor/symfony/console/Application.php(1040): Illuminate\Console\Command->run(Object(Symfony\Component\Console\Input\ArgvInput), Object(Symfony\Component\Console\Output\ConsoleOutput))
#27 /var/www/vendor/symfony/console/Application.php(301): Symfony\Component\Console\Application->doRunCommand(Object(BeyondCode\LaravelWebSockets\Console\StartWebSocketServer), Object(Symfony\Component\Console\Input\ArgvInput), Object(Symfony\Component\Console\Output\ConsoleOutput))
#28 /var/www/vendor/symfony/console/Application.php(171): Symfony\Component\Console\Application->doRun(Object(Symfony\Component\Console\Input\ArgvInput), Object(Symfony\Component\Console\Output\ConsoleOutput))
#29 /var/www/vendor/laravel/framework/src/Illuminate/Console/Application.php(94): Symfony\Component\Console\Application->run(Object(Symfony\Component\Console\Input\ArgvInput), Object(Symfony\Component\Console\Output\ConsoleOutput))
#30 /var/www/vendor/laravel/framework/src/Illuminate/Foundation/Console/Kernel.php(129): Illuminate\Console\Application->run(Object(Symfony\Component\Console\Input\ArgvInput), Object(Symfony\Component\Console\Output\ConsoleOutput))
#31 /var/www/artisan(35): Illuminate\Foundation\Console\Kernel->handle(Object(Symfony\Component\Console\Input\ArgvInput), Object(Symfony\Component\Console\Output\ConsoleOutput))
#32 {main}
simrs: connection id 228043571.634714734 received message: {"event":"pusher:ping","data":{}}.
Connection id 228043571.634714734 sending message {"event":"pusher:pong"}
Connection id 228043571.634714734 closed.
New connection opened for app key simrs_key_harry141312.
Connection id 534179264.423503894 sending message {"event":"pusher:connection_established","data":"{\"socket_id\":\"534179264.423503894\",\"activity_timeout\":30}"}
simrs: connection id 534179264.423503894 received message: {"event":"pusher:subscribe","data":{"auth":"","channel":"public.playground.1"}}.
Connection id 534179264.423503894 sending message {"event":"pusher_internal:subscription_succeeded","channel":"public.playground.1"}
New connection opened for app key simrs_key_harry141312.
Connection id 425334999.271483855 sending message {"event":"pusher:connection_established","data":"{\"socket_id\":\"425334999.271483855\",\"activity_timeout\":30}"}
simrs: connection id 425334999.271483855 received message: {"event":"pusher:subscribe","data":{"auth":"","channel":"public.playground.1"}}.
Connection id 425334999.271483855 sending message {"event":"pusher_internal:subscription_succeeded","channel":"public.playground.1"}
simrs: connection id 425334999.271483855 received message: {"event":"pusher:subscribe","data":{"auth":"simrs_key_harry141312:1f4a33ca93b183af66fcdee62757b6a856387f5333e8712a877396667cce97b3","channel":"private-private.notif.permintaan-laborat"}}.
Connection id 425334999.271483855 sending message {"event":"pusher_internal:subscription_succeeded","channel":"private-private.notif.permintaan-laborat"}
simrs: connection id 534179264.423503894 received message: {"event":"pusher:ping","data":{}}.
Connection id 534179264.423503894 sending message {"event":"pusher:pong"}
Unhandled promise rejection with TypeError: React\Http\Io\ClientRequestStream::closeError(): Argument #1 ($error) must be of type Exception, Error given, called in /var/www/vendor/react/promise/src/Internal/RejectedPromise.php on line 73 and defined in /var/www/vendor/react/http/src/Io/ClientRequestStream.php:254
Stack trace:
#0 /var/www/vendor/react/promise/src/Internal/RejectedPromise.php(73): React\Http\Io\ClientRequestStream->closeError(Object(Error))
#1 /var/www/vendor/react/promise/src/Promise.php(47): React\Promise\Internal\RejectedPromise->then(Object(Closure), Array)
#2 /var/www/vendor/react/http/src/Io/ClientRequestStream.php(84): React\Promise\Promise->then(Object(Closure), Array)
#3 /var/www/vendor/react/http/src/Io/ClientRequestStream.php(131): React\Http\Io\ClientRequestStream->writeHead()
#4 /var/www/vendor/react/http/src/Io/ClientRequestStream.php(144): React\Http\Io\ClientRequestStream->write('{"app_id":"simr...')
#5 /var/www/vendor/react/http/src/Io/Sender.php(147): React\Http\Io\ClientRequestStream->end('{"app_id":"simr...')
#6 /var/www/vendor/react/http/src/Io/Transaction.php(146): React\Http\Io\Sender->send(Object(React\Http\Message\Request))
#7 /var/www/vendor/react/http/src/Io/Transaction.php(83): React\Http\Io\Transaction->next(Object(React\Http\Message\Request), Object(React\Promise\Deferred), Object(React\Http\Io\ClientRequestState))
#8 /var/www/vendor/react/http/src/Browser.php(854): React\Http\Io\Transaction->send(Object(React\Http\Message\Request))
#9 /var/www/vendor/react/http/src/Browser.php(177): React\Http\Browser->requestMayBeStreaming('POST', 'http://localhos...', Array, Object(GuzzleHttp\Psr7\Stream))
#10 /var/www/vendor/beyondcode/laravel-websockets/src/Statistics/Logger/HttpStatisticsLogger.php(81): React\Http\Browser->post('http://localhos...', Array, Object(GuzzleHttp\Psr7\Stream))
#11 /var/www/vendor/laravel/framework/src/Illuminate/Support/Facades/Facade.php(261): BeyondCode\LaravelWebSockets\Statistics\Logger\HttpStatisticsLogger->save()
#12 /var/www/vendor/beyondcode/laravel-websockets/src/Console/StartWebSocketServer.php(75): Illuminate\Support\Facades\Facade::__callStatic('save', Array)
#13 /var/www/vendor/react/event-loop/src/Timer/Timers.php(102): BeyondCode\LaravelWebSockets\Console\StartWebSocketServer->BeyondCode\LaravelWebSockets\Console\{closure}(Object(React\EventLoop\Timer\Timer))
#14 /var/www/vendor/react/event-loop/src/StreamSelectLoop.php(185): React\EventLoop\Timer\Timers->tick()
#15 /var/www/vendor/cboden/ratchet/src/Ratchet/Server/IoServer.php(74): React\EventLoop\StreamSelectLoop->run()
#16 /var/www/vendor/beyondcode/laravel-websockets/src/Console/StartWebSocketServer.php(155): Ratchet\Server\IoServer->run()
#17 /var/www/vendor/beyondcode/laravel-websockets/src/Console/StartWebSocketServer.php(52): BeyondCode\LaravelWebSockets\Console\StartWebSocketServer->startWebSocketServer()
#18 /var/www/vendor/laravel/framework/src/Illuminate/Container/BoundMethod.php(36): BeyondCode\LaravelWebSockets\Console\StartWebSocketServer->handle()
#19 /var/www/vendor/laravel/framework/src/Illuminate/Container/Util.php(40): Illuminate\Container\BoundMethod::Illuminate\Container\{closure}()
#20 /var/www/vendor/laravel/framework/src/Illuminate/Container/BoundMethod.php(93): Illuminate\Container\Util::unwrapIfClosure(Object(Closure))
#21 /var/www/vendor/laravel/framework/src/Illuminate/Container/BoundMethod.php(35): Illuminate\Container\BoundMethod::callBoundMethod(Object(Illuminate\Foundation\Application), Array, Object(Closure))
#22 /var/www/vendor/laravel/framework/src/Illuminate/Container/Container.php(653): Illuminate\Container\BoundMethod::call(Object(Illuminate\Foundation\Application), Array, Array, NULL)
#23 /var/www/vendor/laravel/framework/src/Illuminate/Console/Command.php(136): Illuminate\Container\Container->call(Array)
#24 /var/www/vendor/symfony/console/Command/Command.php(298): Illuminate\Console\Command->execute(Object(Symfony\Component\Console\Input\ArgvInput), Object(Illuminate\Console\OutputStyle))
#25 /var/www/vendor/laravel/framework/src/Illuminate/Console/Command.php(120): Symfony\Component\Console\Command\Command->run(Object(Symfony\Component\Console\Input\ArgvInput), Object(Illuminate\Console\OutputStyle))
#26 /var/www/vendor/symfony/console/Application.php(1040): Illuminate\Console\Command->run(Object(Symfony\Component\Console\Input\ArgvInput), Object(Symfony\Component\Console\Output\ConsoleOutput))
#27 /var/www/vendor/symfony/console/Application.php(301): Symfony\Component\Console\Application->doRunCommand(Object(BeyondCode\LaravelWebSockets\Console\StartWebSocketServer), Object(Symfony\Component\Console\Input\ArgvInput), Object(Symfony\Component\Console\Output\ConsoleOutput))
#28 /var/www/vendor/symfony/console/Application.php(171): Symfony\Component\Console\Application->doRun(Object(Symfony\Component\Console\Input\ArgvInput), Object(Symfony\Component\Console\Output\ConsoleOutput))
#29 /var/www/vendor/laravel/framework/src/Illuminate/Console/Application.php(94): Symfony\Component\Console\Application->run(Object(Symfony\Component\Console\Input\ArgvInput), Object(Symfony\Component\Console\Output\ConsoleOutput))
#30 /var/www/vendor/laravel/framework/src/Illuminate/Foundation/Console/Kernel.php(129): Illuminate\Console\Application->run(Object(Symfony\Component\Console\Input\ArgvInput), Object(Symfony\Component\Console\Output\ConsoleOutput))
#31 /var/www/artisan(35): Illuminate\Foundation\Console\Kernel->handle(Object(Symfony\Component\Console\Input\ArgvInput), Object(Symfony\Component\Console\Output\ConsoleOutput))
#32 {main}
simrs: connection id 425334999.271483855 received message: {"event":"pusher:ping","data":{}}.
Connection id 425334999.271483855 sending message {"event":"pusher:pong"}
simrs: connection id 534179264.423503894 received message: {"event":"pusher:ping","data":{}}.
Connection id 534179264.423503894 sending message {"event":"pusher:pong"}
simrs: connection id 425334999.271483855 received message: {"event":"pusher:ping","data":{}}.
Connection id 425334999.271483855 sending message {"event":"pusher:pong"}
simrs: connection id 534179264.423503894 received message: {"event":"pusher:ping","data":{}}.
Connection id 534179264.423503894 sending message {"event":"pusher:pong"}
Unhandled promise rejection with TypeError: React\Http\Io\ClientRequestStream::closeError(): Argument #1 ($error) must be of type Exception, Error given, called in /var/www/vendor/react/promise/src/Internal/RejectedPromise.php on line 73 and defined in /var/www/vendor/react/http/src/Io/ClientRequestStream.php:254
Stack trace:
#0 /var/www/vendor/react/promise/src/Internal/RejectedPromise.php(73): React\Http\Io\ClientRequestStream->closeError(Object(Error))
#1 /var/www/vendor/react/promise/src/Promise.php(47): React\Promise\Internal\RejectedPromise->then(Object(Closure), Array)
#2 /var/www/vendor/react/http/src/Io/ClientRequestStream.php(84): React\Promise\Promise->then(Object(Closure), Array)
#3 /var/www/vendor/react/http/src/Io/ClientRequestStream.php(131): React\Http\Io\ClientRequestStream->writeHead()
#4 /var/www/vendor/react/http/src/Io/ClientRequestStream.php(144): React\Http\Io\ClientRequestStream->write('{"app_id":"simr...')
#5 /var/www/vendor/react/http/src/Io/Sender.php(147): React\Http\Io\ClientRequestStream->end('{"app_id":"simr...')
#6 /var/www/vendor/react/http/src/Io/Transaction.php(146): React\Http\Io\Sender->send(Object(React\Http\Message\Request))
#7 /var/www/vendor/react/http/src/Io/Transaction.php(83): React\Http\Io\Transaction->next(Object(React\Http\Message\Request), Object(React\Promise\Deferred), Object(React\Http\Io\ClientRequestState))
#8 /var/www/vendor/react/http/src/Browser.php(854): React\Http\Io\Transaction->send(Object(React\Http\Message\Request))
#9 /var/www/vendor/react/http/src/Browser.php(177): React\Http\Browser->requestMayBeStreaming('POST', 'http://localhos...', Array, Object(GuzzleHttp\Psr7\Stream))
#10 /var/www/vendor/beyondcode/laravel-websockets/src/Statistics/Logger/HttpStatisticsLogger.php(81): React\Http\Browser->post('http://localhos...', Array, Object(GuzzleHttp\Psr7\Stream))
#11 /var/www/vendor/laravel/framework/src/Illuminate/Support/Facades/Facade.php(261): BeyondCode\LaravelWebSockets\Statistics\Logger\HttpStatisticsLogger->save()
#12 /var/www/vendor/beyondcode/laravel-websockets/src/Console/StartWebSocketServer.php(75): Illuminate\Support\Facades\Facade::__callStatic('save', Array)
#13 /var/www/vendor/react/event-loop/src/Timer/Timers.php(102): BeyondCode\LaravelWebSockets\Console\StartWebSocketServer->BeyondCode\LaravelWebSockets\Console\{closure}(Object(React\EventLoop\Timer\Timer))
#14 /var/www/vendor/react/event-loop/src/StreamSelectLoop.php(185): React\EventLoop\Timer\Timers->tick()
#15 /var/www/vendor/cboden/ratchet/src/Ratchet/Server/IoServer.php(74): React\EventLoop\StreamSelectLoop->run()
#16 /var/www/vendor/beyondcode/laravel-websockets/src/Console/StartWebSocketServer.php(155): Ratchet\Server\IoServer->run()
#17 /var/www/vendor/beyondcode/laravel-websockets/src/Console/StartWebSocketServer.php(52): BeyondCode\LaravelWebSockets\Console\StartWebSocketServer->startWebSocketServer()
#18 /var/www/vendor/laravel/framework/src/Illuminate/Container/BoundMethod.php(36): BeyondCode\LaravelWebSockets\Console\StartWebSocketServer->handle()
#19 /var/www/vendor/laravel/framework/src/Illuminate/Container/Util.php(40): Illuminate\Container\BoundMethod::Illuminate\Container\{closure}()
#20 /var/www/vendor/laravel/framework/src/Illuminate/Container/BoundMethod.php(93): Illuminate\Container\Util::unwrapIfClosure(Object(Closure))
#21 /var/www/vendor/laravel/framework/src/Illuminate/Container/BoundMethod.php(35): Illuminate\Container\BoundMethod::callBoundMethod(Object(Illuminate\Foundation\Application), Array, Object(Closure))
#22 /var/www/vendor/laravel/framework/src/Illuminate/Container/Container.php(653): Illuminate\Container\BoundMethod::call(Object(Illuminate\Foundation\Application), Array, Array, NULL)
#23 /var/www/vendor/laravel/framework/src/Illuminate/Console/Command.php(136): Illuminate\Container\Container->call(Array)
#24 /var/www/vendor/symfony/console/Command/Command.php(298): Illuminate\Console\Command->execute(Object(Symfony\Component\Console\Input\ArgvInput), Object(Illuminate\Console\OutputStyle))
#25 /var/www/vendor/laravel/framework/src/Illuminate/Console/Command.php(120): Symfony\Component\Console\Command\Command->run(Object(Symfony\Component\Console\Input\ArgvInput), Object(Illuminate\Console\OutputStyle))
#26 /var/www/vendor/symfony/console/Application.php(1040): Illuminate\Console\Command->run(Object(Symfony\Component\Console\Input\ArgvInput), Object(Symfony\Component\Console\Output\ConsoleOutput))
#27 /var/www/vendor/symfony/console/Application.php(301): Symfony\Component\Console\Application->doRunCommand(Object(BeyondCode\LaravelWebSockets\Console\StartWebSocketServer), Object(Symfony\Component\Console\Input\ArgvInput), Object(Symfony\Component\Console\Output\ConsoleOutput))
#28 /var/www/vendor/symfony/console/Application.php(171): Symfony\Component\Console\Application->doRun(Object(Symfony\Component\Console\Input\ArgvInput), Object(Symfony\Component\Console\Output\ConsoleOutput))
#29 /var/www/vendor/laravel/framework/src/Illuminate/Console/Application.php(94): Symfony\Component\Console\Application->run(Object(Symfony\Component\Console\Input\ArgvInput), Object(Symfony\Component\Console\Output\ConsoleOutput))
#30 /var/www/vendor/laravel/framework/src/Illuminate/Foundation/Console/Kernel.php(129): Illuminate\Console\Application->run(Object(Symfony\Component\Console\Input\ArgvInput), Object(Symfony\Component\Console\Output\ConsoleOutput))
#31 /var/www/artisan(35): Illuminate\Foundation\Console\Kernel->handle(Object(Symfony\Component\Console\Input\ArgvInput), Object(Symfony\Component\Console\Output\ConsoleOutput))
#32 {main}
simrs: connection id 425334999.271483855 received message: {"event":"pusher:ping","data":{}}.
Connection id 425334999.271483855 sending message {"event":"pusher:pong"}
simrs: connection id 534179264.423503894 received message: {"event":"pusher:ping","data":{}}.
Connection id 534179264.423503894 sending message {"event":"pusher:pong"}
simrs: connection id 425334999.271483855 received message: {"event":"pusher:ping","data":{}}.
Connection id 425334999.271483855 sending message {"event":"pusher:pong"}
simrs: connection id 534179264.423503894 received message: {"event":"pusher:ping","data":{}}.
Connection id 534179264.423503894 sending message {"event":"pusher:pong"}
Unhandled promise rejection with TypeError: React\Http\Io\ClientRequestStream::closeError(): Argument #1 ($error) must be of type Exception, Error given, called in /var/www/vendor/react/promise/src/Internal/RejectedPromise.php on line 73 and defined in /var/www/vendor/react/http/src/Io/ClientRequestStream.php:254
Stack trace:
#0 /var/www/vendor/react/promise/src/Internal/RejectedPromise.php(73): React\Http\Io\ClientRequestStream->closeError(Object(Error))
#1 /var/www/vendor/react/promise/src/Promise.php(47): React\Promise\Internal\RejectedPromise->then(Object(Closure), Array)
#2 /var/www/vendor/react/http/src/Io/ClientRequestStream.php(84): React\Promise\Promise->then(Object(Closure), Array)
#3 /var/www/vendor/react/http/src/Io/ClientRequestStream.php(131): React\Http\Io\ClientRequestStream->writeHead()
#4 /var/www/vendor/react/http/src/Io/ClientRequestStream.php(144): React\Http\Io\ClientRequestStream->write('{"app_id":"simr...')
#5 /var/www/vendor/react/http/src/Io/Sender.php(147): React\Http\Io\ClientRequestStream->end('{"app_id":"simr...')
#6 /var/www/vendor/react/http/src/Io/Transaction.php(146): React\Http\Io\Sender->send(Object(React\Http\Message\Request))
#7 /var/www/vendor/react/http/src/Io/Transaction.php(83): React\Http\Io\Transaction->next(Object(React\Http\Message\Request), Object(React\Promise\Deferred), Object(React\Http\Io\ClientRequestState))
#8 /var/www/vendor/react/http/src/Browser.php(854): React\Http\Io\Transaction->send(Object(React\Http\Message\Request))
#9 /var/www/vendor/react/http/src/Browser.php(177): React\Http\Browser->requestMayBeStreaming('POST', 'http://localhos...', Array, Object(GuzzleHttp\Psr7\Stream))
#10 /var/www/vendor/beyondcode/laravel-websockets/src/Statistics/Logger/HttpStatisticsLogger.php(81): React\Http\Browser->post('http://localhos...', Array, Object(GuzzleHttp\Psr7\Stream))
#11 /var/www/vendor/laravel/framework/src/Illuminate/Support/Facades/Facade.php(261): BeyondCode\LaravelWebSockets\Statistics\Logger\HttpStatisticsLogger->save()
#12 /var/www/vendor/beyondcode/laravel-websockets/src/Console/StartWebSocketServer.php(75): Illuminate\Support\Facades\Facade::__callStatic('save', Array)
#13 /var/www/vendor/react/event-loop/src/Timer/Timers.php(102): BeyondCode\LaravelWebSockets\Console\StartWebSocketServer->BeyondCode\LaravelWebSockets\Console\{closure}(Object(React\EventLoop\Timer\Timer))
#14 /var/www/vendor/react/event-loop/src/StreamSelectLoop.php(185): React\EventLoop\Timer\Timers->tick()
#15 /var/www/vendor/cboden/ratchet/src/Ratchet/Server/IoServer.php(74): React\EventLoop\StreamSelectLoop->run()
#16 /var/www/vendor/beyondcode/laravel-websockets/src/Console/StartWebSocketServer.php(155): Ratchet\Server\IoServer->run()
#17 /var/www/vendor/beyondcode/laravel-websockets/src/Console/StartWebSocketServer.php(52): BeyondCode\LaravelWebSockets\Console\StartWebSocketServer->startWebSocketServer()
#18 /var/www/vendor/laravel/framework/src/Illuminate/Container/BoundMethod.php(36): BeyondCode\LaravelWebSockets\Console\StartWebSocketServer->handle()
#19 /var/www/vendor/laravel/framework/src/Illuminate/Container/Util.php(40): Illuminate\Container\BoundMethod::Illuminate\Container\{closure}()
#20 /var/www/vendor/laravel/framework/src/Illuminate/Container/BoundMethod.php(93): Illuminate\Container\Util::unwrapIfClosure(Object(Closure))
#21 /var/www/vendor/laravel/framework/src/Illuminate/Container/BoundMethod.php(35): Illuminate\Container\BoundMethod::callBoundMethod(Object(Illuminate\Foundation\Application), Array, Object(Closure))
#22 /var/www/vendor/laravel/framework/src/Illuminate/Container/Container.php(653): Illuminate\Container\BoundMethod::call(Object(Illuminate\Foundation\Application), Array, Array, NULL)
#23 /var/www/vendor/laravel/framework/src/Illuminate/Console/Command.php(136): Illuminate\Container\Container->call(Array)
#24 /var/www/vendor/symfony/console/Command/Command.php(298): Illuminate\Console\Command->execute(Object(Symfony\Component\Console\Input\ArgvInput), Object(Illuminate\Console\OutputStyle))
#25 /var/www/vendor/laravel/framework/src/Illuminate/Console/Command.php(120): Symfony\Component\Console\Command\Command->run(Object(Symfony\Component\Console\Input\ArgvInput), Object(Illuminate\Console\OutputStyle))
#26 /var/www/vendor/symfony/console/Application.php(1040): Illuminate\Console\Command->run(Object(Symfony\Component\Console\Input\ArgvInput), Object(Symfony\Component\Console\Output\ConsoleOutput))
#27 /var/www/vendor/symfony/console/Application.php(301): Symfony\Component\Console\Application->doRunCommand(Object(BeyondCode\LaravelWebSockets\Console\StartWebSocketServer), Object(Symfony\Component\Console\Input\ArgvInput), Object(Symfony\Component\Console\Output\ConsoleOutput))
#28 /var/www/vendor/symfony/console/Application.php(171): Symfony\Component\Console\Application->doRun(Object(Symfony\Component\Console\Input\ArgvInput), Object(Symfony\Component\Console\Output\ConsoleOutput))
#29 /var/www/vendor/laravel/framework/src/Illuminate/Console/Application.php(94): Symfony\Component\Console\Application->run(Object(Symfony\Component\Console\Input\ArgvInput), Object(Symfony\Component\Console\Output\ConsoleOutput))
#30 /var/www/vendor/laravel/framework/src/Illuminate/Foundation/Console/Kernel.php(129): Illuminate\Console\Application->run(Object(Symfony\Component\Console\Input\ArgvInput), Object(Symfony\Component\Console\Output\ConsoleOutput))
#31 /var/www/artisan(35): Illuminate\Foundation\Console\Kernel->handle(Object(Symfony\Component\Console\Input\ArgvInput), Object(Symfony\Component\Console\Output\ConsoleOutput))
#32 {main}
simrs: connection id 425334999.271483855 received message: {"event":"pusher:ping","data":{}}.
Connection id 425334999.271483855 sending message {"event":"pusher:pong"}
simrs: connection id 534179264.423503894 received message: {"event":"pusher:ping","data":{}}.
Connection id 534179264.423503894 sending message {"event":"pusher:pong"}
simrs: connection id 425334999.271483855 received message: {"event":"pusher:ping","data":{}}.
Connection id 425334999.271483855 sending message {"event":"pusher:pong"}
simrs: connection id 534179264.423503894 received message: {"event":"pusher:ping","data":{}}.
Connection id 534179264.423503894 sending message {"event":"pusher:pong"}
Unhandled promise rejection with TypeError: React\Http\Io\ClientRequestStream::closeError(): Argument #1 ($error) must be of type Exception, Error given, called in /var/www/vendor/react/promise/src/Internal/RejectedPromise.php on line 73 and defined in /var/www/vendor/react/http/src/Io/ClientRequestStream.php:254
Stack trace:
#0 /var/www/vendor/react/promise/src/Internal/RejectedPromise.php(73): React\Http\Io\ClientRequestStream->closeError(Object(Error))
#1 /var/www/vendor/react/promise/src/Promise.php(47): React\Promise\Internal\RejectedPromise->then(Object(Closure), Array)
#2 /var/www/vendor/react/http/src/Io/ClientRequestStream.php(84): React\Promise\Promise->then(Object(Closure), Array)
#3 /var/www/vendor/react/http/src/Io/ClientRequestStream.php(131): React\Http\Io\ClientRequestStream->writeHead()
#4 /var/www/vendor/react/http/src/Io/ClientRequestStream.php(144): React\Http\Io\ClientRequestStream->write('{"app_id":"simr...')
#5 /var/www/vendor/react/http/src/Io/Sender.php(147): React\Http\Io\ClientRequestStream->end('{"app_id":"simr...')
#6 /var/www/vendor/react/http/src/Io/Transaction.php(146): React\Http\Io\Sender->send(Object(React\Http\Message\Request))
#7 /var/www/vendor/react/http/src/Io/Transaction.php(83): React\Http\Io\Transaction->next(Object(React\Http\Message\Request), Object(React\Promise\Deferred), Object(React\Http\Io\ClientRequestState))
#8 /var/www/vendor/react/http/src/Browser.php(854): React\Http\Io\Transaction->send(Object(React\Http\Message\Request))
#9 /var/www/vendor/react/http/src/Browser.php(177): React\Http\Browser->requestMayBeStreaming('POST', 'http://localhos...', Array, Object(GuzzleHttp\Psr7\Stream))
#10 /var/www/vendor/beyondcode/laravel-websockets/src/Statistics/Logger/HttpStatisticsLogger.php(81): React\Http\Browser->post('http://localhos...', Array, Object(GuzzleHttp\Psr7\Stream))
#11 /var/www/vendor/laravel/framework/src/Illuminate/Support/Facades/Facade.php(261): BeyondCode\LaravelWebSockets\Statistics\Logger\HttpStatisticsLogger->save()
#12 /var/www/vendor/beyondcode/laravel-websockets/src/Console/StartWebSocketServer.php(75): Illuminate\Support\Facades\Facade::__callStatic('save', Array)
#13 /var/www/vendor/react/event-loop/src/Timer/Timers.php(102): BeyondCode\LaravelWebSockets\Console\StartWebSocketServer->BeyondCode\LaravelWebSockets\Console\{closure}(Object(React\EventLoop\Timer\Timer))
#14 /var/www/vendor/react/event-loop/src/StreamSelectLoop.php(185): React\EventLoop\Timer\Timers->tick()
#15 /var/www/vendor/cboden/ratchet/src/Ratchet/Server/IoServer.php(74): React\EventLoop\StreamSelectLoop->run()
#16 /var/www/vendor/beyondcode/laravel-websockets/src/Console/StartWebSocketServer.php(155): Ratchet\Server\IoServer->run()
#17 /var/www/vendor/beyondcode/laravel-websockets/src/Console/StartWebSocketServer.php(52): BeyondCode\LaravelWebSockets\Console\StartWebSocketServer->startWebSocketServer()
#18 /var/www/vendor/laravel/framework/src/Illuminate/Container/BoundMethod.php(36): BeyondCode\LaravelWebSockets\Console\StartWebSocketServer->handle()
#19 /var/www/vendor/laravel/framework/src/Illuminate/Container/Util.php(40): Illuminate\Container\BoundMethod::Illuminate\Container\{closure}()
#20 /var/www/vendor/laravel/framework/src/Illuminate/Container/BoundMethod.php(93): Illuminate\Container\Util::unwrapIfClosure(Object(Closure))
#21 /var/www/vendor/laravel/framework/src/Illuminate/Container/BoundMethod.php(35): Illuminate\Container\BoundMethod::callBoundMethod(Object(Illuminate\Foundation\Application), Array, Object(Closure))
#22 /var/www/vendor/laravel/framework/src/Illuminate/Container/Container.php(653): Illuminate\Container\BoundMethod::call(Object(Illuminate\Foundation\Application), Array, Array, NULL)
#23 /var/www/vendor/laravel/framework/src/Illuminate/Console/Command.php(136): Illuminate\Container\Container->call(Array)
#24 /var/www/vendor/symfony/console/Command/Command.php(298): Illuminate\Console\Command->execute(Object(Symfony\Component\Console\Input\ArgvInput), Object(Illuminate\Console\OutputStyle))
#25 /var/www/vendor/laravel/framework/src/Illuminate/Console/Command.php(120): Symfony\Component\Console\Command\Command->run(Object(Symfony\Component\Console\Input\ArgvInput), Object(Illuminate\Console\OutputStyle))
#26 /var/www/vendor/symfony/console/Application.php(1040): Illuminate\Console\Command->run(Object(Symfony\Component\Console\Input\ArgvInput), Object(Symfony\Component\Console\Output\ConsoleOutput))
#27 /var/www/vendor/symfony/console/Application.php(301): Symfony\Component\Console\Application->doRunCommand(Object(BeyondCode\LaravelWebSockets\Console\StartWebSocketServer), Object(Symfony\Component\Console\Input\ArgvInput), Object(Symfony\Component\Console\Output\ConsoleOutput))
#28 /var/www/vendor/symfony/console/Application.php(171): Symfony\Component\Console\Application->doRun(Object(Symfony\Component\Console\Input\ArgvInput), Object(Symfony\Component\Console\Output\ConsoleOutput))
#29 /var/www/vendor/laravel/framework/src/Illuminate/Console/Application.php(94): Symfony\Component\Console\Application->run(Object(Symfony\Component\Console\Input\ArgvInput), Object(Symfony\Component\Console\Output\ConsoleOutput))
#30 /var/www/vendor/laravel/framework/src/Illuminate/Foundation/Console/Kernel.php(129): Illuminate\Console\Application->run(Object(Symfony\Component\Console\Input\ArgvInput), Object(Symfony\Component\Console\Output\ConsoleOutput))
#31 /var/www/artisan(35): Illuminate\Foundation\Console\Kernel->handle(Object(Symfony\Component\Console\Input\ArgvInput), Object(Symfony\Component\Console\Output\ConsoleOutput))
#32 {main}
simrs: connection id 425334999.271483855 received message: {"event":"pusher:ping","data":{}}.
Connection id 425334999.271483855 sending message {"event":"pusher:pong"}
simrs: connection id 534179264.423503894 received message: {"event":"pusher:ping","data":{}}.
Connection id 534179264.423503894 sending message {"event":"pusher:pong"}
Connection id 425334999.271483855 closed.
Connection id 534179264.423503894 closed.
New connection opened for app key simrs_key_harry141312.
Connection id 166674323.181239989 sending message {"event":"pusher:connection_established","data":"{\"socket_id\":\"166674323.181239989\",\"activity_timeout\":30}"}
simrs: connection id 166674323.181239989 received message: {"event":"pusher:subscribe","data":{"auth":"","channel":"public.playground.1"}}.
Connection id 166674323.181239989 sending message {"event":"pusher_internal:subscription_succeeded","channel":"public.playground.1"}
New connection opened for app key simrs_key_harry141312.
Connection id 761062878.864931334 sending message {"event":"pusher:connection_established","data":"{\"socket_id\":\"761062878.864931334\",\"activity_timeout\":30}"}
simrs: connection id 761062878.864931334 received message: {"event":"pusher:subscribe","data":{"auth":"","channel":"public.playground.1"}}.
Connection id 761062878.864931334 sending message {"event":"pusher_internal:subscription_succeeded","channel":"public.playground.1"}
simrs: connection id 761062878.864931334 received message: {"event":"pusher:subscribe","data":{"auth":"simrs_key_harry141312:fb00637b2725d5432fee3e3d9745442593e062115004f42412f8a9dcf0736aed","channel":"private-private.notif.permintaan-laborat"}}.
Connection id 761062878.864931334 sending message {"event":"pusher_internal:subscription_succeeded","channel":"private-private.notif.permintaan-laborat"}
Unhandled promise rejection with TypeError: React\Http\Io\ClientRequestStream::closeError(): Argument #1 ($error) must be of type Exception, Error given, called in /var/www/vendor/react/promise/src/Internal/RejectedPromise.php on line 73 and defined in /var/www/vendor/react/http/src/Io/ClientRequestStream.php:254
Stack trace:
#0 /var/www/vendor/react/promise/src/Internal/RejectedPromise.php(73): React\Http\Io\ClientRequestStream->closeError(Object(Error))
#1 /var/www/vendor/react/promise/src/Promise.php(47): React\Promise\Internal\RejectedPromise->then(Object(Closure), Array)
#2 /var/www/vendor/react/http/src/Io/ClientRequestStream.php(84): React\Promise\Promise->then(Object(Closure), Array)
#3 /var/www/vendor/react/http/src/Io/ClientRequestStream.php(131): React\Http\Io\ClientRequestStream->writeHead()
#4 /var/www/vendor/react/http/src/Io/ClientRequestStream.php(144): React\Http\Io\ClientRequestStream->write('{"app_id":"simr...')
#5 /var/www/vendor/react/http/src/Io/Sender.php(147): React\Http\Io\ClientRequestStream->end('{"app_id":"simr...')
#6 /var/www/vendor/react/http/src/Io/Transaction.php(146): React\Http\Io\Sender->send(Object(React\Http\Message\Request))
#7 /var/www/vendor/react/http/src/Io/Transaction.php(83): React\Http\Io\Transaction->next(Object(React\Http\Message\Request), Object(React\Promise\Deferred), Object(React\Http\Io\ClientRequestState))
#8 /var/www/vendor/react/http/src/Browser.php(854): React\Http\Io\Transaction->send(Object(React\Http\Message\Request))
#9 /var/www/vendor/react/http/src/Browser.php(177): React\Http\Browser->requestMayBeStreaming('POST', 'http://localhos...', Array, Object(GuzzleHttp\Psr7\Stream))
#10 /var/www/vendor/beyondcode/laravel-websockets/src/Statistics/Logger/HttpStatisticsLogger.php(81): React\Http\Browser->post('http://localhos...', Array, Object(GuzzleHttp\Psr7\Stream))
#11 /var/www/vendor/laravel/framework/src/Illuminate/Support/Facades/Facade.php(261): BeyondCode\LaravelWebSockets\Statistics\Logger\HttpStatisticsLogger->save()
#12 /var/www/vendor/beyondcode/laravel-websockets/src/Console/StartWebSocketServer.php(75): Illuminate\Support\Facades\Facade::__callStatic('save', Array)
#13 /var/www/vendor/react/event-loop/src/Timer/Timers.php(102): BeyondCode\LaravelWebSockets\Console\StartWebSocketServer->BeyondCode\LaravelWebSockets\Console\{closure}(Object(React\EventLoop\Timer\Timer))
#14 /var/www/vendor/react/event-loop/src/StreamSelectLoop.php(185): React\EventLoop\Timer\Timers->tick()
#15 /var/www/vendor/cboden/ratchet/src/Ratchet/Server/IoServer.php(74): React\EventLoop\StreamSelectLoop->run()
#16 /var/www/vendor/beyondcode/laravel-websockets/src/Console/StartWebSocketServer.php(155): Ratchet\Server\IoServer->run()
#17 /var/www/vendor/beyondcode/laravel-websockets/src/Console/StartWebSocketServer.php(52): BeyondCode\LaravelWebSockets\Console\StartWebSocketServer->startWebSocketServer()
#18 /var/www/vendor/laravel/framework/src/Illuminate/Container/BoundMethod.php(36): BeyondCode\LaravelWebSockets\Console\StartWebSocketServer->handle()
#19 /var/www/vendor/laravel/framework/src/Illuminate/Container/Util.php(40): Illuminate\Container\BoundMethod::Illuminate\Container\{closure}()
#20 /var/www/vendor/laravel/framework/src/Illuminate/Container/BoundMethod.php(93): Illuminate\Container\Util::unwrapIfClosure(Object(Closure))
#21 /var/www/vendor/laravel/framework/src/Illuminate/Container/BoundMethod.php(35): Illuminate\Container\BoundMethod::callBoundMethod(Object(Illuminate\Foundation\Application), Array, Object(Closure))
#22 /var/www/vendor/laravel/framework/src/Illuminate/Container/Container.php(653): Illuminate\Container\BoundMethod::call(Object(Illuminate\Foundation\Application), Array, Array, NULL)
#23 /var/www/vendor/laravel/framework/src/Illuminate/Console/Command.php(136): Illuminate\Container\Container->call(Array)
#24 /var/www/vendor/symfony/console/Command/Command.php(298): Illuminate\Console\Command->execute(Object(Symfony\Component\Console\Input\ArgvInput), Object(Illuminate\Console\OutputStyle))
#25 /var/www/vendor/laravel/framework/src/Illuminate/Console/Command.php(120): Symfony\Component\Console\Command\Command->run(Object(Symfony\Component\Console\Input\ArgvInput), Object(Illuminate\Console\OutputStyle))
#26 /var/www/vendor/symfony/console/Application.php(1040): Illuminate\Console\Command->run(Object(Symfony\Component\Console\Input\ArgvInput), Object(Symfony\Component\Console\Output\ConsoleOutput))
#27 /var/www/vendor/symfony/console/Application.php(301): Symfony\Component\Console\Application->doRunCommand(Object(BeyondCode\LaravelWebSockets\Console\StartWebSocketServer), Object(Symfony\Component\Console\Input\ArgvInput), Object(Symfony\Component\Console\Output\ConsoleOutput))
#28 /var/www/vendor/symfony/console/Application.php(171): Symfony\Component\Console\Application->doRun(Object(Symfony\Component\Console\Input\ArgvInput), Object(Symfony\Component\Console\Output\ConsoleOutput))
#29 /var/www/vendor/laravel/framework/src/Illuminate/Console/Application.php(94): Symfony\Component\Console\Application->run(Object(Symfony\Component\Console\Input\ArgvInput), Object(Symfony\Component\Console\Output\ConsoleOutput))
#30 /var/www/vendor/laravel/framework/src/Illuminate/Foundation/Console/Kernel.php(129): Illuminate\Console\Application->run(Object(Symfony\Component\Console\Input\ArgvInput), Object(Symfony\Component\Console\Output\ConsoleOutput))
#31 /var/www/artisan(35): Illuminate\Foundation\Console\Kernel->handle(Object(Symfony\Component\Console\Input\ArgvInput), Object(Symfony\Component\Console\Output\ConsoleOutput))
#32 {main}
simrs: connection id 166674323.181239989 received message: {"event":"pusher:ping","data":{}}.
Connection id 166674323.181239989 sending message {"event":"pusher:pong"}
simrs: connection id 761062878.864931334 received message: {"event":"pusher:ping","data":{}}.
Connection id 761062878.864931334 sending message {"event":"pusher:pong"}
Starting the WebSocket server on port 6003...
New connection opened for app key simrs_key_harry141312.
Connection id 474287458.619879443 sending message {"event":"pusher:connection_established","data":"{\"socket_id\":\"474287458.619879443\",\"activity_timeout\":30}"}
simrs: connection id 474287458.619879443 received message: {"event":"pusher:subscribe","data":{"auth":"","channel":"public.playground.1"}}.
Connection id 474287458.619879443 sending message {"event":"pusher_internal:subscription_succeeded","channel":"public.playground.1"}
New connection opened for app key simrs_key_harry141312.
Connection id 852393198.156430139 sending message {"event":"pusher:connection_established","data":"{\"socket_id\":\"852393198.156430139\",\"activity_timeout\":30}"}
simrs: connection id 852393198.156430139 received message: {"event":"pusher:subscribe","data":{"auth":"","channel":"public.playground.1"}}.
Connection id 852393198.156430139 sending message {"event":"pusher_internal:subscription_succeeded","channel":"public.playground.1"}
simrs: connection id 852393198.156430139 received message: {"event":"pusher:subscribe","data":{"auth":"simrs_key_harry141312:957117b8fc0fbec451327606199fd3a36ad414cce7c9ebd8b144d4687d2f50b1","channel":"private-private.notif.permintaan-laborat"}}.
Connection id 852393198.156430139 sending message {"event":"pusher_internal:subscription_succeeded","channel":"private-private.notif.permintaan-laborat"}
simrs: connection id 474287458.619879443 received message: {"event":"pusher:ping","data":{}}.
Connection id 474287458.619879443 sending message {"event":"pusher:pong"}
simrs: connection id 852393198.156430139 received message: {"event":"pusher:ping","data":{}}.
Connection id 852393198.156430139 sending message {"event":"pusher:pong"}
Connection id 474287458.619879443 closed.
Connection id 852393198.156430139 closed.
New connection opened for app key simrs_key_harry141312.
Connection id 961601101.212163669 sending message {"event":"pusher:connection_established","data":"{\"socket_id\":\"961601101.212163669\",\"activity_timeout\":30}"}
simrs: connection id 961601101.212163669 received message: {"event":"pusher:subscribe","data":{"auth":"","channel":"public.playground.1"}}.
Connection id 961601101.212163669 sending message {"event":"pusher_internal:subscription_succeeded","channel":"public.playground.1"}
New connection opened for app key simrs_key_harry141312.
Connection id 842941104.867783936 sending message {"event":"pusher:connection_established","data":"{\"socket_id\":\"842941104.867783936\",\"activity_timeout\":30}"}
simrs: connection id 842941104.867783936 received message: {"event":"pusher:subscribe","data":{"auth":"","channel":"public.playground.1"}}.
Connection id 842941104.867783936 sending message {"event":"pusher_internal:subscription_succeeded","channel":"public.playground.1"}
simrs: connection id 842941104.867783936 received message: {"event":"pusher:subscribe","data":{"auth":"simrs_key_harry141312:1c57350740d572db2bce14cff54f8a368a8adbf2d2fb9f5ee36db00cc995c0e7","channel":"private-private.notif.permintaan-laborat"}}.
Connection id 842941104.867783936 sending message {"event":"pusher_internal:subscription_succeeded","channel":"private-private.notif.permintaan-laborat"}
Unhandled promise rejection with TypeError: React\Http\Io\ClientRequestStream::closeError(): Argument #1 ($error) must be of type Exception, Error given, called in /var/www/vendor/react/promise/src/Internal/RejectedPromise.php on line 73 and defined in /var/www/vendor/react/http/src/Io/ClientRequestStream.php:254
Stack trace:
#0 /var/www/vendor/react/promise/src/Internal/RejectedPromise.php(73): React\Http\Io\ClientRequestStream->closeError(Object(Error))
#1 /var/www/vendor/react/promise/src/Promise.php(47): React\Promise\Internal\RejectedPromise->then(Object(Closure), Array)
#2 /var/www/vendor/react/http/src/Io/ClientRequestStream.php(84): React\Promise\Promise->then(Object(Closure), Array)
#3 /var/www/vendor/react/http/src/Io/ClientRequestStream.php(131): React\Http\Io\ClientRequestStream->writeHead()
#4 /var/www/vendor/react/http/src/Io/ClientRequestStream.php(144): React\Http\Io\ClientRequestStream->write('{"app_id":"simr...')
#5 /var/www/vendor/react/http/src/Io/Sender.php(147): React\Http\Io\ClientRequestStream->end('{"app_id":"simr...')
#6 /var/www/vendor/react/http/src/Io/Transaction.php(146): React\Http\Io\Sender->send(Object(React\Http\Message\Request))
#7 /var/www/vendor/react/http/src/Io/Transaction.php(83): React\Http\Io\Transaction->next(Object(React\Http\Message\Request), Object(React\Promise\Deferred), Object(React\Http\Io\ClientRequestState))
#8 /var/www/vendor/react/http/src/Browser.php(854): React\Http\Io\Transaction->send(Object(React\Http\Message\Request))
#9 /var/www/vendor/react/http/src/Browser.php(177): React\Http\Browser->requestMayBeStreaming('POST', 'http://localhos...', Array, Object(GuzzleHttp\Psr7\Stream))
#10 /var/www/vendor/beyondcode/laravel-websockets/src/Statistics/Logger/HttpStatisticsLogger.php(81): React\Http\Browser->post('http://localhos...', Array, Object(GuzzleHttp\Psr7\Stream))
#11 /var/www/vendor/laravel/framework/src/Illuminate/Support/Facades/Facade.php(355): BeyondCode\LaravelWebSockets\Statistics\Logger\HttpStatisticsLogger->save()
#12 /var/www/vendor/beyondcode/laravel-websockets/src/Console/StartWebSocketServer.php(75): Illuminate\Support\Facades\Facade::__callStatic('save', Array)
#13 /var/www/vendor/react/event-loop/src/Timer/Timers.php(102): BeyondCode\LaravelWebSockets\Console\StartWebSocketServer->BeyondCode\LaravelWebSockets\Console\{closure}(Object(React\EventLoop\Timer\Timer))
#14 /var/www/vendor/react/event-loop/src/StreamSelectLoop.php(185): React\EventLoop\Timer\Timers->tick()
#15 /var/www/vendor/cboden/ratchet/src/Ratchet/Server/IoServer.php(74): React\EventLoop\StreamSelectLoop->run()
#16 /var/www/vendor/beyondcode/laravel-websockets/src/Console/StartWebSocketServer.php(155): Ratchet\Server\IoServer->run()
#17 /var/www/vendor/beyondcode/laravel-websockets/src/Console/StartWebSocketServer.php(52): BeyondCode\LaravelWebSockets\Console\StartWebSocketServer->startWebSocketServer()
#18 /var/www/vendor/laravel/framework/src/Illuminate/Container/BoundMethod.php(36): BeyondCode\LaravelWebSockets\Console\StartWebSocketServer->handle()
#19 /var/www/vendor/laravel/framework/src/Illuminate/Container/Util.php(41): Illuminate\Container\BoundMethod::Illuminate\Container\{closure}()
#20 /var/www/vendor/laravel/framework/src/Illuminate/Container/BoundMethod.php(93): Illuminate\Container\Util::unwrapIfClosure(Object(Closure))
#21 /var/www/vendor/laravel/framework/src/Illuminate/Container/BoundMethod.php(35): Illuminate\Container\BoundMethod::callBoundMethod(Object(Illuminate\Foundation\Application), Array, Object(Closure))
#22 /var/www/vendor/laravel/framework/src/Illuminate/Container/Container.php(662): Illuminate\Container\BoundMethod::call(Object(Illuminate\Foundation\Application), Array, Array, NULL)
#23 /var/www/vendor/laravel/framework/src/Illuminate/Console/Command.php(211): Illuminate\Container\Container->call(Array)
#24 /var/www/vendor/symfony/console/Command/Command.php(326): Illuminate\Console\Command->execute(Object(Symfony\Component\Console\Input\ArgvInput), Object(Illuminate\Console\OutputStyle))
#25 /var/www/vendor/laravel/framework/src/Illuminate/Console/Command.php(180): Symfony\Component\Console\Command\Command->run(Object(Symfony\Component\Console\Input\ArgvInput), Object(Illuminate\Console\OutputStyle))
#26 /var/www/vendor/symfony/console/Application.php(1096): Illuminate\Console\Command->run(Object(Symfony\Component\Console\Input\ArgvInput), Object(Symfony\Component\Console\Output\ConsoleOutput))
#27 /var/www/vendor/symfony/console/Application.php(324): Symfony\Component\Console\Application->doRunCommand(Object(BeyondCode\LaravelWebSockets\Console\StartWebSocketServer), Object(Symfony\Component\Console\Input\ArgvInput), Object(Symfony\Component\Console\Output\ConsoleOutput))
#28 /var/www/vendor/symfony/console/Application.php(175): Symfony\Component\Console\Application->doRun(Object(Symfony\Component\Console\Input\ArgvInput), Object(Symfony\Component\Console\Output\ConsoleOutput))
#29 /var/www/vendor/laravel/framework/src/Illuminate/Foundation/Console/Kernel.php(201): Symfony\Component\Console\Application->run(Object(Symfony\Component\Console\Input\ArgvInput), Object(Symfony\Component\Console\Output\ConsoleOutput))
#30 /var/www/artisan(35): Illuminate\Foundation\Console\Kernel->handle(Object(Symfony\Component\Console\Input\ArgvInput), Object(Symfony\Component\Console\Output\ConsoleOutput))
#31 {main}
simrs: connection id 961601101.212163669 received message: {"event":"pusher:ping","data":{}}.
Connection id 961601101.212163669 sending message {"event":"pusher:pong"}
simrs: connection id 842941104.867783936 received message: {"event":"pusher:ping","data":{}}.
Connection id 842941104.867783936 sending message {"event":"pusher:pong"}
